Gene Symbol,Description,Category,Uniprot ID,Gifts,GC Id,Relevance score, GeneCards Link
"BRCA2","BRCA2 DNA Repair Associated","Protein Coding","P51587","60","GC13P032315","675.066833496094","https://www.genecards.org/cgi-bin/carddisp.pl?gene=BRCA2"
"BRCA1","BRCA1 DNA Repair Associated","Protein Coding","P38398","63","GC17M043044","628.09619140625","https://www.genecards.org/cgi-bin/carddisp.pl?gene=BRCA1"
"ATM","ATM Serine/Threonine Kinase","Protein Coding","Q13315","66","GC11P108222","543.930053710938","https://www.genecards.org/cgi-bin/carddisp.pl?gene=ATM"
"PALB2","Partner And Localizer Of BRCA2","Protein Coding","Q86YC2","57","GC16M023603","484.809265136719","https://www.genecards.org/cgi-bin/carddisp.pl?gene=PALB2"
"BRIP1","BRCA1 Interacting DNA Helicase 1","Protein Coding","Q9BX63","61","GC17M061679","440.251251220703","https://www.genecards.org/cgi-bin/carddisp.pl?gene=BRIP1"
"CHEK2","Checkpoint Kinase 2","Protein Coding","O96017","67","GC22M028687","437.719177246094","https://www.genecards.org/cgi-bin/carddisp.pl?gene=CHEK2"
"BARD1","BRCA1 Associated RING Domain 1","Protein Coding","Q99728","59","GC02M214725","393.206329345703","https://www.genecards.org/cgi-bin/carddisp.pl?gene=BARD1"
"CDH1","Cadherin 1","Protein Coding","P12830","61","GC16P068737","335.769622802734","https://www.genecards.org/cgi-bin/carddisp.pl?gene=CDH1"
"C11orf65","Chromosome 11 Open Reading Frame 65","Protein Coding","Q8NCR3","44","GC11M108308","334.065582275391","https://www.genecards.org/cgi-bin/carddisp.pl?gene=C11orf65"
"TP53","Tumor Protein P53","Protein Coding","P04637","66","GC17M007661","315.464782714844","https://www.genecards.org/cgi-bin/carddisp.pl?gene=TP53"
"MSH6","MutS Homolog 6","Protein Coding","P52701","61","GC02P047695","263.675720214844","https://www.genecards.org/cgi-bin/carddisp.pl?gene=MSH6"
"MSH2","MutS Homolog 2","Protein Coding","P43246","61","GC02P047403","262.354675292969","https://www.genecards.org/cgi-bin/carddisp.pl?gene=MSH2"
"ERBB2","Erb-B2 Receptor Tyrosine Kinase 2","Protein Coding","P04626","68","GC17P039687","261.778381347656","https://www.genecards.org/cgi-bin/carddisp.pl?gene=ERBB2"
"MLH1","MutL Homolog 1","Protein Coding","P40692","61","GC03P036993","255.831802368164","https://www.genecards.org/cgi-bin/carddisp.pl?gene=MLH1"
"EGFR","Epidermal Growth Factor Receptor","Protein Coding","P00533","67","GC07P055019","243.240203857422","https://www.genecards.org/cgi-bin/carddisp.pl?gene=EGFR"
"PTEN","Phosphatase And Tensin Homolog","Protein Coding","P60484","65","GC10P134441","230.543106079102","https://www.genecards.org/cgi-bin/carddisp.pl?gene=PTEN"
"LOC126862571","BRD4-Independent Group 4 Enhancer GRCh37_chr17:41243136-41244335","Functional Element","","10","GC17P177858","229.1005859375","https://www.genecards.org/cgi-bin/carddisp.pl?gene=LOC126862571"
"APC","APC Regulator Of Wnt Signaling Pathway","Protein Coding","P25054","61","GC05P112707","226.718902587891","https://www.genecards.org/cgi-bin/carddisp.pl?gene=APC"
"PMS2","PMS1 Homolog 2, Mismatch Repair System Component","Protein Coding","P54278","61","GC07M005982","217.851776123047","https://www.genecards.org/cgi-bin/carddisp.pl?gene=PMS2"
"RAD51D","RAD51 Paralog D","Protein Coding","O75771","54","GC17M035092","211.862335205078","https://www.genecards.org/cgi-bin/carddisp.pl?gene=RAD51D"
"RAD51C","RAD51 Paralog C","Protein Coding","O43502","57","GC17P058692","199.70393371582","https://www.genecards.org/cgi-bin/carddisp.pl?gene=RAD51C"
"RAD50","RAD50 Double Strand Break Repair Protein","Protein Coding","Q92878","62","GC05P132556","189.339981079102","https://www.genecards.org/cgi-bin/carddisp.pl?gene=RAD50"
"RAD51L3-RFFL","RAD51L3-RFFL Readthrough","RNA Gene","","17","GC17M035009","187.240783691406","https://www.genecards.org/cgi-bin/carddisp.pl?gene=RAD51L3-RFFL"
"NF1","Neurofibromin 1","Protein Coding","P21359","60","GC17P031094","186.648803710938","https://www.genecards.org/cgi-bin/carddisp.pl?gene=NF1"
"ESR1","Estrogen Receptor 1","Protein Coding","P03372","67","GC06P201302","182.66194152832","https://www.genecards.org/cgi-bin/carddisp.pl?gene=ESR1"
"PIK3CA","Phosphatidylinositol-4,5-Bisphosphate 3-Kinase Catalytic Subunit Alpha","Protein Coding","P42336","64","GC03P179148","181.319976806641","https://www.genecards.org/cgi-bin/carddisp.pl?gene=PIK3CA"
"POLD1","DNA Polymerase Delta 1, Catalytic Subunit","Protein Coding","P28340","59","GC19P172047","178.691284179688","https://www.genecards.org/cgi-bin/carddisp.pl?gene=POLD1"
"POLE","DNA Polymerase Epsilon, Catalytic Subunit","Protein Coding","Q07864","60","GC12M132852","175.18701171875","https://www.genecards.org/cgi-bin/carddisp.pl?gene=POLE"
"NBN","Nibrin","Protein Coding","O60934","61","GC08M089933","174.76171875","https://www.genecards.org/cgi-bin/carddisp.pl?gene=NBN"
"STK11","Serine/Threonine Kinase 11","Protein Coding","Q15831","62","GC19P001177","173.054565429688","https://www.genecards.org/cgi-bin/carddisp.pl?gene=STK11"
"DICER1","Dicer 1, Ribonuclease III","Protein Coding","Q9UPY3","61","GC14M095086","166.844192504883","https://www.genecards.org/cgi-bin/carddisp.pl?gene=DICER1"
"CDKN2A","Cyclin Dependent Kinase Inhibitor 2A","Protein Coding","Q8N726","63","GC09M021967","161.595687866211","https://www.genecards.org/cgi-bin/carddisp.pl?gene=CDKN2A"
"AKT1","AKT Serine/Threonine Kinase 1","Protein Coding","P31749","66","GC14M104769","160.252792358398","https://www.genecards.org/cgi-bin/carddisp.pl?gene=AKT1"
"CTNNA1","Catenin Alpha 1","Protein Coding","P35221","60","GC05P138911","159.086715698242","https://www.genecards.org/cgi-bin/carddisp.pl?gene=CTNNA1"
"MUTYH","MutY DNA Glycosylase","Protein Coding","Q9UIF7","57","GC01M045329","158.2333984375","https://www.genecards.org/cgi-bin/carddisp.pl?gene=MUTYH"
"AXIN2","Axin 2","Protein Coding","Q9Y2T1","62","GC17M065528","157.307830810547","https://www.genecards.org/cgi-bin/carddisp.pl?gene=AXIN2"
"RET","Ret Proto-Oncogene","Protein Coding","P07949","67","GC10P054397","152.675918579102","https://www.genecards.org/cgi-bin/carddisp.pl?gene=RET"
"MET","MET Proto-Oncogene, Receptor Tyrosine Kinase","Protein Coding","P08581","67","GC07P116672","150.707733154297","https://www.genecards.org/cgi-bin/carddisp.pl?gene=MET"
"BRAF","B-Raf Proto-Oncogene, Serine/Threonine Kinase","Protein Coding","P15056","67","GC07M140803","149.448257446289","https://www.genecards.org/cgi-bin/carddisp.pl?gene=BRAF"
"KRAS","KRAS Proto-Oncogene, GTPase","Protein Coding","P01116","66","GC12M039202","149.374588012695","https://www.genecards.org/cgi-bin/carddisp.pl?gene=KRAS"
"SMAD4","SMAD Family Member 4","Protein Coding","Q13485","66","GC18P051028","148.884399414063","https://www.genecards.org/cgi-bin/carddisp.pl?gene=SMAD4"
"RB1","RB Transcriptional Corepressor 1","Protein Coding","P06400","61","GC13P048303","146.601272583008","https://www.genecards.org/cgi-bin/carddisp.pl?gene=RB1"
"BLM","BLM RecQ Like Helicase","Protein Coding","P54132","62","GC15P090717","145.457550048828","https://www.genecards.org/cgi-bin/carddisp.pl?gene=BLM"
"SMARCA4","SWI/SNF Related BAF Chromatin Remodeling Complex Subunit ATPase 4","Protein Coding","P51532","63","GC19P170938","143.561004638672","https://www.genecards.org/cgi-bin/carddisp.pl?gene=SMARCA4"
"CDK4","Cyclin Dependent Kinase 4","Protein Coding","P11802","66","GC12M061024","142.091018676758","https://www.genecards.org/cgi-bin/carddisp.pl?gene=CDK4"
"ALK","ALK Receptor Tyrosine Kinase","Protein Coding","Q9UM73","64","GC02M029467","141.783721923828","https://www.genecards.org/cgi-bin/carddisp.pl?gene=ALK"
"MRE11","MRE11 Double Strand Break Repair Nuclease","Protein Coding","P49959","61","GC11M146721","140.782836914063","https://www.genecards.org/cgi-bin/carddisp.pl?gene=MRE11"
"CTNNB1","Catenin Beta 1","Protein Coding","P35222","66","GC03P041194","139.652923583984","https://www.genecards.org/cgi-bin/carddisp.pl?gene=CTNNB1"
"PTCH1","Patched 1","Protein Coding","Q13635","64","GC09M095442","138.855422973633","https://www.genecards.org/cgi-bin/carddisp.pl?gene=PTCH1"
"EPCAM","Epithelial Cell Adhesion Molecule","Protein Coding","P16422","61","GC02P047345","138.333297729492","https://www.genecards.org/cgi-bin/carddisp.pl?gene=EPCAM"
"MSH3","MutS Homolog 3","Protein Coding","P20585","55","GC05P080654","136.506988525391","https://www.genecards.org/cgi-bin/carddisp.pl?gene=MSH3"
"KIT","KIT Proto-Oncogene, Receptor Tyrosine Kinase","Protein Coding","P10721","66","GC04P054657","132.22575378418","https://www.genecards.org/cgi-bin/carddisp.pl?gene=KIT"
"FANCC","FA Complementation Group C","Protein Coding","Q00597","60","GC09M095099","128.976043701172","https://www.genecards.org/cgi-bin/carddisp.pl?gene=FANCC"
"CCND1","Cyclin D1","Protein Coding","P24385","65","GC11P069641","127.628051757813","https://www.genecards.org/cgi-bin/carddisp.pl?gene=CCND1"
"MYC","MYC Proto-Oncogene, BHLH Transcription Factor","Protein Coding","P01106","65","GC08P127735","125.112663269043","https://www.genecards.org/cgi-bin/carddisp.pl?gene=MYC"
"TERT","Telomerase Reverse Transcriptase","Protein Coding","O14746","64","GC05M001253","123.185661315918","https://www.genecards.org/cgi-bin/carddisp.pl?gene=TERT"
"AR","Androgen Receptor","Protein Coding","P10275","65","GC0XP067544","119.576934814453","https://www.genecards.org/cgi-bin/carddisp.pl?gene=AR"
"MTOR","Mechanistic Target Of Rapamycin Kinase","Protein Coding","P42345","68","GC01M011106","118.774169921875","https://www.genecards.org/cgi-bin/carddisp.pl?gene=MTOR"
"RAD51","RAD51 Recombinase","Protein Coding","Q06609","64","GC15P040694","118.600479125977","https://www.genecards.org/cgi-bin/carddisp.pl?gene=RAD51"
"FGFR2","Fibroblast Growth Factor Receptor 2","Protein Coding","P21802","67","GC10M121478","117.818252563477","https://www.genecards.org/cgi-bin/carddisp.pl?gene=FGFR2"
"SDHA","Succinate Dehydrogenase Complex Flavoprotein Subunit A","Protein Coding","P31040","60","GC05P000254","114.607009887695","https://www.genecards.org/cgi-bin/carddisp.pl?gene=SDHA"
"PDGFRA","Platelet Derived Growth Factor Receptor Alpha","Protein Coding","P16234","66","GC04P054229","111.853645324707","https://www.genecards.org/cgi-bin/carddisp.pl?gene=PDGFRA"
"CDKN1B","Cyclin Dependent Kinase Inhibitor 1B","Protein Coding","P46527","61","GC12P085924","110.262557983398","https://www.genecards.org/cgi-bin/carddisp.pl?gene=CDKN1B"
"FH","Fumarate Hydratase","Protein Coding","P07954","59","GC01M241499","109.260276794434","https://www.genecards.org/cgi-bin/carddisp.pl?gene=FH"
"HRAS","HRas Proto-Oncogene, GTPase","Protein Coding","P01112","64","GC11M016453","107.641395568848","https://www.genecards.org/cgi-bin/carddisp.pl?gene=HRAS"
"ATR","ATR Checkpoint Kinase","Protein Coding","Q13535","66","GC03M142449","106.417953491211","https://www.genecards.org/cgi-bin/carddisp.pl?gene=ATR"
"HIF1A","Hypoxia Inducible Factor 1 Subunit Alpha","Protein Coding","Q16665","62","GC14P061695","105.876091003418","https://www.genecards.org/cgi-bin/carddisp.pl?gene=HIF1A"
"MDM2","MDM2 Proto-Oncogene","Protein Coding","Q00987","66","GC12P068808","105.526969909668","https://www.genecards.org/cgi-bin/carddisp.pl?gene=MDM2"
"RUNX1","RUNX Family Transcription Factor 1","Protein Coding","Q01196","61","GC21M034787","103.874794006348","https://www.genecards.org/cgi-bin/carddisp.pl?gene=RUNX1"
"H19","H19 Imprinted Maternally Expressed Transcript","RNA Gene","","36","GC11M001995","101.20059967041","https://www.genecards.org/cgi-bin/carddisp.pl?gene=H19"
"XRCC2","X-Ray Repair Cross Complementing 2","Protein Coding","O43543","52","GC07M152644","101.013397216797","https://www.genecards.org/cgi-bin/carddisp.pl?gene=XRCC2"
"STAT3","Signal Transducer And Activator Of Transcription 3","Protein Coding","P40763","66","GC17M042313","100.713104248047","https://www.genecards.org/cgi-bin/carddisp.pl?gene=STAT3"
"FGFR3","Fibroblast Growth Factor Receptor 3","Protein Coding","P22607","67","GC04P033759","100.566329956055","https://www.genecards.org/cgi-bin/carddisp.pl?gene=FGFR3"
"VHL","Von Hippel-Lindau Tumor Suppressor","Protein Coding","P40337","60","GC03P030197","97.8661880493164","https://www.genecards.org/cgi-bin/carddisp.pl?gene=VHL"
"FANCM","FA Complementation Group M","Protein Coding","Q8IYD8","54","GC14P045135","97.4297637939453","https://www.genecards.org/cgi-bin/carddisp.pl?gene=FANCM"
"CD274","CD274 Molecule","Protein Coding","Q9NZQ7","58","GC09P005450","96.4987258911133","https://www.genecards.org/cgi-bin/carddisp.pl?gene=CD274"
"FGFR1","Fibroblast Growth Factor Receptor 1","Protein Coding","P11362","67","GC08M038400","96.4055938720703","https://www.genecards.org/cgi-bin/carddisp.pl?gene=FGFR1"
"CASP8","Caspase 8","Protein Coding","Q14790","64","GC02P201233","96.2031784057617","https://www.genecards.org/cgi-bin/carddisp.pl?gene=CASP8"
"AOPEP","Aminopeptidase O (Putative)","Protein Coding","Q8N6M6","49","GC09P159758","95.9253463745117","https://www.genecards.org/cgi-bin/carddisp.pl?gene=AOPEP"
"ERBB3","Erb-B2 Receptor Tyrosine Kinase 3","Protein Coding","P21860","67","GC12P087018","94.6841201782227","https://www.genecards.org/cgi-bin/carddisp.pl?gene=ERBB3"
"CDC73","Cell Division Cycle 73","Protein Coding","Q6P1J9","58","GC01P193151","94.4462356567383","https://www.genecards.org/cgi-bin/carddisp.pl?gene=CDC73"
"NRAS","NRAS Proto-Oncogene, GTPase","Protein Coding","P01111","63","GC01M114704","93.6929779052734","https://www.genecards.org/cgi-bin/carddisp.pl?gene=NRAS"
"ERCC2","ERCC Excision Repair 2, TFIIH Core Complex Helicase Subunit","Protein Coding","P18074","61","GC19M045349","93.1264038085938","https://www.genecards.org/cgi-bin/carddisp.pl?gene=ERCC2"
"FANCD2","FA Complementation Group D2","Protein Coding","Q9BXW9","59","GC03P010026","92.3844528198242","https://www.genecards.org/cgi-bin/carddisp.pl?gene=FANCD2"
"PVT1","Pvt1 Oncogene","RNA Gene","","32","GC08P128542","91.9294815063477","https://www.genecards.org/cgi-bin/carddisp.pl?gene=PVT1"
"MIR21","MicroRNA 21","RNA Gene","","33","GC17P059841","91.758171081543","https://www.genecards.org/cgi-bin/carddisp.pl?gene=MIR21"
"CHEK1","Checkpoint Kinase 1","Protein Coding","O14757","66","GC11P125625","91.3046798706055","https://www.genecards.org/cgi-bin/carddisp.pl?gene=CHEK1"
"IL6","Interleukin 6","Protein Coding","P05231","63","GC07P022725","90.6018524169922","https://www.genecards.org/cgi-bin/carddisp.pl?gene=IL6"
"ARID1A","AT-Rich Interaction Domain 1A","Protein Coding","O14497","57","GC01P026693","87.6636962890625","https://www.genecards.org/cgi-bin/carddisp.pl?gene=ARID1A"
"LZTR1","Leucine Zipper Like Post Translational Regulator 1","Protein Coding","Q8N653","54","GC22P102074","87.0317153930664","https://www.genecards.org/cgi-bin/carddisp.pl?gene=LZTR1"
"SRC","SRC Proto-Oncogene, Non-Receptor Tyrosine Kinase","Protein Coding","P12931","63","GC20P037344","86.3932952880859","https://www.genecards.org/cgi-bin/carddisp.pl?gene=SRC"
"MLH3","MutL Homolog 3","Protein Coding","Q9UHC1","52","GC14M075013","85.8577041625977","https://www.genecards.org/cgi-bin/carddisp.pl?gene=MLH3"
"GAS5","Growth Arrest Specific 5","RNA Gene","","32","GC01M175245","85.6727676391602","https://www.genecards.org/cgi-bin/carddisp.pl?gene=GAS5"
"ERBB4","Erb-B2 Receptor Tyrosine Kinase 4","Protein Coding","Q15303","67","GC02M211375","85.2317504882813","https://www.genecards.org/cgi-bin/carddisp.pl?gene=ERBB4"
"EP300","EP300 Lysine Acetyltransferase","Protein Coding","Q09472","65","GC22P041091","85.1757278442383","https://www.genecards.org/cgi-bin/carddisp.pl?gene=EP300"
"GATA3","GATA Binding Protein 3","Protein Coding","P23771","63","GC10P008045","84.0246810913086","https://www.genecards.org/cgi-bin/carddisp.pl?gene=GATA3"
"VEGFA","Vascular Endothelial Growth Factor A","Protein Coding","P15692","61","GC06P043770","83.7817153930664","https://www.genecards.org/cgi-bin/carddisp.pl?gene=VEGFA"
"TFF1","Trefoil Factor 1","Protein Coding","P04155","55","GC21M042362","82.4617385864258","https://www.genecards.org/cgi-bin/carddisp.pl?gene=TFF1"
"SMARCB1","SWI/SNF Related BAF Chromatin Remodeling Complex Subunit B1","Protein Coding","Q12824","58","GC22P023786","82.4100036621094","https://www.genecards.org/cgi-bin/carddisp.pl?gene=SMARCB1"
"CCNE1","Cyclin E1","Protein Coding","P24864","61","GC19P029811","80.8769073486328","https://www.genecards.org/cgi-bin/carddisp.pl?gene=CCNE1"
"CDK12","Cyclin Dependent Kinase 12","Protein Coding","Q9NYV4","58","GC17P039461","79.8761672973633","https://www.genecards.org/cgi-bin/carddisp.pl?gene=CDK12"
"XRCC3","X-Ray Repair Cross Complementing 3","Protein Coding","O43542","56","GC14M103697","79.835334777832","https://www.genecards.org/cgi-bin/carddisp.pl?gene=XRCC3"
"FANCA","FA Complementation Group A","Protein Coding","O15360","61","GC16M090354","79.8150787353516","https://www.genecards.org/cgi-bin/carddisp.pl?gene=FANCA"
"EZH2","Enhancer Of Zeste 2 Polycomb Repressive Complex 2 Subunit","Protein Coding","Q15910","66","GC07M148807","79.7326278686523","https://www.genecards.org/cgi-bin/carddisp.pl?gene=EZH2"
"MUC16","Mucin 16, Cell Surface Associated","Protein Coding","Q8WXI7","52","GC19M008848","79.2294921875","https://www.genecards.org/cgi-bin/carddisp.pl?gene=MUC16"
"UCA1","Urothelial Cancer Associated 1","RNA Gene","","30","GC19P179989","79.17919921875","https://www.genecards.org/cgi-bin/carddisp.pl?gene=UCA1"
"BCL2","BCL2 Apoptosis Regulator","Protein Coding","P10415","64","GC18M063123","78.6437606811523","https://www.genecards.org/cgi-bin/carddisp.pl?gene=BCL2"
"CDKN2B","Cyclin Dependent Kinase Inhibitor 2B","Protein Coding","P42772","58","GC09M022002","78.4032516479492","https://www.genecards.org/cgi-bin/carddisp.pl?gene=CDKN2B"
"MAP2K1","Mitogen-Activated Protein Kinase Kinase 1","Protein Coding","Q02750","67","GC15P066386","78.1761322021484","https://www.genecards.org/cgi-bin/carddisp.pl?gene=MAP2K1"
"PIK3R1","Phosphoinositide-3-Kinase Regulatory Subunit 1","Protein Coding","P27986","64","GC05P068215","78.0015563964844","https://www.genecards.org/cgi-bin/carddisp.pl?gene=PIK3R1"
"LOC111589215","BRCA1 Promoter Region","Functional Element","","9","GC17P177423","77.8293838500977","https://www.genecards.org/cgi-bin/carddisp.pl?gene=LOC111589215"
"LOC129390903","MPRA-Validated Peak2919 Silencer","Functional Element","","8","GC17P181378","77.7110900878906","https://www.genecards.org/cgi-bin/carddisp.pl?gene=LOC129390903"
"MIR125A","MicroRNA 125a","RNA Gene","","29","GC19P172108","77.4210052490234","https://www.genecards.org/cgi-bin/carddisp.pl?gene=MIR125A"
"JUN","Jun Proto-Oncogene, AP-1 Transcription Factor Subunit","Protein Coding","P05412","63","GC01M058780","77.3194046020508","https://www.genecards.org/cgi-bin/carddisp.pl?gene=JUN"
"MALAT1","Metastasis Associated Lung Adenocarcinoma Transcript 1","RNA Gene","","32","GC11P129900","77.1591110229492","https://www.genecards.org/cgi-bin/carddisp.pl?gene=MALAT1"
"MUC1","Mucin 1, Cell Surface Associated","Protein Coding","P15941","61","GC01M155185","76.9177627563477","https://www.genecards.org/cgi-bin/carddisp.pl?gene=MUC1"
"MIR145","MicroRNA 145","RNA Gene","","33","GC05P149430","76.85986328125","https://www.genecards.org/cgi-bin/carddisp.pl?gene=MIR145"
"NOTCH1","Notch Receptor 1","Protein Coding","P46531","66","GC09M140475","76.7661056518555","https://www.genecards.org/cgi-bin/carddisp.pl?gene=NOTCH1"
"FBXW7","F-Box And WD Repeat Domain Containing 7","Protein Coding","Q969H0","58","GC04M152321","76.2653884887695","https://www.genecards.org/cgi-bin/carddisp.pl?gene=FBXW7"
"ABCC1","ATP Binding Cassette Subfamily C Member 1 (ABCC1 Blood Group)","Protein Coding","P33527","61","GC16P015949","74.9829254150391","https://www.genecards.org/cgi-bin/carddisp.pl?gene=ABCC1"
"WT1","WT1 Transcription Factor","Protein Coding","P19544","60","GC11M032365","74.5876312255859","https://www.genecards.org/cgi-bin/carddisp.pl?gene=WT1"
"PCAT1","Prostate Cancer Associated Transcript 1","RNA Gene","","26","GC08P126764","74.3839416503906","https://www.genecards.org/cgi-bin/carddisp.pl?gene=PCAT1"
"FOXA1","Forkhead Box A1","Protein Coding","P55317","57","GC14M037589","74.2800064086914","https://www.genecards.org/cgi-bin/carddisp.pl?gene=FOXA1"
"TUG1","Taurine Up-Regulated 1","Protein Coding","A0A6I8PU40","33","GC22P030969","73.9869689941406","https://www.genecards.org/cgi-bin/carddisp.pl?gene=TUG1"
"MIR143","MicroRNA 143","RNA Gene","","32","GC05P162679","73.8094482421875","https://www.genecards.org/cgi-bin/carddisp.pl?gene=MIR143"
"RECQL","RecQ Like Helicase","Protein Coding","P46063","54","GC12M021468","73.7834625244141","https://www.genecards.org/cgi-bin/carddisp.pl?gene=RECQL"
"CDKN2B-AS1","CDKN2B And CDKN2A Antisense Cis And Trans Regulatory RNA 1","RNA Gene","","32","GC09P021994","73.7360687255859","https://www.genecards.org/cgi-bin/carddisp.pl?gene=CDKN2B-AS1"
"BAX","BCL2 Associated X, Apoptosis Regulator","Protein Coding","Q07812","63","GC19P048954","73.4794082641602","https://www.genecards.org/cgi-bin/carddisp.pl?gene=BAX"
"MIR17","MicroRNA 17","RNA Gene","","28","GC13P091350","73.3280181884766","https://www.genecards.org/cgi-bin/carddisp.pl?gene=MIR17"
"TGFB1","Transforming Growth Factor Beta 1","Protein Coding","P01137","65","GC19M041301","72.4306411743164","https://www.genecards.org/cgi-bin/carddisp.pl?gene=TGFB1"
"NTRK1","Neurotrophic Receptor Tyrosine Kinase 1","Protein Coding","P04629","62","GC01P156815","72.4291381835938","https://www.genecards.org/cgi-bin/carddisp.pl?gene=NTRK1"
"MIR221","MicroRNA 221","RNA Gene","","29","GC0XM045746","72.4188919067383","https://www.genecards.org/cgi-bin/carddisp.pl?gene=MIR221"
"ABRAXAS1","Abraxas 1, BRCA1 A Complex Subunit","Protein Coding","Q6UWZ7","50","GC04M083464","72.4024658203125","https://www.genecards.org/cgi-bin/carddisp.pl?gene=ABRAXAS1"
"SNHG1","Small Nucleolar RNA Host Gene 1","RNA Gene","","28","GC11M146074","71.9787368774414","https://www.genecards.org/cgi-bin/carddisp.pl?gene=SNHG1"
"NEAT1","Nuclear Paraspeckle Assembly Transcript 1","RNA Gene","","33","GC11P129888","71.933464050293","https://www.genecards.org/cgi-bin/carddisp.pl?gene=NEAT1"
"MIR155","MicroRNA 155","RNA Gene","","29","GC21P025573","71.185905456543","https://www.genecards.org/cgi-bin/carddisp.pl?gene=MIR155"
"CYP19A1","Cytochrome P450 Family 19 Subfamily A Member 1","Protein Coding","P11511","60","GC15M051208","70.7394943237305","https://www.genecards.org/cgi-bin/carddisp.pl?gene=CYP19A1"
"MIR30A","MicroRNA 30a","RNA Gene","","27","GC06M071403","70.7378234863281","https://www.genecards.org/cgi-bin/carddisp.pl?gene=MIR30A"
"CDK6","Cyclin Dependent Kinase 6","Protein Coding","Q00534","64","GC07M092604","70.7161407470703","https://www.genecards.org/cgi-bin/carddisp.pl?gene=CDK6"
"MIR141","MicroRNA 141","RNA Gene","","30","GC12P085738","70.2323760986328","https://www.genecards.org/cgi-bin/carddisp.pl?gene=MIR141"
"HOTAIR","HOX Transcript Antisense RNA","RNA Gene","","30","GC12M053962","69.76708984375","https://www.genecards.org/cgi-bin/carddisp.pl?gene=HOTAIR"
"MIR200C","MicroRNA 200c","RNA Gene","","30","GC12P085737","69.7279739379883","https://www.genecards.org/cgi-bin/carddisp.pl?gene=MIR200C"
"SUFU","SUFU Negative Regulator Of Hedgehog Signaling","Protein Coding","Q9UMX1","55","GC10P134806","69.7029037475586","https://www.genecards.org/cgi-bin/carddisp.pl?gene=SUFU"
"STAT1","Signal Transducer And Activator Of Transcription 1","Protein Coding","P42224","65","GC02M190908","69.6398239135742","https://www.genecards.org/cgi-bin/carddisp.pl?gene=STAT1"
"MIR205","MicroRNA 205","RNA Gene","","28","GC01P209432","69.6214981079102","https://www.genecards.org/cgi-bin/carddisp.pl?gene=MIR205"
"CD44","CD44 Molecule (IN Blood Group)","Protein Coding","P16070","61","GC11P035139","69.2737197875977","https://www.genecards.org/cgi-bin/carddisp.pl?gene=CD44"
"MIR146A","MicroRNA 146a","RNA Gene","","31","GC05P160485","69.1826095581055","https://www.genecards.org/cgi-bin/carddisp.pl?gene=MIR146A"
"MIR27A","MicroRNA 27a","RNA Gene","","32","GC19M115787","68.5066604614258","https://www.genecards.org/cgi-bin/carddisp.pl?gene=MIR27A"
"PGR","Progesterone Receptor","Protein Coding","P06401","62","GC11M146772","68.4283905029297","https://www.genecards.org/cgi-bin/carddisp.pl?gene=PGR"
"BUB1B","BUB1 Mitotic Checkpoint Serine/Threonine Kinase B","Protein Coding","O60566","62","GC15P040161","68.3586273193359","https://www.genecards.org/cgi-bin/carddisp.pl?gene=BUB1B"
"ABCG2","ATP Binding Cassette Subfamily G Member 2 (JR Blood Group)","Protein Coding","Q9UNQ0","62","GC04M088090","68.3070526123047","https://www.genecards.org/cgi-bin/carddisp.pl?gene=ABCG2"
"HULC","Hepatocellular Carcinoma Up-Regulated Long Non-Coding RNA","RNA Gene","","29","GC06P020855","68.0971298217773","https://www.genecards.org/cgi-bin/carddisp.pl?gene=HULC"
"MIR182","MicroRNA 182","RNA Gene","","29","GC07M129770","68.0278396606445","https://www.genecards.org/cgi-bin/carddisp.pl?gene=MIR182"
"IL2","Interleukin 2","Protein Coding","P60568","58","GC04M122451","67.9496536254883","https://www.genecards.org/cgi-bin/carddisp.pl?gene=IL2"
"MIR126","MicroRNA 126","RNA Gene","","30","GC09P136670","67.7751922607422","https://www.genecards.org/cgi-bin/carddisp.pl?gene=MIR126"
"CXCR4","C-X-C Motif Chemokine Receptor 4","Protein Coding","P61073","65","GC02M136114","67.331184387207","https://www.genecards.org/cgi-bin/carddisp.pl?gene=CXCR4"
"SHC1","SHC Adaptor Protein 1","Protein Coding","P29353","57","GC01M154962","67.1247863769531","https://www.genecards.org/cgi-bin/carddisp.pl?gene=SHC1"
"MIR195","MicroRNA 195","RNA Gene","","28","GC17M103712","67.0634689331055","https://www.genecards.org/cgi-bin/carddisp.pl?gene=MIR195"
"PTGS2","Prostaglandin-Endoperoxide Synthase 2","Protein Coding","P35354","63","GC01M186671","66.9203491210938","https://www.genecards.org/cgi-bin/carddisp.pl?gene=PTGS2"
"LUCAT1","Lung Cancer Associated Transcript 1","RNA Gene","","25","GC05M091054","66.6357574462891","https://www.genecards.org/cgi-bin/carddisp.pl?gene=LUCAT1"
"MIR31","MicroRNA 31","RNA Gene","","29","GC09M022414","66.400749206543","https://www.genecards.org/cgi-bin/carddisp.pl?gene=MIR31"
"BIRC5","Baculoviral IAP Repeat Containing 5","Protein Coding","O15392","58","GC17P078214","66.3952789306641","https://www.genecards.org/cgi-bin/carddisp.pl?gene=BIRC5"
"PRKDC","Protein Kinase, DNA-Activated, Catalytic Subunit","Protein Coding","P78527","63","GC08M047773","66.3493728637695","https://www.genecards.org/cgi-bin/carddisp.pl?gene=PRKDC"
"CDKN1A","Cyclin Dependent Kinase Inhibitor 1A","Protein Coding","P38936","63","GC06P199656","66.1570129394531","https://www.genecards.org/cgi-bin/carddisp.pl?gene=CDKN1A"
"IGF1R","Insulin Like Growth Factor 1 Receptor","Protein Coding","P08069","68","GC15P098648","66.0799331665039","https://www.genecards.org/cgi-bin/carddisp.pl?gene=IGF1R"
"PDCD1","Programmed Cell Death 1","Protein Coding","Q15116","60","GC02M241849","66.0311813354492","https://www.genecards.org/cgi-bin/carddisp.pl?gene=PDCD1"
"MIR222","MicroRNA 222","RNA Gene","","29","GC0XM045747","65.9139862060547","https://www.genecards.org/cgi-bin/carddisp.pl?gene=MIR222"
"DCTN5","Dynactin Subunit 5","Protein Coding","Q9BTE1","52","GC16P136489","65.7990341186523","https://www.genecards.org/cgi-bin/carddisp.pl?gene=DCTN5"
"RNF43","Ring Finger Protein 43","Protein Coding","Q68DV7","49","GC17M058352","65.6733627319336","https://www.genecards.org/cgi-bin/carddisp.pl?gene=RNF43"
"SLX4","SLX4 Structure-Specific Endonuclease Subunit","Protein Coding","Q8IY92","49","GC16M003581","65.6731262207031","https://www.genecards.org/cgi-bin/carddisp.pl?gene=SLX4"
"MIR200B","MicroRNA 200b","RNA Gene","","29","GC01P001167","65.6307525634766","https://www.genecards.org/cgi-bin/carddisp.pl?gene=MIR200B"
"WRN","WRN RecQ Like Helicase","Protein Coding","Q14191","60","GC08P031033","65.4940414428711","https://www.genecards.org/cgi-bin/carddisp.pl?gene=WRN"
"FANCG","FA Complementation Group G","Protein Coding","O15287","56","GC09M035073","65.3579940795898","https://www.genecards.org/cgi-bin/carddisp.pl?gene=FANCG"
"SMAD3","SMAD Family Member 3","Protein Coding","P84022","66","GC15P067063","65.0787658691406","https://www.genecards.org/cgi-bin/carddisp.pl?gene=SMAD3"
"KMT2D","Lysine Methyltransferase 2D","Protein Coding","O14686","56","GC12M049018","64.9450302124023","https://www.genecards.org/cgi-bin/carddisp.pl?gene=KMT2D"
"MIR146B","MicroRNA 146b","RNA Gene","","29","GC10P102436","64.8453979492188","https://www.genecards.org/cgi-bin/carddisp.pl?gene=MIR146B"
"IL1B","Interleukin 1 Beta","Protein Coding","P01584","59","GC02M112829","64.8020324707031","https://www.genecards.org/cgi-bin/carddisp.pl?gene=IL1B"
"MIR210","MicroRNA 210","RNA Gene","","30","GC11M016456","64.7972030639648","https://www.genecards.org/cgi-bin/carddisp.pl?gene=MIR210"
"MIR20A","MicroRNA 20a","RNA Gene","","29","GC13P091774","64.3911819458008","https://www.genecards.org/cgi-bin/carddisp.pl?gene=MIR20A"
"MIR10B","MicroRNA 10b","RNA Gene","","30","GC02P176150","64.3612518310547","https://www.genecards.org/cgi-bin/carddisp.pl?gene=MIR10B"
"CASC15","Cancer Susceptibility 15","RNA Gene","","27","GC06P022391","64.3374252319336","https://www.genecards.org/cgi-bin/carddisp.pl?gene=CASC15"
"SNHG7","Small Nucleolar RNA Host Gene 7","RNA Gene","","30","GC09M140485","64.2381134033203","https://www.genecards.org/cgi-bin/carddisp.pl?gene=SNHG7"
"SNHG16","Small Nucleolar RNA Host Gene 16","RNA Gene","","26","GC17P176411","64.208137512207","https://www.genecards.org/cgi-bin/carddisp.pl?gene=SNHG16"
"FANCF","FA Complementation Group F","Protein Coding","Q9NPI8","53","GC11M022600","64.1874465942383","https://www.genecards.org/cgi-bin/carddisp.pl?gene=FANCF"
"AURKA","Aurora Kinase A","Protein Coding","O14965","64","GC20M056370","64.0525131225586","https://www.genecards.org/cgi-bin/carddisp.pl?gene=AURKA"
"CREBBP","CREB Binding Lysine Acetyltransferase ","Protein Coding","Q92793","67","GC16M055329","63.8707275390625","https://www.genecards.org/cgi-bin/carddisp.pl?gene=CREBBP"
"AFAP1-AS1","AFAP1 Antisense RNA 1","RNA Gene","","24","GC04P034090","63.6029281616211","https://www.genecards.org/cgi-bin/carddisp.pl?gene=AFAP1-AS1"
"MIR18A","MicroRNA 18a","RNA Gene","","28","GC13P091778","63.5375518798828","https://www.genecards.org/cgi-bin/carddisp.pl?gene=MIR18A"
"DANCR","Differentiation Antagonizing Non-Protein Coding RNA","RNA Gene","P0C864","32","GC04P052712","63.3169136047363","https://www.genecards.org/cgi-bin/carddisp.pl?gene=DANCR"
"MIR29C","MicroRNA 29c","RNA Gene","","27","GC01M207838","63.2082824707031","https://www.genecards.org/cgi-bin/carddisp.pl?gene=MIR29C"
"XIST","X Inactive Specific Transcript","RNA Gene","","30","GC0XM073820","63.1145629882813","https://www.genecards.org/cgi-bin/carddisp.pl?gene=XIST"
"NTRK3","Neurotrophic Receptor Tyrosine Kinase 3","Protein Coding","Q16288","66","GC15M087859","63.0434417724609","https://www.genecards.org/cgi-bin/carddisp.pl?gene=NTRK3"
"OIP5-AS1","OIP5 Antisense RNA 1","RNA Gene","","27","GC15P210389","62.9284553527832","https://www.genecards.org/cgi-bin/carddisp.pl?gene=OIP5-AS1"
"ABCB1","ATP Binding Cassette Subfamily B Member 1","Protein Coding","P08183","64","GC07M087504","62.9264144897461","https://www.genecards.org/cgi-bin/carddisp.pl?gene=ABCB1"
"MIR200A","MicroRNA 200a","RNA Gene","","29","GC01P091425","62.8049125671387","https://www.genecards.org/cgi-bin/carddisp.pl?gene=MIR200A"
"MIR335","MicroRNA 335","RNA Gene","","28","GC07P130496","62.6839332580566","https://www.genecards.org/cgi-bin/carddisp.pl?gene=MIR335"
"PHB1","Prohibitin 1","Protein Coding","P35232","58","GC17M105099","62.5218849182129","https://www.genecards.org/cgi-bin/carddisp.pl?gene=PHB1"
"PARP1","Poly(ADP-Ribose) Polymerase 1","Protein Coding","P09874","64","GC01M226360","62.0878143310547","https://www.genecards.org/cgi-bin/carddisp.pl?gene=PARP1"
"SNHG12","Small Nucleolar RNA Host Gene 12","RNA Gene","Q9BXW3","33","GC01M041448","62.0346221923828","https://www.genecards.org/cgi-bin/carddisp.pl?gene=SNHG12"
"MTA1","Metastasis Associated 1","Protein Coding","Q13330","54","GC14P105419","61.6174507141113","https://www.genecards.org/cgi-bin/carddisp.pl?gene=MTA1"
"MIR373","MicroRNA 373","RNA Gene","","29","GC19P172216","61.5045280456543","https://www.genecards.org/cgi-bin/carddisp.pl?gene=MIR373"
"HOTAIRM1","HOXA Transcript Antisense RNA, Myeloid-Specific 1","RNA Gene","","27","GC07P027095","61.3922386169434","https://www.genecards.org/cgi-bin/carddisp.pl?gene=HOTAIRM1"
"MAPK1","Mitogen-Activated Protein Kinase 1","Protein Coding","P28482","66","GC22M090309","61.3463096618652","https://www.genecards.org/cgi-bin/carddisp.pl?gene=MAPK1"
"JAK2","Janus Kinase 2","Protein Coding","O60674","66","GC09P004985","60.988826751709","https://www.genecards.org/cgi-bin/carddisp.pl?gene=JAK2"
"ERCC1","ERCC Excision Repair 1, Endonuclease Non-Catalytic Subunit","Protein Coding","P07992","58","GC19M116421","60.9545669555664","https://www.genecards.org/cgi-bin/carddisp.pl?gene=ERCC1"
"CYTOR","Cytoskeleton Regulator RNA","RNA Gene","","30","GC02P102080","60.839038848877","https://www.genecards.org/cgi-bin/carddisp.pl?gene=CYTOR"
"CASP3","Caspase 3","Protein Coding","P42574","62","GC04M184627","60.8163795471191","https://www.genecards.org/cgi-bin/carddisp.pl?gene=CASP3"
"MIR127","MicroRNA 127","RNA Gene","","30","GC14P122621","60.8069076538086","https://www.genecards.org/cgi-bin/carddisp.pl?gene=MIR127"
"LINC00511","Long Intergenic Non-Protein Coding RNA 511","RNA Gene","","27","GC17M106398","60.5835494995117","https://www.genecards.org/cgi-bin/carddisp.pl?gene=LINC00511"
"MIR181A1","MicroRNA 181a-1","RNA Gene","","27","GC01M198860","60.398681640625","https://www.genecards.org/cgi-bin/carddisp.pl?gene=MIR181A1"
"MMP9","Matrix Metallopeptidase 9","Protein Coding","P14780","66","GC20P046008","60.0787620544434","https://www.genecards.org/cgi-bin/carddisp.pl?gene=MMP9"
"BRMS1","BRMS1 Transcriptional Repressor And Anoikis Regulator","Protein Coding","Q9HCU9","49","GC11M146230","60.0095329284668","https://www.genecards.org/cgi-bin/carddisp.pl?gene=BRMS1"
"PPARG","Peroxisome Proliferator Activated Receptor Gamma","Protein Coding","P37231","65","GC03P012287","59.7458877563477","https://www.genecards.org/cgi-bin/carddisp.pl?gene=PPARG"
"TP63","Tumor Protein P63","Protein Coding","Q9H3D4","58","GC03P189598","59.6635208129883","https://www.genecards.org/cgi-bin/carddisp.pl?gene=TP63"
"MIR22","MicroRNA 22","RNA Gene","","30","GC17M001713","59.6486206054688","https://www.genecards.org/cgi-bin/carddisp.pl?gene=MIR22"
"MMP2","Matrix Metallopeptidase 2","Protein Coding","P08253","66","GC16P137330","59.6167755126953","https://www.genecards.org/cgi-bin/carddisp.pl?gene=MMP2"
"PCAT6","Prostate Cancer Associated Transcript 6","RNA Gene","","25","GC01P202810","59.5610961914063","https://www.genecards.org/cgi-bin/carddisp.pl?gene=PCAT6"
"MIAT","Myocardial Infarction Associated Transcript","RNA Gene","","32","GC22P026646","59.506534576416","https://www.genecards.org/cgi-bin/carddisp.pl?gene=MIAT"
"RINT1","RAD50 Interactor 1","Protein Coding","Q6NUQ1","49","GC07P105532","59.490306854248","https://www.genecards.org/cgi-bin/carddisp.pl?gene=RINT1"
"NTRK2","Neurotrophic Receptor Tyrosine Kinase 2","Protein Coding","Q16620","66","GC09P084668","59.1100196838379","https://www.genecards.org/cgi-bin/carddisp.pl?gene=NTRK2"
"MIR320A","MicroRNA 320a","RNA Gene","","31","GC08M022544","59.0587844848633","https://www.genecards.org/cgi-bin/carddisp.pl?gene=MIR320A"
"PTK2","Protein Tyrosine Kinase 2","Protein Coding","Q05397","61","GC08M140657","59.036190032959","https://www.genecards.org/cgi-bin/carddisp.pl?gene=PTK2"
"WEE1","WEE1 G2 Checkpoint Kinase","Protein Coding","P30291","61","GC11P009573","58.8357734680176","https://www.genecards.org/cgi-bin/carddisp.pl?gene=WEE1"
"TH2LCRR","T Helper Type 2 Locus Control Region Associated RNA","RNA Gene","","21","GC05M132631","58.7973899841309","https://www.genecards.org/cgi-bin/carddisp.pl?gene=TH2LCRR"
"AIP","AHR Interacting HSP90 Co-Chaperone","Protein Coding","O00170","56","GC11P067468","58.5684051513672","https://www.genecards.org/cgi-bin/carddisp.pl?gene=AIP"
"MIR204","MicroRNA 204","RNA Gene","","30","GC09M070809","58.549732208252","https://www.genecards.org/cgi-bin/carddisp.pl?gene=MIR204"
"NCOR1","Nuclear Receptor Corepressor 1","Protein Coding","O75376","57","GC17M016029","58.5392875671387","https://www.genecards.org/cgi-bin/carddisp.pl?gene=NCOR1"
"MIR149","MicroRNA 149","RNA Gene","","31","GC02P240456","58.5345230102539","https://www.genecards.org/cgi-bin/carddisp.pl?gene=MIR149"
"PTK6","Protein Tyrosine Kinase 6","Protein Coding","Q13882","60","GC20M063528","58.5234298706055","https://www.genecards.org/cgi-bin/carddisp.pl?gene=PTK6"
"NFE2L2","NFE2 Like BZIP Transcription Factor 2","Protein Coding","Q16236","64","GC02M177227","58.4482917785645","https://www.genecards.org/cgi-bin/carddisp.pl?gene=NFE2L2"
"ZFAS1","ZNFX1 Antisense RNA 1","RNA Gene","","29","GC20P049276","58.4457931518555","https://www.genecards.org/cgi-bin/carddisp.pl?gene=ZFAS1"
"SMARCE1","SWI/SNF Related BAF Chromatin Remodeling Complex Subunit E1","Protein Coding","Q969G3","57","GC17M040624","58.2529067993164","https://www.genecards.org/cgi-bin/carddisp.pl?gene=SMARCE1"
"MIR203A","MicroRNA 203a","RNA Gene","","28","GC14P122690","58.1707801818848","https://www.genecards.org/cgi-bin/carddisp.pl?gene=MIR203A"
"FANCI","FA Complementation Group I","Protein Coding","Q9NVI1","54","GC15P089243","58.1614799499512","https://www.genecards.org/cgi-bin/carddisp.pl?gene=FANCI"
"MIR9-1","MicroRNA 9-1","RNA Gene","","30","GC01M156420","58.0056343078613","https://www.genecards.org/cgi-bin/carddisp.pl?gene=MIR9-1"
"IGF1","Insulin Like Growth Factor 1","Protein Coding","P05019","60","GC12M102395","57.9933853149414","https://www.genecards.org/cgi-bin/carddisp.pl?gene=IGF1"
"MIR4435-2HG","MIR4435-2 Host Gene","RNA Gene","","26","GC02M114542","57.9003410339355","https://www.genecards.org/cgi-bin/carddisp.pl?gene=MIR4435-2HG"
"SEPTIN9","Septin 9","Protein Coding","Q9UHD8","52","GC17P176438","57.8006210327148","https://www.genecards.org/cgi-bin/carddisp.pl?gene=SEPTIN9"
"SNHG6","Small Nucleolar RNA Host Gene 6","RNA Gene","","26","GC08M066895","57.738525390625","https://www.genecards.org/cgi-bin/carddisp.pl?gene=SNHG6"
"MIRLET7D","MicroRNA Let-7d","RNA Gene","","30","GC09P094178","57.6625518798828","https://www.genecards.org/cgi-bin/carddisp.pl?gene=MIRLET7D"
"MIR191","MicroRNA 191","RNA Gene","","30","GC03M055276","57.3862609863281","https://www.genecards.org/cgi-bin/carddisp.pl?gene=MIR191"
"ATRX","ATRX Chromatin Remodeler","Protein Coding","P46100","58","GC0XM077504","57.0033645629883","https://www.genecards.org/cgi-bin/carddisp.pl?gene=ATRX"
"XRCC1","X-Ray Repair Cross Complementing 1","Protein Coding","P18887","57","GC19M043543","56.9632377624512","https://www.genecards.org/cgi-bin/carddisp.pl?gene=XRCC1"
"ESR2","Estrogen Receptor 2","Protein Coding","Q92731","61","GC14M064084","56.9125938415527","https://www.genecards.org/cgi-bin/carddisp.pl?gene=ESR2"
"TMPO-AS1","TMPO Antisense RNA 1","RNA Gene","","24","GC12M098512","56.8664360046387","https://www.genecards.org/cgi-bin/carddisp.pl?gene=TMPO-AS1"
"SNHG14","Small Nucleolar RNA Host Gene 14","RNA Gene","","26","GC15P209834","56.8521194458008","https://www.genecards.org/cgi-bin/carddisp.pl?gene=SNHG14"
"TNFSF10","TNF Superfamily Member 10","Protein Coding","P50591","58","GC03M172505","56.8215408325195","https://www.genecards.org/cgi-bin/carddisp.pl?gene=TNFSF10"
"DLX6-AS1","DLX6 Antisense RNA 1","RNA Gene","","31","GC07M097032","56.7271118164063","https://www.genecards.org/cgi-bin/carddisp.pl?gene=DLX6-AS1"
"GFOD3P","Gfo/Idh/MocA-Like Oxidoreductase Domain Containing 3, Pseudogene","Pseudogene","","27","GC01M003735","56.516658782959","https://www.genecards.org/cgi-bin/carddisp.pl?gene=GFOD3P"
"KDR","Kinase Insert Domain Receptor","Protein Coding","P35968","67","GC04M055078","56.4458389282227","https://www.genecards.org/cgi-bin/carddisp.pl?gene=KDR"
"MKI67","Marker Of Proliferation Ki-67","Protein Coding","P46013","57","GC10M128096","56.2872200012207","https://www.genecards.org/cgi-bin/carddisp.pl?gene=MKI67"
"LINC00673","Long Intergenic Non-Protein Coding RNA 673","RNA Gene","","23","GC17M105512","56.1788291931152","https://www.genecards.org/cgi-bin/carddisp.pl?gene=LINC00673"
"FASLG","Fas Ligand","Protein Coding","P48023","60","GC01P172659","56.0286903381348","https://www.genecards.org/cgi-bin/carddisp.pl?gene=FASLG"
"NRG1","Neuregulin 1","Protein Coding","Q02297","60","GC08P031639","55.9857444763184","https://www.genecards.org/cgi-bin/carddisp.pl?gene=NRG1"
"MAP2K4","Mitogen-Activated Protein Kinase Kinase 4","Protein Coding","P45985","62","GC17P012020","55.9721031188965","https://www.genecards.org/cgi-bin/carddisp.pl?gene=MAP2K4"
"SOX2-OT","SOX2 Overlapping Transcript","RNA Gene","","31","GC03P180989","55.772762298584","https://www.genecards.org/cgi-bin/carddisp.pl?gene=SOX2-OT"
"MIR148A","MicroRNA 148a","RNA Gene","","28","GC07M025950","55.7233238220215","https://www.genecards.org/cgi-bin/carddisp.pl?gene=MIR148A"
"MIR451A","MicroRNA 451a","RNA Gene","","25","GC17M028861","55.6662254333496","https://www.genecards.org/cgi-bin/carddisp.pl?gene=MIR451A"
"SOD2","Superoxide Dismutase 2","Protein Coding","P04179","60","GC06M159669","55.3379440307617","https://www.genecards.org/cgi-bin/carddisp.pl?gene=SOD2"
"LINC01133","Long Intergenic Non-Protein Coding RNA 1133","RNA Gene","","23","GC01P183919","55.2682113647461","https://www.genecards.org/cgi-bin/carddisp.pl?gene=LINC01133"
"FOXO1","Forkhead Box O1","Protein Coding","Q12778","64","GC13M040555","55.2636260986328","https://www.genecards.org/cgi-bin/carddisp.pl?gene=FOXO1"
"KDM6A","Lysine Demethylase 6A","Protein Coding","O15550","60","GC0XP044873","55.2233657836914","https://www.genecards.org/cgi-bin/carddisp.pl?gene=KDM6A"
"SNHG3","Small Nucleolar RNA Host Gene 3","RNA Gene","","30","GC01P093438","55.0275421142578","https://www.genecards.org/cgi-bin/carddisp.pl?gene=SNHG3"
"HAGLR","HOXD Antisense Growth-Associated Long Non-Coding RNA","RNA Gene","","26","GC02M176172","54.9740753173828","https://www.genecards.org/cgi-bin/carddisp.pl?gene=HAGLR"
"MIR101-1","MicroRNA 101-1","RNA Gene","","29","GC01M065058","54.9032783508301","https://www.genecards.org/cgi-bin/carddisp.pl?gene=MIR101-1"
"GSTP1","Glutathione S-Transferase Pi 1","Protein Coding","P09211","63","GC11P067583","54.8684539794922","https://www.genecards.org/cgi-bin/carddisp.pl?gene=GSTP1"
"LINC00665","Long Intergenic Non-Protein Coding RNA 665","RNA Gene","","24","GC19M117629","54.4834861755371","https://www.genecards.org/cgi-bin/carddisp.pl?gene=LINC00665"
"RASSF1","Ras Association Domain Family Member 1","Protein Coding","Q9NS23","56","GC03M050329","54.4119262695313","https://www.genecards.org/cgi-bin/carddisp.pl?gene=RASSF1"
"MIR181B1","MicroRNA 181b-1","RNA Gene","","29","GC01M198858","54.4011306762695","https://www.genecards.org/cgi-bin/carddisp.pl?gene=MIR181B1"
"MIR98","MicroRNA 98","RNA Gene","","26","GC0XM054123","54.3541069030762","https://www.genecards.org/cgi-bin/carddisp.pl?gene=MIR98"
"ITCH","Itchy E3 Ubiquitin Protein Ligase","Protein Coding","Q96J02","60","GC20P034363","54.212043762207","https://www.genecards.org/cgi-bin/carddisp.pl?gene=ITCH"
"MIR122","MicroRNA 122","RNA Gene","","29","GC18P058451","54.0510292053223","https://www.genecards.org/cgi-bin/carddisp.pl?gene=MIR122"
"MIR96","MicroRNA 96","RNA Gene","","29","GC07M129774","54.0142211914063","https://www.genecards.org/cgi-bin/carddisp.pl?gene=MIR96"
"MIR497","MicroRNA 497","RNA Gene","","27","GC17M103713","54.0102767944336","https://www.genecards.org/cgi-bin/carddisp.pl?gene=MIR497"
"DLC1","DLC1 Rho GTPase Activating Protein","Protein Coding","Q96QB1","55","GC08M013083","53.9372825622559","https://www.genecards.org/cgi-bin/carddisp.pl?gene=DLC1"
"IGF2","Insulin Like Growth Factor 2","Protein Coding","P01344","61","GC11M016606","53.8768844604492","https://www.genecards.org/cgi-bin/carddisp.pl?gene=IGF2"
"HCG18","HLA Complex Group 18","RNA Gene","","27","GC06M114875","53.7362976074219","https://www.genecards.org/cgi-bin/carddisp.pl?gene=HCG18"
"GLI1","GLI Family Zinc Finger 1","Protein Coding","P08151","60","GC12P087089","53.7078247070313","https://www.genecards.org/cgi-bin/carddisp.pl?gene=GLI1"
"DHFR","Dihydrofolate Reductase","Protein Coding","P00374","60","GC05M080626","53.644702911377","https://www.genecards.org/cgi-bin/carddisp.pl?gene=DHFR"
"PTPN11","Protein Tyrosine Phosphatase Non-Receptor Type 11","Protein Coding","Q06124","67","GC12P112418","53.5871734619141","https://www.genecards.org/cgi-bin/carddisp.pl?gene=PTPN11"
"KMT2C","Lysine Methyltransferase 2C","Protein Coding","Q8NEZ4","55","GC07M152134","53.3730697631836","https://www.genecards.org/cgi-bin/carddisp.pl?gene=KMT2C"
"SOX2","SRY-Box Transcription Factor 2","Protein Coding","P48431","58","GC03P181711","53.3050003051758","https://www.genecards.org/cgi-bin/carddisp.pl?gene=SOX2"
"PBRM1","Polybromo 1","Protein Coding","Q86U86","58","GC03M055436","53.1998100280762","https://www.genecards.org/cgi-bin/carddisp.pl?gene=PBRM1"
"BICDL3P","BICD Family Like 3, Pseudogene","Pseudogene","","26","GC07P115956","53.1793632507324","https://www.genecards.org/cgi-bin/carddisp.pl?gene=BICDL3P"
"TTN-AS1","TTN Antisense RNA 1","RNA Gene","","26","GC02P178521","53.0691413879395","https://www.genecards.org/cgi-bin/carddisp.pl?gene=TTN-AS1"
"BCYRN1","Brain Cytoplasmic RNA 1","RNA Gene","","27","GC02P047253","52.8991546630859","https://www.genecards.org/cgi-bin/carddisp.pl?gene=BCYRN1"
"MIR34C","MicroRNA 34c","RNA Gene","","30","GC11P131487","52.8907432556152","https://www.genecards.org/cgi-bin/carddisp.pl?gene=MIR34C"
"MIRLET7C","MicroRNA Let-7c","RNA Gene","","30","GC21P022529","52.8490600585938","https://www.genecards.org/cgi-bin/carddisp.pl?gene=MIRLET7C"
"SNAI1","Snail Family Transcriptional Repressor 1","Protein Coding","O95863","57","GC20P049982","52.7169647216797","https://www.genecards.org/cgi-bin/carddisp.pl?gene=SNAI1"
"TWIST1","Twist Family BHLH Transcription Factor 1","Protein Coding","Q15672","58","GC07M019020","52.690372467041","https://www.genecards.org/cgi-bin/carddisp.pl?gene=TWIST1"
"ERCC3","ERCC Excision Repair 3, TFIIH Core Complex Helicase Subunit","Protein Coding","P19447","60","GC02M127257","52.6526565551758","https://www.genecards.org/cgi-bin/carddisp.pl?gene=ERCC3"
"MCM3AP-AS1","MCM3AP Antisense RNA 1","RNA Gene","","28","GC21P052802","52.6475257873535","https://www.genecards.org/cgi-bin/carddisp.pl?gene=MCM3AP-AS1"
"LINC01234","Long Intergenic Non-Protein Coding RNA 1234","RNA Gene","","25","GC12M113584","52.647045135498","https://www.genecards.org/cgi-bin/carddisp.pl?gene=LINC01234"
"SNHG8","Small Nucleolar RNA Host Gene 8","RNA Gene","","29","GC04P118278","52.599048614502","https://www.genecards.org/cgi-bin/carddisp.pl?gene=SNHG8"
"RAF1","Raf-1 Proto-Oncogene, Serine/Threonine Kinase","Protein Coding","P04049","67","GC03M012583","52.5806312561035","https://www.genecards.org/cgi-bin/carddisp.pl?gene=RAF1"
"MIR34A","MicroRNA 34a","RNA Gene","","30","GC01M009151","52.5194892883301","https://www.genecards.org/cgi-bin/carddisp.pl?gene=MIR34A"
"CTLA4","Cytotoxic T-Lymphocyte Associated Protein 4","Protein Coding","P16410","60","GC02P205372","52.511589050293","https://www.genecards.org/cgi-bin/carddisp.pl?gene=CTLA4"
"CBR3-AS1","CBR3 Antisense RNA 1","RNA Gene","","26","GC21M036090","52.4262771606445","https://www.genecards.org/cgi-bin/carddisp.pl?gene=CBR3-AS1"
"TNF","Tumor Necrosis Factor","Protein Coding","P01375","63","GC06P199528","52.4228324890137","https://www.genecards.org/cgi-bin/carddisp.pl?gene=TNF"
"FAS","Fas Cell Surface Death Receptor","Protein Coding","P25445","63","GC10P134457","52.3695487976074","https://www.genecards.org/cgi-bin/carddisp.pl?gene=FAS"
"EGF","Epidermal Growth Factor","Protein Coding","P01133","64","GC04P109912","52.3164863586426","https://www.genecards.org/cgi-bin/carddisp.pl?gene=EGF"
"DNMT3A","DNA Methyltransferase 3 Alpha","Protein Coding","Q9Y6K1","65","GC02M025228","52.1350746154785","https://www.genecards.org/cgi-bin/carddisp.pl?gene=DNMT3A"
"MIR152","MicroRNA 152","RNA Gene","","29","GC17M048037","52.0208320617676","https://www.genecards.org/cgi-bin/carddisp.pl?gene=MIR152"
"DNMT1","DNA Methyltransferase 1","Protein Coding","P26358","66","GC19M010133","52.0071678161621","https://www.genecards.org/cgi-bin/carddisp.pl?gene=DNMT1"
"CDC25B","Cell Division Cycle 25B","Protein Coding","P30305","60","GC20P012414","51.9752006530762","https://www.genecards.org/cgi-bin/carddisp.pl?gene=CDC25B"
"PELP1","Proline, Glutamate And Leucine Rich Protein 1","Protein Coding","Q8IZL8","51","GC17M004669","51.8229141235352","https://www.genecards.org/cgi-bin/carddisp.pl?gene=PELP1"
"SMAD2","SMAD Family Member 2","Protein Coding","Q15796","64","GC18M047809","51.475212097168","https://www.genecards.org/cgi-bin/carddisp.pl?gene=SMAD2"
"PIK3CG","Phosphatidylinositol-4,5-Bisphosphate 3-Kinase Catalytic Subunit Gamma","Protein Coding","P48736","62","GC07P106865","51.4317321777344","https://www.genecards.org/cgi-bin/carddisp.pl?gene=PIK3CG"
"NFKB1","Nuclear Factor Kappa B Subunit 1","Protein Coding","P19838","66","GC04P102501","51.2464599609375","https://www.genecards.org/cgi-bin/carddisp.pl?gene=NFKB1"
"KMT2A","Lysine Methyltransferase 2A","Protein Coding","Q03164","60","GC11P118436","51.1998291015625","https://www.genecards.org/cgi-bin/carddisp.pl?gene=KMT2A"
"LINC-ROR","Long Intergenic Non-Protein Coding RNA, Regulator Of Reprogramming","RNA Gene","","25","GC18M057054","51.1821784973145","https://www.genecards.org/cgi-bin/carddisp.pl?gene=LINC-ROR"
"GSK3B","Glycogen Synthase Kinase 3 Beta","Protein Coding","P49841","64","GC03M119821","51.0317649841309","https://www.genecards.org/cgi-bin/carddisp.pl?gene=GSK3B"
"YAP1","Yes1 Associated Transcriptional Regulator","Protein Coding","P46937","61","GC11P102110","50.95166015625","https://www.genecards.org/cgi-bin/carddisp.pl?gene=YAP1"
"CCAT1","Colon Cancer Associated Transcript 1","RNA Gene","","23","GC08M127207","50.9432792663574","https://www.genecards.org/cgi-bin/carddisp.pl?gene=CCAT1"
"MGMT","O-6-Methylguanine-DNA Methyltransferase","Protein Coding","P16455","62","GC10P135655","50.824764251709","https://www.genecards.org/cgi-bin/carddisp.pl?gene=MGMT"
"MIR214","MicroRNA 214","RNA Gene","","30","GC01M172234","50.7837409973145","https://www.genecards.org/cgi-bin/carddisp.pl?gene=MIR214"
"NCOA3","Nuclear Receptor Coactivator 3","Protein Coding","Q9Y6Q9","61","GC20P047501","50.7744750976563","https://www.genecards.org/cgi-bin/carddisp.pl?gene=NCOA3"
"TINCR","TINCR Ubiquitin Domain Containing","Protein Coding","A0A2R8Y7D0","32","GC19M005558","50.7350387573242","https://www.genecards.org/cgi-bin/carddisp.pl?gene=TINCR"
"TH2-LCR","Th2 Cytokine Locus Control Region","Functional Element","","9","GC05P132629","50.6296234130859","https://www.genecards.org/cgi-bin/carddisp.pl?gene=TH2-LCR"
"HAND2-AS1","HAND2 Antisense RNA 1","RNA Gene","","29","GC04P173521","50.426212310791","https://www.genecards.org/cgi-bin/carddisp.pl?gene=HAND2-AS1"
"BCL2L1","BCL2 Like 1","Protein Coding","Q07817","62","GC20M031664","50.3629608154297","https://www.genecards.org/cgi-bin/carddisp.pl?gene=BCL2L1"
"DRAIC","Downregulated RNA In Cancer, Inhibitor Of Cell Invasion And Migration","RNA Gene","","23","GC15P210905","50.3328323364258","https://www.genecards.org/cgi-bin/carddisp.pl?gene=DRAIC"
"CDK2","Cyclin Dependent Kinase 2","Protein Coding","P24941","63","GC12P055966","50.3100738525391","https://www.genecards.org/cgi-bin/carddisp.pl?gene=CDK2"
"AXL","AXL Receptor Tyrosine Kinase","Protein Coding","P30530","65","GC19P041219","50.3039779663086","https://www.genecards.org/cgi-bin/carddisp.pl?gene=AXL"
"MIR128-2","MicroRNA 128-2","RNA Gene","","29","GC03P035754","50.3016624450684","https://www.genecards.org/cgi-bin/carddisp.pl?gene=MIR128-2"
"MIR29A","MicroRNA 29a","RNA Gene","","31","GC07M130876","50.1142692565918","https://www.genecards.org/cgi-bin/carddisp.pl?gene=MIR29A"
"FOXO3","Forkhead Box O3","Protein Coding","O43524","61","GC06P108559","50.0422706604004","https://www.genecards.org/cgi-bin/carddisp.pl?gene=FOXO3"
"MIR328","MicroRNA 328","RNA Gene","","29","GC16M076489","50.0413551330566","https://www.genecards.org/cgi-bin/carddisp.pl?gene=MIR328"
"LINC00460","Long Intergenic Non-Protein Coding RNA 460","RNA Gene","","25","GC13P106376","49.9733123779297","https://www.genecards.org/cgi-bin/carddisp.pl?gene=LINC00460"
"ZEB1-AS1","ZEB1 Antisense RNA 1","RNA Gene","","26","GC10M031166","49.9507751464844","https://www.genecards.org/cgi-bin/carddisp.pl?gene=ZEB1-AS1"
"HNF1A-AS1","HNF1A Antisense RNA 1","RNA Gene","","29","GC12M125301","49.916088104248","https://www.genecards.org/cgi-bin/carddisp.pl?gene=HNF1A-AS1"
"SOX9","SRY-Box Transcription Factor 9","Protein Coding","P48436","57","GC17P072121","49.8969192504883","https://www.genecards.org/cgi-bin/carddisp.pl?gene=SOX9"
"IL7R","Interleukin 7 Receptor","Protein Coding","P16871","59","GC05P035852","49.8605499267578","https://www.genecards.org/cgi-bin/carddisp.pl?gene=IL7R"
"MTHFR","Methylenetetrahydrofolate Reductase","Protein Coding","P42898","61","GC01M011785","49.8309936523438","https://www.genecards.org/cgi-bin/carddisp.pl?gene=MTHFR"
"LMNA","Lamin A/C","Protein Coding","P02545","63","GC01P156082","49.6809005737305","https://www.genecards.org/cgi-bin/carddisp.pl?gene=LMNA"
"LINC00662","Long Intergenic Non-Protein Coding RNA 662","RNA Gene","","23","GC19M027663","49.664665222168","https://www.genecards.org/cgi-bin/carddisp.pl?gene=LINC00662"
"FLT1","Fms Related Receptor Tyrosine Kinase 1","Protein Coding","P17948","64","GC13M028300","49.5641822814941","https://www.genecards.org/cgi-bin/carddisp.pl?gene=FLT1"
"NEK2","NIMA Related Kinase 2","Protein Coding","P51955","63","GC01M211658","49.5607109069824","https://www.genecards.org/cgi-bin/carddisp.pl?gene=NEK2"
"MIR29B2","MicroRNA 29b-2","RNA Gene","","26","GC01M207839","49.4330978393555","https://www.genecards.org/cgi-bin/carddisp.pl?gene=MIR29B2"
"SBF2-AS1","SBF2 Antisense RNA 1","RNA Gene","","25","GC11P009758","49.3956413269043","https://www.genecards.org/cgi-bin/carddisp.pl?gene=SBF2-AS1"
"E2F1","E2F Transcription Factor 1","Protein Coding","Q01094","57","GC20M033675","49.2543449401855","https://www.genecards.org/cgi-bin/carddisp.pl?gene=E2F1"
"ABCA1","ATP Binding Cassette Subfamily A Member 1","Protein Coding","O95477","61","GC09M104781","48.9728126525879","https://www.genecards.org/cgi-bin/carddisp.pl?gene=ABCA1"
"CXCL12","C-X-C Motif Chemokine Ligand 12","Protein Coding","P48061","58","GC10M044370","48.9327201843262","https://www.genecards.org/cgi-bin/carddisp.pl?gene=CXCL12"
"TBX3","T-Box Transcription Factor 3","Protein Coding","O15119","56","GC12M114670","48.8205451965332","https://www.genecards.org/cgi-bin/carddisp.pl?gene=TBX3"
"MIRLET7I","MicroRNA Let-7i","RNA Gene","","30","GC12P087194","48.7129058837891","https://www.genecards.org/cgi-bin/carddisp.pl?gene=MIRLET7I"
"XPA","XPA, DNA Damage Recognition And Repair Factor","Protein Coding","P23025","57","GC09M097654","48.6635284423828","https://www.genecards.org/cgi-bin/carddisp.pl?gene=XPA"
"MIR193B","MicroRNA 193b","RNA Gene","","29","GC16P136183","48.6484298706055","https://www.genecards.org/cgi-bin/carddisp.pl?gene=MIR193B"
"MIR206","MicroRNA 206","RNA Gene","","29","GC06P052144","48.638240814209","https://www.genecards.org/cgi-bin/carddisp.pl?gene=MIR206"
"PHB2","Prohibitin 2","Protein Coding","Q99623","56","GC12M006965","48.6117973327637","https://www.genecards.org/cgi-bin/carddisp.pl?gene=PHB2"
"CXCL8","C-X-C Motif Chemokine Ligand 8","Protein Coding","P10145","56","GC04P073740","48.400333404541","https://www.genecards.org/cgi-bin/carddisp.pl?gene=CXCL8"
"LINC00467","Long Intergenic Non-Protein Coding RNA 467","RNA Gene","","30","GC01P211382","48.3700180053711","https://www.genecards.org/cgi-bin/carddisp.pl?gene=LINC00467"
"MIR181A2","MicroRNA 181a-2","RNA Gene","","29","GC09P124692","48.1306762695313","https://www.genecards.org/cgi-bin/carddisp.pl?gene=MIR181A2"
"UIMC1","Ubiquitin Interaction Motif Containing 1","Protein Coding","Q96RL1","53","GC05M183868","48.0986061096191","https://www.genecards.org/cgi-bin/carddisp.pl?gene=UIMC1"
"IGFBP3","Insulin Like Growth Factor Binding Protein 3","Protein Coding","P17936","59","GC07M045912","48.0158042907715","https://www.genecards.org/cgi-bin/carddisp.pl?gene=IGFBP3"
"IRF1","Interferon Regulatory Factor 1","Protein Coding","P10914","59","GC05M132440","47.8001174926758","https://www.genecards.org/cgi-bin/carddisp.pl?gene=IRF1"
"EPIC1","Epigenetically Induced MYC Interacting LncRNA 1","RNA Gene","","20","GC22P102898","47.4973754882813","https://www.genecards.org/cgi-bin/carddisp.pl?gene=EPIC1"
"CCL2","C-C Motif Chemokine Ligand 2","Protein Coding","P13500","60","GC17P034255","47.3356170654297","https://www.genecards.org/cgi-bin/carddisp.pl?gene=CCL2"
"FGFR4","Fibroblast Growth Factor Receptor 4","Protein Coding","P22455","64","GC05P177086","47.3044509887695","https://www.genecards.org/cgi-bin/carddisp.pl?gene=FGFR4"
"DDB2","Damage Specific DNA Binding Protein 2","Protein Coding","Q92466","58","GC11P049913","47.268627166748","https://www.genecards.org/cgi-bin/carddisp.pl?gene=DDB2"
"CYP1A1","Cytochrome P450 Family 1 Subfamily A Member 1","Protein Coding","P04798","60","GC15M074719","47.2250328063965","https://www.genecards.org/cgi-bin/carddisp.pl?gene=CYP1A1"
"TOP2A","DNA Topoisomerase II Alpha","Protein Coding","P11388","63","GC17M040388","47.1054420471191","https://www.genecards.org/cgi-bin/carddisp.pl?gene=TOP2A"
"WWOX","WW Domain Containing Oxidoreductase","Protein Coding","Q9NZC7","59","GC16P078099","47.0394668579102","https://www.genecards.org/cgi-bin/carddisp.pl?gene=WWOX"
"AKT2","AKT Serine/Threonine Kinase 2","Protein Coding","P31751","66","GC19M040230","47.0222320556641","https://www.genecards.org/cgi-bin/carddisp.pl?gene=AKT2"
"NEK9","NIMA Related Kinase 9","Protein Coding","Q8TD19","58","GC14M075079","47.0008811950684","https://www.genecards.org/cgi-bin/carddisp.pl?gene=NEK9"
"MIRLET7A3","MicroRNA Let-7a-3","RNA Gene","","28","GC22P046112","46.9790802001953","https://www.genecards.org/cgi-bin/carddisp.pl?gene=MIRLET7A3"
"CDK1","Cyclin Dependent Kinase 1","Protein Coding","P06493","60","GC10P060772","46.8629112243652","https://www.genecards.org/cgi-bin/carddisp.pl?gene=CDK1"
"ZEB2","Zinc Finger E-Box Binding Homeobox 2","Protein Coding","O60315","61","GC02M144384","46.7240562438965","https://www.genecards.org/cgi-bin/carddisp.pl?gene=ZEB2"
"GNAS","GNAS Complex Locus","Protein Coding","P84996","63","GC20P058839","46.6880073547363","https://www.genecards.org/cgi-bin/carddisp.pl?gene=GNAS"
"MIR223","MicroRNA 223","RNA Gene","","30","GC0XP066018","46.6439056396484","https://www.genecards.org/cgi-bin/carddisp.pl?gene=MIR223"
"SMAD7","SMAD Family Member 7","Protein Coding","O15105","56","GC18M048919","46.6153373718262","https://www.genecards.org/cgi-bin/carddisp.pl?gene=SMAD7"
"AKT3","AKT Serine/Threonine Kinase 3","Protein Coding","Q9Y243","68","GC01M243488","46.5912857055664","https://www.genecards.org/cgi-bin/carddisp.pl?gene=AKT3"
"RELA","RELA Proto-Oncogene, NF-KB Subunit","Protein Coding","Q04206","64","GC11M065653","46.555721282959","https://www.genecards.org/cgi-bin/carddisp.pl?gene=RELA"
"RHOA","Ras Homolog Family Member A","Protein Coding","P61586","62","GC03M049359","46.4880714416504","https://www.genecards.org/cgi-bin/carddisp.pl?gene=RHOA"
"TCF7L2","Transcription Factor 7 Like 2","Protein Coding","Q9NQB0","60","GC10P112950","46.4562606811523","https://www.genecards.org/cgi-bin/carddisp.pl?gene=TCF7L2"
"HEIH","Hepatocellular Carcinoma Up-Regulated EZH2-Associated Long Non-Coding RNA","RNA Gene","","22","GC05M184027","46.3880310058594","https://www.genecards.org/cgi-bin/carddisp.pl?gene=HEIH"
"IDH2","Isocitrate Dehydrogenase (NADP(+)) 2","Protein Coding","P48735","65","GC15M090083","46.3385009765625","https://www.genecards.org/cgi-bin/carddisp.pl?gene=IDH2"
"VRK1","VRK Serine/Threonine Kinase 1","Protein Coding","Q99986","60","GC14P096797","46.2153930664063","https://www.genecards.org/cgi-bin/carddisp.pl?gene=VRK1"
"CYP1B1","Cytochrome P450 Family 1 Subfamily B Member 1","Protein Coding","Q16678","60","GC02M038066","46.1200714111328","https://www.genecards.org/cgi-bin/carddisp.pl?gene=CYP1B1"
"ZEB1","Zinc Finger E-Box Binding Homeobox 1","Protein Coding","P37275","61","GC10P031318","46.1089553833008","https://www.genecards.org/cgi-bin/carddisp.pl?gene=ZEB1"
"THORLNC","Testis Associated Oncogenic LncRNA","RNA Gene","","21","GC02M118133","46.0248603820801","https://www.genecards.org/cgi-bin/carddisp.pl?gene=THORLNC"
"SPOP","Speckle Type BTB/POZ Protein","Protein Coding","O43791","56","GC17M049598","45.9407920837402","https://www.genecards.org/cgi-bin/carddisp.pl?gene=SPOP"
"MCL1","MCL1 Apoptosis Regulator, BCL2 Family Member","Protein Coding","Q07820","62","GC01M169571","45.8206214904785","https://www.genecards.org/cgi-bin/carddisp.pl?gene=MCL1"
"MIR140","MicroRNA 140","RNA Gene","","32","GC16P137781","45.7987060546875","https://www.genecards.org/cgi-bin/carddisp.pl?gene=MIR140"
"ROS1","ROS Proto-Oncogene 1, Receptor Tyrosine Kinase","Protein Coding","P08922","60","GC06M117287","45.7457160949707","https://www.genecards.org/cgi-bin/carddisp.pl?gene=ROS1"
"CARMN","Cardiac Mesoderm Enhancer-Associated Non-Coding RNA","RNA Gene","","29","GC05P149397","45.6275482177734","https://www.genecards.org/cgi-bin/carddisp.pl?gene=CARMN"
"TYMS","Thymidylate Synthetase","Protein Coding","P04818","63","GC18P000657","45.570198059082","https://www.genecards.org/cgi-bin/carddisp.pl?gene=TYMS"
"CTAG1B","Cancer/Testis Antigen 1B","Protein Coding","P78358","43","GC0XM154617","45.4644622802734","https://www.genecards.org/cgi-bin/carddisp.pl?gene=CTAG1B"
"CCND2","Cyclin D2","Protein Coding","P30279","60","GC12P085668","45.4384651184082","https://www.genecards.org/cgi-bin/carddisp.pl?gene=CCND2"
"MIR183","MicroRNA 183","RNA Gene","","28","GC07M129909","45.3959922790527","https://www.genecards.org/cgi-bin/carddisp.pl?gene=MIR183"
"CAV1","Caveolin 1","Protein Coding","Q03135","61","GC07P116524","45.385383605957","https://www.genecards.org/cgi-bin/carddisp.pl?gene=CAV1"
"CASP9","Caspase 9","Protein Coding","P55211","61","GC01M040851","45.2483673095703","https://www.genecards.org/cgi-bin/carddisp.pl?gene=CASP9"
"MIR106A","MicroRNA 106a","RNA Gene","","27","GC0XM135549","45.1816368103027","https://www.genecards.org/cgi-bin/carddisp.pl?gene=MIR106A"
"CBFB","Core-Binding Factor Subunit Beta","Protein Coding","Q13951","58","GC16P137604","44.9273071289063","https://www.genecards.org/cgi-bin/carddisp.pl?gene=CBFB"
"MIR128-1","MicroRNA 128-1","RNA Gene","","27","GC02P135665","44.9142990112305","https://www.genecards.org/cgi-bin/carddisp.pl?gene=MIR128-1"
"HDAC1","Histone Deacetylase 1","Protein Coding","Q13547","64","GC01P093620","44.7703018188477","https://www.genecards.org/cgi-bin/carddisp.pl?gene=HDAC1"
"MIR139","MicroRNA 139","RNA Gene","","30","GC11M072615","44.7365760803223","https://www.genecards.org/cgi-bin/carddisp.pl?gene=MIR139"
"MIR106B","MicroRNA 106b","RNA Gene","","30","GC07M107361","44.698070526123","https://www.genecards.org/cgi-bin/carddisp.pl?gene=MIR106B"
"MIR9-2HG","MIR9-2 Host Gene","RNA Gene","","29","GC05M088507","44.5941848754883","https://www.genecards.org/cgi-bin/carddisp.pl?gene=MIR9-2HG"
"CTSD","Cathepsin D","Protein Coding","P07339","65","GC11M001752","44.5211753845215","https://www.genecards.org/cgi-bin/carddisp.pl?gene=CTSD"
"MIR136","MicroRNA 136","RNA Gene","","30","GC14P122624","44.5047378540039","https://www.genecards.org/cgi-bin/carddisp.pl?gene=MIR136"
"IFNG","Interferon Gamma","Protein Coding","P01579","63","GC12M068154","44.4952621459961","https://www.genecards.org/cgi-bin/carddisp.pl?gene=IFNG"
"KRT7","Keratin 7","Protein Coding","P08729","55","GC12P052232","44.465202331543","https://www.genecards.org/cgi-bin/carddisp.pl?gene=KRT7"
"KIF4A","Kinesin Family Member 4A","Protein Coding","O95239","52","GC0XP070290","44.3468818664551","https://www.genecards.org/cgi-bin/carddisp.pl?gene=KIF4A"
"MIR181D","MicroRNA 181d","RNA Gene","","27","GC19P013874","44.2881202697754","https://www.genecards.org/cgi-bin/carddisp.pl?gene=MIR181D"
"ALDH1A1","Aldehyde Dehydrogenase 1 Family Member A1","Protein Coding","P00352","60","GC09M072900","44.2775344848633","https://www.genecards.org/cgi-bin/carddisp.pl?gene=ALDH1A1"
"MIR93","MicroRNA 93","RNA Gene","","30","GC07M107362","44.2735900878906","https://www.genecards.org/cgi-bin/carddisp.pl?gene=MIR93"
"MIR124-3","MicroRNA 124-3","RNA Gene","","25","GC20P070499","44.1600074768066","https://www.genecards.org/cgi-bin/carddisp.pl?gene=MIR124-3"
"STAG2","STAG2 Cohesin Complex Component","Protein Coding","Q8N3U4","57","GC0XP123960","44.1579971313477","https://www.genecards.org/cgi-bin/carddisp.pl?gene=STAG2"
"CEBPA","CCAAT Enhancer Binding Protein Alpha","Protein Coding","P49715","60","GC19M033299","44.0293388366699","https://www.genecards.org/cgi-bin/carddisp.pl?gene=CEBPA"
"VIM-AS1","VIM Antisense RNA 1","RNA Gene","","25","GC10M017172","44.0060386657715","https://www.genecards.org/cgi-bin/carddisp.pl?gene=VIM-AS1"
"ITGB1","Integrin Subunit Beta 1","Protein Coding","P05556","63","GC10M037978","43.9192543029785","https://www.genecards.org/cgi-bin/carddisp.pl?gene=ITGB1"
"MANCR","Mitotically Associated Long Non Coding RNA","RNA Gene","","24","GC10M004577","43.8743629455566","https://www.genecards.org/cgi-bin/carddisp.pl?gene=MANCR"
"MIRLET7B","MicroRNA Let-7b","RNA Gene","","29","GC22P102867","43.8083953857422","https://www.genecards.org/cgi-bin/carddisp.pl?gene=MIRLET7B"
"MIR224","MicroRNA 224","RNA Gene","","26","GC0XM151958","43.7526435852051","https://www.genecards.org/cgi-bin/carddisp.pl?gene=MIR224"
"MIR150","MicroRNA 150","RNA Gene","","30","GC19M049500","43.5751724243164","https://www.genecards.org/cgi-bin/carddisp.pl?gene=MIR150"
"XIAP","X-Linked Inhibitor Of Apoptosis","Protein Coding","P98170","63","GC0XP123859","43.5461578369141","https://www.genecards.org/cgi-bin/carddisp.pl?gene=XIAP"
"PRLR","Prolactin Receptor","Protein Coding","P16471","60","GC05M035048","43.5083770751953","https://www.genecards.org/cgi-bin/carddisp.pl?gene=PRLR"
"BACH1","BACH Transcriptional Regulator 1","Protein Coding","O14867","52","GC21P029194","43.4417877197266","https://www.genecards.org/cgi-bin/carddisp.pl?gene=BACH1"
"LEP","Leptin","Protein Coding","P41159","58","GC07P128241","43.2720108032227","https://www.genecards.org/cgi-bin/carddisp.pl?gene=LEP"
"FOXP3","Forkhead Box P3~Name Same As:- HGNC:13781","Protein Coding","Q9BZS1","60","GC0XM049250","43.2583465576172","https://www.genecards.org/cgi-bin/carddisp.pl?gene=FOXP3"
"MIR23A","MicroRNA 23a","RNA Gene","","30","GC19M115788","43.2582054138184","https://www.genecards.org/cgi-bin/carddisp.pl?gene=MIR23A"
"AXIN1","Axin 1","Protein Coding","O15169","60","GC16M000287","43.197380065918","https://www.genecards.org/cgi-bin/carddisp.pl?gene=AXIN1"
"SOX21-AS1","SOX21 Antisense RNA 1","RNA Gene","","26","GC13P094707","43.169189453125","https://www.genecards.org/cgi-bin/carddisp.pl?gene=SOX21-AS1"
"FBXL19-AS1","FBXL19 Antisense RNA 1","RNA Gene","Q494R0","28","GC16M056507","43.1227493286133","https://www.genecards.org/cgi-bin/carddisp.pl?gene=FBXL19-AS1"
"IL10","Interleukin 10","Protein Coding","P22301","59","GC01M206767","43.0717697143555","https://www.genecards.org/cgi-bin/carddisp.pl?gene=IL10"
"MIR663A","MicroRNA 663a","RNA Gene","","23","GC20M026208","43.0482711791992","https://www.genecards.org/cgi-bin/carddisp.pl?gene=MIR663A"
"DCST1-AS1","DCST1 Antisense RNA 1","RNA Gene","","22","GC01M169779","43.0294990539551","https://www.genecards.org/cgi-bin/carddisp.pl?gene=DCST1-AS1"
"MIR100","MicroRNA 100","RNA Gene","","30","GC11M122152","43.026123046875","https://www.genecards.org/cgi-bin/carddisp.pl?gene=MIR100"
"MIR133B","MicroRNA 133b","RNA Gene","","31","GC06P052148","42.9688987731934","https://www.genecards.org/cgi-bin/carddisp.pl?gene=MIR133B"
"KLF4","KLF Transcription Factor 4","Protein Coding","O43474","60","GC09M107484","42.9486694335938","https://www.genecards.org/cgi-bin/carddisp.pl?gene=KLF4"
"PDGFRB","Platelet Derived Growth Factor Receptor Beta","Protein Coding","P09619","66","GC05M150113","42.9257431030273","https://www.genecards.org/cgi-bin/carddisp.pl?gene=PDGFRB"
"VEGFC","Vascular Endothelial Growth Factor C","Protein Coding","P49767","60","GC04M176683","42.8778076171875","https://www.genecards.org/cgi-bin/carddisp.pl?gene=VEGFC"
"PRKCA","Protein Kinase C Alpha","Protein Coding","P17252","64","GC17P066302","42.7597465515137","https://www.genecards.org/cgi-bin/carddisp.pl?gene=PRKCA"
"MIR199A1","MicroRNA 199a-1","RNA Gene","","29","GC19M010817","42.7418670654297","https://www.genecards.org/cgi-bin/carddisp.pl?gene=MIR199A1"
"MRPS30-DT","MRPS30 Divergent Transcript","RNA Gene","","20","GC05M045416","42.7296142578125","https://www.genecards.org/cgi-bin/carddisp.pl?gene=MRPS30-DT"
"SLC2A1","Solute Carrier Family 2 Member 1","Protein Coding","P11166","66","GC01M042925","42.7176856994629","https://www.genecards.org/cgi-bin/carddisp.pl?gene=SLC2A1"
"MIR196A2","MicroRNA 196a-2","RNA Gene","","29","GC12P086918","42.6887092590332","https://www.genecards.org/cgi-bin/carddisp.pl?gene=MIR196A2"
"KEAP1","Kelch Like ECH Associated Protein 1","Protein Coding","Q14145","61","GC19M010486","42.6869735717773","https://www.genecards.org/cgi-bin/carddisp.pl?gene=KEAP1"
"HELZ","Helicase With Zinc Finger","Protein Coding","P42694","46","GC17M067070","42.5427742004395","https://www.genecards.org/cgi-bin/carddisp.pl?gene=HELZ"
"JAK1","Janus Kinase 1","Protein Coding","P23458","66","GC01M064833","42.4015235900879","https://www.genecards.org/cgi-bin/carddisp.pl?gene=JAK1"
"FLT4","Fms Related Receptor Tyrosine Kinase 4","Protein Coding","P35916","64","GC05M184002","42.3060417175293","https://www.genecards.org/cgi-bin/carddisp.pl?gene=FLT4"
"MMP14","Matrix Metallopeptidase 14","Protein Coding","P50281","63","GC14P065380","42.2560882568359","https://www.genecards.org/cgi-bin/carddisp.pl?gene=MMP14"
"MMP1","Matrix Metallopeptidase 1","Protein Coding","P03956","63","GC11M146793","42.2099113464355","https://www.genecards.org/cgi-bin/carddisp.pl?gene=MMP1"
"GPER1","G Protein-Coupled Estrogen Receptor 1","Protein Coding","Q99527","54","GC07P031588","42.1839294433594","https://www.genecards.org/cgi-bin/carddisp.pl?gene=GPER1"
"PCNA","Proliferating Cell Nuclear Antigen","Protein Coding","P12004","63","GC20M005114","42.1595039367676","https://www.genecards.org/cgi-bin/carddisp.pl?gene=PCNA"
"PLAU","Plasminogen Activator, Urokinase","Protein Coding","P00749","64","GC10P077004","42.136905670166","https://www.genecards.org/cgi-bin/carddisp.pl?gene=PLAU"
"MIR19A","MicroRNA 19a","RNA Gene","","29","GC13P091773","42.1255264282227","https://www.genecards.org/cgi-bin/carddisp.pl?gene=MIR19A"
"PRKN","Parkin RBR E3 Ubiquitin Protein Ligase","Protein Coding","O60260","61","GC06M161348","42.1190071105957","https://www.genecards.org/cgi-bin/carddisp.pl?gene=PRKN"
"TLR4","Toll Like Receptor 4","Protein Coding","O00206","63","GC09P117704","41.9792556762695","https://www.genecards.org/cgi-bin/carddisp.pl?gene=TLR4"
"MIR142","MicroRNA 142","RNA Gene","","29","GC17M058331","41.9452018737793","https://www.genecards.org/cgi-bin/carddisp.pl?gene=MIR142"
"LDLR","Low Density Lipoprotein Receptor","Protein Coding","P01130","64","GC19P170942","41.9330558776855","https://www.genecards.org/cgi-bin/carddisp.pl?gene=LDLR"
"SETD2","SET Domain Containing 2, Histone Lysine Methyltransferase","Protein Coding","Q9BYW2","59","GC03M047033","41.9302597045898","https://www.genecards.org/cgi-bin/carddisp.pl?gene=SETD2"
"ACTA2","Actin Alpha 2, Smooth Muscle","Protein Coding","P62736","60","GC10M088935","41.9145431518555","https://www.genecards.org/cgi-bin/carddisp.pl?gene=ACTA2"
"BUB1","BUB1 Mitotic Checkpoint Serine/Threonine Kinase","Protein Coding","O43683","61","GC02M114533","41.8435440063477","https://www.genecards.org/cgi-bin/carddisp.pl?gene=BUB1"
"PROM1","Prominin 1","Protein Coding","O43490","60","GC04M015965","41.8253707885742","https://www.genecards.org/cgi-bin/carddisp.pl?gene=PROM1"
"CBL","Cbl Proto-Oncogene","Protein Coding","P22681","64","GC11P119206","41.7381439208984","https://www.genecards.org/cgi-bin/carddisp.pl?gene=CBL"
"ANXA2","Annexin A2","Protein Coding","P07355","60","GC15M060347","41.7054710388184","https://www.genecards.org/cgi-bin/carddisp.pl?gene=ANXA2"
"DROSHA","Drosha Ribonuclease III","Protein Coding","Q9NRR4","58","GC05M031401","41.7022666931152","https://www.genecards.org/cgi-bin/carddisp.pl?gene=DROSHA"
"NQO1","NAD(P)H Quinone Dehydrogenase 1","Protein Coding","P15559","61","GC16M069706","41.6255416870117","https://www.genecards.org/cgi-bin/carddisp.pl?gene=NQO1"
"HSPA5","Heat Shock Protein Family A (Hsp70) Member 5","Protein Coding","P11021","61","GC09M125234","41.4806671142578","https://www.genecards.org/cgi-bin/carddisp.pl?gene=HSPA5"
"MIR30E","MicroRNA 30e","RNA Gene","","31","GC01P040754","41.4081726074219","https://www.genecards.org/cgi-bin/carddisp.pl?gene=MIR30E"
"FN1","Fibronectin 1","Protein Coding","P02751","63","GC02M215360","41.3594055175781","https://www.genecards.org/cgi-bin/carddisp.pl?gene=FN1"
"FOXM1","Forkhead Box M1","Protein Coding","Q08050","55","GC12M002857","41.31640625","https://www.genecards.org/cgi-bin/carddisp.pl?gene=FOXM1"
"CCAT2","Colon Cancer Associated Transcript 2","RNA Gene","","22","GC08P127400","41.1011695861816","https://www.genecards.org/cgi-bin/carddisp.pl?gene=CCAT2"
"MAPK3","Mitogen-Activated Protein Kinase 3","Protein Coding","P27361","61","GC16M056375","41.050968170166","https://www.genecards.org/cgi-bin/carddisp.pl?gene=MAPK3"
"LINC01638","Long Intergenic Non-Protein Coding RNA 1638","RNA Gene","","22","GC22M090466","40.9970474243164","https://www.genecards.org/cgi-bin/carddisp.pl?gene=LINC01638"
"PCGF2","Polycomb Group Ring Finger 2","Protein Coding","P35227","51","GC17M038733","40.9478912353516","https://www.genecards.org/cgi-bin/carddisp.pl?gene=PCGF2"
"TP73","Tumor Protein P73","Protein Coding","O15350","58","GC01P003652","40.9432182312012","https://www.genecards.org/cgi-bin/carddisp.pl?gene=TP73"
"MIR25","MicroRNA 25","RNA Gene","","29","GC07M100093","40.9401054382324","https://www.genecards.org/cgi-bin/carddisp.pl?gene=MIR25"
"SP1","Sp1 Transcription Factor","Protein Coding","P08047","60","GC12P053380","40.9226379394531","https://www.genecards.org/cgi-bin/carddisp.pl?gene=SP1"
"NFKBIA","NFKB Inhibitor Alpha","Protein Coding","P25963","63","GC14M035401","40.8799171447754","https://www.genecards.org/cgi-bin/carddisp.pl?gene=NFKBIA"
"NPM1","Nucleophosmin 1","Protein Coding","P06748","63","GC05P171387","40.8778076171875","https://www.genecards.org/cgi-bin/carddisp.pl?gene=NPM1"
"MIR211","MicroRNA 211","RNA Gene","","30","GC15M031065","40.8292236328125","https://www.genecards.org/cgi-bin/carddisp.pl?gene=MIR211"
"SERPINE1","Serpin Family E Member 1","Protein Coding","P05121","63","GC07P115646","40.7411308288574","https://www.genecards.org/cgi-bin/carddisp.pl?gene=SERPINE1"
"LINC02620","Long Intergenic Non-Protein Coding RNA 2620","RNA Gene","","19","GC10M104475","40.7242088317871","https://www.genecards.org/cgi-bin/carddisp.pl?gene=LINC02620"
"PLAUR","Plasminogen Activator, Urokinase Receptor","Protein Coding","Q03405","57","GC19M043646","40.7233581542969","https://www.genecards.org/cgi-bin/carddisp.pl?gene=PLAUR"
"MIR125B1","MicroRNA 125b-1","RNA Gene","","30","GC11M147109","40.6559715270996","https://www.genecards.org/cgi-bin/carddisp.pl?gene=MIR125B1"
"SEMA3B-AS1","SEMA3B Antisense RNA 1","RNA Gene","","23","GC03M055353","40.5832862854004","https://www.genecards.org/cgi-bin/carddisp.pl?gene=SEMA3B-AS1"
"AHR","Aryl Hydrocarbon Receptor","Protein Coding","P35869","60","GC07P016916","40.372386932373","https://www.genecards.org/cgi-bin/carddisp.pl?gene=AHR"
"CCNB1","Cyclin B1","Protein Coding","P14635","60","GC05P069167","40.3690490722656","https://www.genecards.org/cgi-bin/carddisp.pl?gene=CCNB1"
"CD24","CD24 Molecule","Protein Coding","P25063","47","GC06M106969","40.2289543151855","https://www.genecards.org/cgi-bin/carddisp.pl?gene=CD24"
"MIR26B","MicroRNA 26b","RNA Gene","","31","GC02P218402","40.2266578674316","https://www.genecards.org/cgi-bin/carddisp.pl?gene=MIR26B"
"NKX2-1","NK2 Homeobox 1","Protein Coding","P43699","60","GC14M036516","40.1355133056641","https://www.genecards.org/cgi-bin/carddisp.pl?gene=NKX2-1"
"VIM","Vimentin","Protein Coding","P08670","63","GC10P017227","40.0478515625","https://www.genecards.org/cgi-bin/carddisp.pl?gene=VIM"
"RIPK1","Receptor Interacting Serine/Threonine Kinase 1","Protein Coding","Q13546","63","GC06P020581","39.9986419677734","https://www.genecards.org/cgi-bin/carddisp.pl?gene=RIPK1"
"MT1JP","Metallothionein 1J, Pseudogene","Pseudogene","","22","GC16P056635","39.9770240783691","https://www.genecards.org/cgi-bin/carddisp.pl?gene=MT1JP"
"MAP2K2","Mitogen-Activated Protein Kinase Kinase 2","Protein Coding","P36507","67","GC19M004090","39.9122276306152","https://www.genecards.org/cgi-bin/carddisp.pl?gene=MAP2K2"
"APEX1","Apurinic/Apyrimidinic Endodeoxyribonuclease 1","Protein Coding","P27695","58","GC14P064874","39.8481369018555","https://www.genecards.org/cgi-bin/carddisp.pl?gene=APEX1"
"LINC00667","Long Intergenic Non-Protein Coding RNA 667","RNA Gene","","26","GC18P005233","39.7959938049316","https://www.genecards.org/cgi-bin/carddisp.pl?gene=LINC00667"
"DDX21","DExD-Box Helicase 21","Protein Coding","Q9NR30","51","GC10P068956","39.7749671936035","https://www.genecards.org/cgi-bin/carddisp.pl?gene=DDX21"
"LINC01315","Long Intergenic Non-Protein Coding RNA 1315","RNA Gene","","24","GC22M090770","39.6527366638184","https://www.genecards.org/cgi-bin/carddisp.pl?gene=LINC01315"
"MIR424","MicroRNA 424","RNA Gene","","27","GC0XM135535","39.5191421508789","https://www.genecards.org/cgi-bin/carddisp.pl?gene=MIR424"
"PPP2R2A","Protein Phosphatase 2 Regulatory Subunit Balpha","Protein Coding","P63151","59","GC08P027145","39.51416015625","https://www.genecards.org/cgi-bin/carddisp.pl?gene=PPP2R2A"
"HSP90AA1","Heat Shock Protein 90 Alpha Family Class A Member 1","Protein Coding","P07900","64","GC14M102080","39.511604309082","https://www.genecards.org/cgi-bin/carddisp.pl?gene=HSP90AA1"
"LINC02273","Long Intergenic Non-Protein Coding RNA 2273","RNA Gene","","20","GC04P152101","39.4506034851074","https://www.genecards.org/cgi-bin/carddisp.pl?gene=LINC02273"
"NRON","Non-Coding Repressor Of NFAT","RNA Gene","","26","GC09M126407","39.371696472168","https://www.genecards.org/cgi-bin/carddisp.pl?gene=NRON"
"KDM1A","Lysine Demethylase 1A","Protein Coding","O60341","61","GC01P023019","39.2754936218262","https://www.genecards.org/cgi-bin/carddisp.pl?gene=KDM1A"
"GATA3-AS1","GATA3 Antisense RNA 1","RNA Gene","","26","GC10M008016","39.2480278015137","https://www.genecards.org/cgi-bin/carddisp.pl?gene=GATA3-AS1"
"SIRT1","Sirtuin 1","Protein Coding","Q96EB6","62","GC10P067884","39.1567840576172","https://www.genecards.org/cgi-bin/carddisp.pl?gene=SIRT1"
"LINC00885","Long Intergenic Non-Protein Coding RNA 885","RNA Gene","","23","GC03P201223","39.1550598144531","https://www.genecards.org/cgi-bin/carddisp.pl?gene=LINC00885"
"ACTC1","Actin Alpha Cardiac Muscle 1","Protein Coding","P68032","57","GC15M034790","39.01416015625","https://www.genecards.org/cgi-bin/carddisp.pl?gene=ACTC1"
"MIR9-3","MicroRNA 9-3","RNA Gene","","25","GC15P089368","39.0014343261719","https://www.genecards.org/cgi-bin/carddisp.pl?gene=MIR9-3"
"ATP7B","ATPase Copper Transporting Beta","Protein Coding","P35670","61","GC13M051930","38.9769592285156","https://www.genecards.org/cgi-bin/carddisp.pl?gene=ATP7B"
"KRT19","Keratin 19","Protein Coding","P08727","56","GC17M041523","38.8687324523926","https://www.genecards.org/cgi-bin/carddisp.pl?gene=KRT19"
"DCC","DCC Netrin 1 Receptor","Protein Coding","P43146","58","GC18P052340","38.8684463500977","https://www.genecards.org/cgi-bin/carddisp.pl?gene=DCC"
"CYP24A1","Cytochrome P450 Family 24 Subfamily A Member 1","Protein Coding","Q07973","60","GC20M054153","38.8674125671387","https://www.genecards.org/cgi-bin/carddisp.pl?gene=CYP24A1"
"LINC01559","Long Intergenic Non-Protein Coding RNA 1559","RNA Gene","Q495D7","31","GC12M013370","38.7589530944824","https://www.genecards.org/cgi-bin/carddisp.pl?gene=LINC01559"
"BMP6","Bone Morphogenetic Protein 6","Protein Coding","P22004","57","GC06P007726","38.7259521484375","https://www.genecards.org/cgi-bin/carddisp.pl?gene=BMP6"
"TNFRSF10B","TNF Receptor Superfamily Member 10b","Protein Coding","O14763","61","GC08M023006","38.7021217346191","https://www.genecards.org/cgi-bin/carddisp.pl?gene=TNFRSF10B"
"MIRLET7F2","MicroRNA Let-7f-2","RNA Gene","","25","GC0XM054122","38.7020835876465","https://www.genecards.org/cgi-bin/carddisp.pl?gene=MIRLET7F2"
"SNAI2","Snail Family Transcriptional Repressor 2","Protein Coding","O43623","55","GC08M048917","38.5336151123047","https://www.genecards.org/cgi-bin/carddisp.pl?gene=SNAI2"
"MIR494","MicroRNA 494","RNA Gene","","26","GC14P123663","38.470573425293","https://www.genecards.org/cgi-bin/carddisp.pl?gene=MIR494"
"KISS1","KiSS-1 Metastasis Suppressor","Protein Coding","Q15726","53","GC01M204190","38.4697532653809","https://www.genecards.org/cgi-bin/carddisp.pl?gene=KISS1"
"MIR296","MicroRNA 296","RNA Gene","","26","GC20M058817","38.4681434631348","https://www.genecards.org/cgi-bin/carddisp.pl?gene=MIR296"
"LCP1","Lymphocyte Cytosolic Protein 1","Protein Coding","P13796","54","GC13M046259","38.4602928161621","https://www.genecards.org/cgi-bin/carddisp.pl?gene=LCP1"
"TGFA","Transforming Growth Factor Alpha","Protein Coding","P01135","59","GC02M070447","38.4202613830566","https://www.genecards.org/cgi-bin/carddisp.pl?gene=TGFA"
"FASN","Fatty Acid Synthase","Protein Coding","P49327","61","GC17M082078","38.4172096252441","https://www.genecards.org/cgi-bin/carddisp.pl?gene=FASN"
"HGF","Hepatocyte Growth Factor","Protein Coding","P14210","64","GC07M081699","38.3418464660645","https://www.genecards.org/cgi-bin/carddisp.pl?gene=HGF"
"FOLH1","Folate Hydrolase 1","Protein Coding","Q04609","60","GC11M145880","38.305736541748","https://www.genecards.org/cgi-bin/carddisp.pl?gene=FOLH1"
"FGF2","Fibroblast Growth Factor 2","Protein Coding","P09038","59","GC04P122826","38.2713508605957","https://www.genecards.org/cgi-bin/carddisp.pl?gene=FGF2"
"SLC16A1-AS1","SLC16A1 Antisense RNA 1","RNA Gene","","25","GC01P114223","38.2532005310059","https://www.genecards.org/cgi-bin/carddisp.pl?gene=SLC16A1-AS1"
"NOTCH3","Notch Receptor 3","Protein Coding","Q9UM47","64","GC19M015159","38.2325630187988","https://www.genecards.org/cgi-bin/carddisp.pl?gene=NOTCH3"
"IRS1","Insulin Receptor Substrate 1","Protein Coding","P35568","60","GC02M226731","38.1807327270508","https://www.genecards.org/cgi-bin/carddisp.pl?gene=IRS1"
"MAPT-AS1","MAPT Antisense RNA 1","RNA Gene","","26","GC17M045799","38.1326789855957","https://www.genecards.org/cgi-bin/carddisp.pl?gene=MAPT-AS1"
"TPM1","Tropomyosin 1","Protein Coding","P09493","60","GC15P218417","38.1221237182617","https://www.genecards.org/cgi-bin/carddisp.pl?gene=TPM1"
"CA9","Carbonic Anhydrase 9","Protein Coding","Q16790","60","GC09P035673","38.0777626037598","https://www.genecards.org/cgi-bin/carddisp.pl?gene=CA9"
"SNCG","Synuclein Gamma","Protein Coding","O76070","55","GC10P134389","38.0183525085449","https://www.genecards.org/cgi-bin/carddisp.pl?gene=SNCG"
"CREB1","CAMP Responsive Element Binding Protein 1","Protein Coding","P16220","63","GC02P207529","38.0000228881836","https://www.genecards.org/cgi-bin/carddisp.pl?gene=CREB1"
"ITGA6-AS1","ITGA6 And PDK1 Antisense RNA 1","RNA Gene","","25","GC02M172513","37.8767318725586","https://www.genecards.org/cgi-bin/carddisp.pl?gene=ITGA6-AS1"
"ELAC2","ElaC Ribonuclease Z 2","Protein Coding","Q9BQ52","53","GC17M012991","37.8656578063965","https://www.genecards.org/cgi-bin/carddisp.pl?gene=ELAC2"
"CDH2","Cadherin 2","Protein Coding","P19022","64","GC18M040187","37.6459884643555","https://www.genecards.org/cgi-bin/carddisp.pl?gene=CDH2"
"MIR27B","MicroRNA 27b","RNA Gene","","29","GC09P159763","37.5408096313477","https://www.genecards.org/cgi-bin/carddisp.pl?gene=MIR27B"
"PDCD4-AS1","PDCD4 Antisense RNA 1","RNA Gene","","22","GC10M110868","37.5258178710938","https://www.genecards.org/cgi-bin/carddisp.pl?gene=PDCD4-AS1"
"CTCF","CCCTC-Binding Factor","Protein Coding","P49711","59","GC16P137652","37.504322052002","https://www.genecards.org/cgi-bin/carddisp.pl?gene=CTCF"
"AREG","Amphiregulin","Protein Coding","P15514","55","GC04P074445","37.457633972168","https://www.genecards.org/cgi-bin/carddisp.pl?gene=AREG"
"NOTCH2","Notch Receptor 2","Protein Coding","Q04721","65","GC01M119911","37.4414596557617","https://www.genecards.org/cgi-bin/carddisp.pl?gene=NOTCH2"
"CSF3","Colony Stimulating Factor 3","Protein Coding","P09919","55","GC17P040015","37.4095191955566","https://www.genecards.org/cgi-bin/carddisp.pl?gene=CSF3"
"MSR1","Macrophage Scavenger Receptor 1","Protein Coding","P21757","57","GC08M016107","37.3752021789551","https://www.genecards.org/cgi-bin/carddisp.pl?gene=MSR1"
"TOP1","DNA Topoisomerase I","Protein Coding","P11387","62","GC20P041028","37.3607597351074","https://www.genecards.org/cgi-bin/carddisp.pl?gene=TOP1"
"NME1","NME/NM23 Nucleoside Diphosphate Kinase 1","Protein Coding","P15531","60","GC17P175933","37.3279991149902","https://www.genecards.org/cgi-bin/carddisp.pl?gene=NME1"
"SPP1","Secreted Phosphoprotein 1","Protein Coding","P10451","57","GC04P087975","37.3196868896484","https://www.genecards.org/cgi-bin/carddisp.pl?gene=SPP1"
"BMI1","BMI1 Proto-Oncogene, Polycomb Ring Finger","Protein Coding","P35226","57","GC10P022561","37.3130531311035","https://www.genecards.org/cgi-bin/carddisp.pl?gene=BMI1"
"BIRC3","Baculoviral IAP Repeat Containing 3","Protein Coding","Q13489","60","GC11P102317","37.3102035522461","https://www.genecards.org/cgi-bin/carddisp.pl?gene=BIRC3"
"BECN1","Beclin 1","Protein Coding","Q14457","59","GC17M104775","37.2363929748535","https://www.genecards.org/cgi-bin/carddisp.pl?gene=BECN1"
"CEACAM5","CEA Cell Adhesion Molecule 5","Protein Coding","P06731","56","GC19P171721","37.1844902038574","https://www.genecards.org/cgi-bin/carddisp.pl?gene=CEACAM5"
"CDKN3","Cyclin Dependent Kinase Inhibitor 3","Protein Coding","Q16667","54","GC14P066396","37.1212501525879","https://www.genecards.org/cgi-bin/carddisp.pl?gene=CDKN3"
"TIMP1","TIMP Metallopeptidase Inhibitor 1","Protein Coding","P01033","57","GC0XP062405","37.0622634887695","https://www.genecards.org/cgi-bin/carddisp.pl?gene=TIMP1"
"MIR215","MicroRNA 215","RNA Gene","","27","GC01M220117","37.0616035461426","https://www.genecards.org/cgi-bin/carddisp.pl?gene=MIR215"
"ABL1","ABL Proto-Oncogene 1, Non-Receptor Tyrosine Kinase","Protein Coding","P00519","66","GC09P130713","36.9156875610352","https://www.genecards.org/cgi-bin/carddisp.pl?gene=ABL1"
"SOCS1","Suppressor Of Cytokine Signaling 1","Protein Coding","O15524","58","GC16M055516","36.8843040466309","https://www.genecards.org/cgi-bin/carddisp.pl?gene=SOCS1"
"LOC130062899","ATAC-STARR-Seq Lymphoblastoid Active Region 13597","Functional Element","","8","GC19P176752","36.7704467773438","https://www.genecards.org/cgi-bin/carddisp.pl?gene=LOC130062899"
"HSPB1","Heat Shock Protein Family B (Small) Member 1","Protein Coding","P04792","64","GC07P076302","36.7203826904297","https://www.genecards.org/cgi-bin/carddisp.pl?gene=HSPB1"
"MIRLET7E","MicroRNA Let-7e","RNA Gene","","29","GC19P172107","36.6934432983398","https://www.genecards.org/cgi-bin/carddisp.pl?gene=MIRLET7E"
"H2AX","H2A.X Variant Histone","Protein Coding","P16104","56","GC11M147055","36.6614532470703","https://www.genecards.org/cgi-bin/carddisp.pl?gene=H2AX"
"COL3A1","Collagen Type III Alpha 1 Chain","Protein Coding","P02461","60","GC02P188974","36.6113929748535","https://www.genecards.org/cgi-bin/carddisp.pl?gene=COL3A1"
"ELAVL1","ELAV Like RNA Binding Protein 1","Protein Coding","Q15717","54","GC19M007958","36.5973968505859","https://www.genecards.org/cgi-bin/carddisp.pl?gene=ELAVL1"
"MIR185","MicroRNA 185","RNA Gene","","31","GC22P102017","36.5910949707031","https://www.genecards.org/cgi-bin/carddisp.pl?gene=MIR185"
"MIR15A","MicroRNA 15a","RNA Gene","","26","GC13M050049","36.5127830505371","https://www.genecards.org/cgi-bin/carddisp.pl?gene=MIR15A"
"MIR24-1","MicroRNA 24-1","RNA Gene","","27","GC09P095086","36.4755821228027","https://www.genecards.org/cgi-bin/carddisp.pl?gene=MIR24-1"
"DGCR5","DiGeorge Syndrome Critical Region Gene 5","RNA Gene","","28","GC22P101987","36.4461975097656","https://www.genecards.org/cgi-bin/carddisp.pl?gene=DGCR5"
"ETS1","ETS Proto-Oncogene 1, Transcription Factor","Protein Coding","P14921","61","GC11M128458","36.333797454834","https://www.genecards.org/cgi-bin/carddisp.pl?gene=ETS1"
"MDM4","MDM4 Regulator Of P53","Protein Coding","O15151","58","GC01P204516","36.1715202331543","https://www.genecards.org/cgi-bin/carddisp.pl?gene=MDM4"
"MIR16-1","MicroRNA 16-1","RNA Gene","","30","GC13M050048","36.1626777648926","https://www.genecards.org/cgi-bin/carddisp.pl?gene=MIR16-1"
"KRT5","Keratin 5","Protein Coding","P13647","57","GC12M052514","36.1142578125","https://www.genecards.org/cgi-bin/carddisp.pl?gene=KRT5"
"MIR661","MicroRNA 661","RNA Gene","","24","GC08M143945","36.1039009094238","https://www.genecards.org/cgi-bin/carddisp.pl?gene=MIR661"
"MMP7","Matrix Metallopeptidase 7","Protein Coding","P09237","60","GC11M146789","36.0814514160156","https://www.genecards.org/cgi-bin/carddisp.pl?gene=MMP7"
"AURKB","Aurora Kinase B","Protein Coding","Q96GD4","65","GC17M103783","36.0787963867188","https://www.genecards.org/cgi-bin/carddisp.pl?gene=AURKB"
"METTL3","Methyltransferase 3, N6-Adenosine-Methyltransferase Complex Catalytic Subunit","Protein Coding","Q86U44","54","GC14M021498","36.0669097900391","https://www.genecards.org/cgi-bin/carddisp.pl?gene=METTL3"
"TGFB2","Transforming Growth Factor Beta 2","Protein Coding","P61812","63","GC01P218345","36.018383026123","https://www.genecards.org/cgi-bin/carddisp.pl?gene=TGFB2"
"OGG1","8-Oxoguanine DNA Glycosylase","Protein Coding","O15527","59","GC03P030161","35.9231643676758","https://www.genecards.org/cgi-bin/carddisp.pl?gene=OGG1"
"TRIM24","Tripartite Motif Containing 24","Protein Coding","O15164","57","GC07P138460","35.802604675293","https://www.genecards.org/cgi-bin/carddisp.pl?gene=TRIM24"
"MIRLET7A1","MicroRNA Let-7a-1","RNA Gene","","30","GC09P094175","35.7036056518555","https://www.genecards.org/cgi-bin/carddisp.pl?gene=MIRLET7A1"
"MAPK8","Mitogen-Activated Protein Kinase 8","Protein Coding","P45983","63","GC10P048306","35.6646995544434","https://www.genecards.org/cgi-bin/carddisp.pl?gene=MAPK8"
"BRD4","Bromodomain Containing 4","Protein Coding","O60885","60","GC19M115828","35.6220207214355","https://www.genecards.org/cgi-bin/carddisp.pl?gene=BRD4"
"MIR15B","MicroRNA 15b","RNA Gene","","28","GC03P160404","35.5432891845703","https://www.genecards.org/cgi-bin/carddisp.pl?gene=MIR15B"
"HCP5","HLA Complex P5","RNA Gene","Q6MZN7","38","GC06P031400","35.520263671875","https://www.genecards.org/cgi-bin/carddisp.pl?gene=HCP5"
"SOX4","SRY-Box Transcription Factor 4","Protein Coding","Q06945","55","GC06P021593","35.4961357116699","https://www.genecards.org/cgi-bin/carddisp.pl?gene=SOX4"
"MIR520C","MicroRNA 520c","RNA Gene","","25","GC19P172210","35.3992042541504","https://www.genecards.org/cgi-bin/carddisp.pl?gene=MIR520C"
"ETV6","ETS Variant Transcription Factor 6","Protein Coding","P41212","59","GC12P011649","35.3409652709961","https://www.genecards.org/cgi-bin/carddisp.pl?gene=ETV6"
"MIR130A","MicroRNA 130a","RNA Gene","","30","GC11P057641","35.3380088806152","https://www.genecards.org/cgi-bin/carddisp.pl?gene=MIR130A"
"COMT","Catechol-O-Methyltransferase","Protein Coding","P21964","63","GC22P019941","35.3311309814453","https://www.genecards.org/cgi-bin/carddisp.pl?gene=COMT"
"WNT5A","Wnt Family Member 5A","Protein Coding","P41221","63","GC03M055465","35.2975616455078","https://www.genecards.org/cgi-bin/carddisp.pl?gene=WNT5A"
"INSR","Insulin Receptor","Protein Coding","P06213","66","GC19M007112","35.2825508117676","https://www.genecards.org/cgi-bin/carddisp.pl?gene=INSR"
"LINC01087","Long Intergenic Non-Protein Coding RNA 1087","RNA Gene","","21","GC02P160720","35.209358215332","https://www.genecards.org/cgi-bin/carddisp.pl?gene=LINC01087"
"PRC1","Protein Regulator Of Cytokinesis 1","Protein Coding","O43663","50","GC15M090966","35.1800117492676","https://www.genecards.org/cgi-bin/carddisp.pl?gene=PRC1"
"RRAS2","RAS Related 2","Protein Coding","P62070","60","GC11M018276","35.1480865478516","https://www.genecards.org/cgi-bin/carddisp.pl?gene=RRAS2"
"RPS20","Ribosomal Protein S20","Protein Coding","P60866","55","GC08M056067","35.131477355957","https://www.genecards.org/cgi-bin/carddisp.pl?gene=RPS20"
"DDR1","Discoidin Domain Receptor Tyrosine Kinase 1","Protein Coding","Q08345","58","GC06P199511","35.0987739562988","https://www.genecards.org/cgi-bin/carddisp.pl?gene=DDR1"
"TNFSF11","TNF Superfamily Member 11","Protein Coding","O14788","61","GC13P042562","35.0973129272461","https://www.genecards.org/cgi-bin/carddisp.pl?gene=TNFSF11"
"HMGA2","High Mobility Group AT-Hook 2","Protein Coding","P52926","57","GC12P065824","35.0884246826172","https://www.genecards.org/cgi-bin/carddisp.pl?gene=HMGA2"
"MIR216A","MicroRNA 216a","RNA Gene","","29","GC02M055988","35.0669250488281","https://www.genecards.org/cgi-bin/carddisp.pl?gene=MIR216A"
"FOS","Fos Proto-Oncogene, AP-1 Transcription Factor Subunit","Protein Coding","P01100","64","GC14P075278","34.969913482666","https://www.genecards.org/cgi-bin/carddisp.pl?gene=FOS"
"YBX1","Y-Box Binding Protein 1","Protein Coding","P67809","54","GC01P042682","34.8963088989258","https://www.genecards.org/cgi-bin/carddisp.pl?gene=YBX1"
"DPYD","Dihydropyrimidine Dehydrogenase","Protein Coding","Q12882","64","GC01M097015","34.883903503418","https://www.genecards.org/cgi-bin/carddisp.pl?gene=DPYD"
"PIK3CD","Phosphatidylinositol-4,5-Bisphosphate 3-Kinase Catalytic Subunit Delta","Protein Coding","O00329","66","GC01P091801","34.8680534362793","https://www.genecards.org/cgi-bin/carddisp.pl?gene=PIK3CD"
"BCL2L11","BCL2 Like 11","Protein Coding","O43521","57","GC02P111119","34.8372535705566","https://www.genecards.org/cgi-bin/carddisp.pl?gene=BCL2L11"
"MAPK14","Mitogen-Activated Protein Kinase 14","Protein Coding","Q16539","64","GC06P199648","34.7794494628906","https://www.genecards.org/cgi-bin/carddisp.pl?gene=MAPK14"
"MIR34B","MicroRNA 34b","RNA Gene","","30","GC11P131483","34.7742309570313","https://www.genecards.org/cgi-bin/carddisp.pl?gene=MIR34B"
"CYP3A4","Cytochrome P450 Family 3 Subfamily A Member 4","Protein Coding","P08684","62","GC07M107343","34.7571411132813","https://www.genecards.org/cgi-bin/carddisp.pl?gene=CYP3A4"
"LINC00993","Long Intergenic Non-Protein Coding RNA 993","RNA Gene","","17","GC10P037249","34.7256851196289","https://www.genecards.org/cgi-bin/carddisp.pl?gene=LINC00993"
"MIR361","MicroRNA 361","RNA Gene","","27","GC0XM085903","34.6910209655762","https://www.genecards.org/cgi-bin/carddisp.pl?gene=MIR361"
"GRB2","Growth Factor Receptor Bound Protein 2","Protein Coding","P62993","60","GC17M075318","34.6304092407227","https://www.genecards.org/cgi-bin/carddisp.pl?gene=GRB2"
"FADD","Fas Associated Via Death Domain","Protein Coding","Q13158","58","GC11P070203","34.6288719177246","https://www.genecards.org/cgi-bin/carddisp.pl?gene=FADD"
"PLK1","Polo Like Kinase 1","Protein Coding","P53350","64","GC16P136496","34.6288566589355","https://www.genecards.org/cgi-bin/carddisp.pl?gene=PLK1"
"S100A4","S100 Calcium Binding Protein A4","Protein Coding","P26447","57","GC01M153543","34.5832023620605","https://www.genecards.org/cgi-bin/carddisp.pl?gene=S100A4"
"ENO1","Enolase 1","Protein Coding","P06733","61","GC01M040295","34.580680847168","https://www.genecards.org/cgi-bin/carddisp.pl?gene=ENO1"
"FEZF1-AS1","FEZF1 Antisense RNA 1","RNA Gene","","25","GC07P122303","34.5629005432129","https://www.genecards.org/cgi-bin/carddisp.pl?gene=FEZF1-AS1"
"CSF1R","Colony Stimulating Factor 1 Receptor","Protein Coding","P07333","64","GC05M150053","34.5498809814453","https://www.genecards.org/cgi-bin/carddisp.pl?gene=CSF1R"
"TIMP2","TIMP Metallopeptidase Inhibitor 2","Protein Coding","P16035","54","GC17M078852","34.4624214172363","https://www.genecards.org/cgi-bin/carddisp.pl?gene=TIMP2"
"TLR2","Toll Like Receptor 2","Protein Coding","O60603","64","GC04P153684","34.4307899475098","https://www.genecards.org/cgi-bin/carddisp.pl?gene=TLR2"
"RUNX3","RUNX Family Transcription Factor 3","Protein Coding","Q13761","55","GC01M024899","34.4094734191895","https://www.genecards.org/cgi-bin/carddisp.pl?gene=RUNX3"
"RAC1","Rac Family Small GTPase 1","Protein Coding","P63000","61","GC07P031790","34.3954887390137","https://www.genecards.org/cgi-bin/carddisp.pl?gene=RAC1"
"MIR324","MicroRNA 324","RNA Gene","","28","GC17M007223","34.3838920593262","https://www.genecards.org/cgi-bin/carddisp.pl?gene=MIR324"
"PIK3CB","Phosphatidylinositol-4,5-Bisphosphate 3-Kinase Catalytic Subunit Beta","Protein Coding","P42338","61","GC03M138652","34.3792724609375","https://www.genecards.org/cgi-bin/carddisp.pl?gene=PIK3CB"
"ERG","ETS Transcription Factor ERG","Protein Coding","P11308","59","GC21M038367","34.3256874084473","https://www.genecards.org/cgi-bin/carddisp.pl?gene=ERG"
"ABCC4","ATP Binding Cassette Subfamily C Member 4 (PEL Blood Group)","Protein Coding","O15439","58","GC13M095019","34.3030090332031","https://www.genecards.org/cgi-bin/carddisp.pl?gene=ABCC4"
"SHH","Sonic Hedgehog Signaling Molecule","Protein Coding","Q15465","63","GC07M155799","34.2339286804199","https://www.genecards.org/cgi-bin/carddisp.pl?gene=SHH"
"MIR192","MicroRNA 192","RNA Gene","","30","GC11M064891","34.233715057373","https://www.genecards.org/cgi-bin/carddisp.pl?gene=MIR192"
"NT5E","5''-Nucleotidase Ecto","Protein Coding","P21589","65","GC06P085449","34.1304626464844","https://www.genecards.org/cgi-bin/carddisp.pl?gene=NT5E"
"BDNF-AS","BDNF Antisense RNA","RNA Gene","","30","GC11P027466","34.1297454833984","https://www.genecards.org/cgi-bin/carddisp.pl?gene=BDNF-AS"
"HMGB1","High Mobility Group Box 1","Protein Coding","P09429","63","GC13M030456","34.0588989257813","https://www.genecards.org/cgi-bin/carddisp.pl?gene=HMGB1"
"LEF1","Lymphoid Enhancer Binding Factor 1","Protein Coding","Q9UJU2","61","GC04M108047","34.0577507019043","https://www.genecards.org/cgi-bin/carddisp.pl?gene=LEF1"
"CDC25A","Cell Division Cycle 25A","Protein Coding","P30304","61","GC03M048437","33.9025382995605","https://www.genecards.org/cgi-bin/carddisp.pl?gene=CDC25A"
"DNMT3B","DNA Methyltransferase 3 Beta","Protein Coding","Q9UBC3","63","GC20P032762","33.8920555114746","https://www.genecards.org/cgi-bin/carddisp.pl?gene=DNMT3B"
"RPS6KB1","Ribosomal Protein S6 Kinase B1","Protein Coding","P23443","63","GC17P059893","33.8584823608398","https://www.genecards.org/cgi-bin/carddisp.pl?gene=RPS6KB1"
"MIR342","MicroRNA 342","RNA Gene","","30","GC14P100109","33.8539276123047","https://www.genecards.org/cgi-bin/carddisp.pl?gene=MIR342"
"ACTB","Actin Beta","Protein Coding","P60709","63","GC07M005984","33.8503494262695","https://www.genecards.org/cgi-bin/carddisp.pl?gene=ACTB"
"DSP","Desmoplakin","Protein Coding","P15924","62","GC06P007541","33.7979354858398","https://www.genecards.org/cgi-bin/carddisp.pl?gene=DSP"
"ODC1","Ornithine Decarboxylase 1","Protein Coding","P11926","60","GC02M010432","33.7299957275391","https://www.genecards.org/cgi-bin/carddisp.pl?gene=ODC1"
"MTDH","Metadherin","Protein Coding","Q86UE4","51","GC08P097644","33.6608810424805","https://www.genecards.org/cgi-bin/carddisp.pl?gene=MTDH"
"PML","PML Nuclear Body Scaffold","Protein Coding","P29590","58","GC15P073994","33.6269302368164","https://www.genecards.org/cgi-bin/carddisp.pl?gene=PML"
"CCL5","C-C Motif Chemokine Ligand 5","Protein Coding","P13501","56","GC17M035871","33.5937385559082","https://www.genecards.org/cgi-bin/carddisp.pl?gene=CCL5"
"XRCC6","X-Ray Repair Cross Complementing 6","Protein Coding","P12956","58","GC22P102758","33.4877853393555","https://www.genecards.org/cgi-bin/carddisp.pl?gene=XRCC6"
"CCN2","Cellular Communication Network Factor 2","Protein Coding","P29279","59","GC06M131948","33.4860725402832","https://www.genecards.org/cgi-bin/carddisp.pl?gene=CCN2"
"PKM","Pyruvate Kinase M1/2","Protein Coding","P14618","63","GC15M072199","33.4123878479004","https://www.genecards.org/cgi-bin/carddisp.pl?gene=PKM"
"HYOU1-AS1","HYOU1 Antisense RNA 1","RNA Gene","","17","GC11P132462","33.3501472473145","https://www.genecards.org/cgi-bin/carddisp.pl?gene=HYOU1-AS1"
"CCNA2","Cyclin A2","Protein Coding","P20248","58","GC04M121816","33.3287696838379","https://www.genecards.org/cgi-bin/carddisp.pl?gene=CCNA2"
"SCGB2A2","Secretoglobin Family 2A Member 2","Protein Coding","Q13296","48","GC11P129613","33.3140487670898","https://www.genecards.org/cgi-bin/carddisp.pl?gene=SCGB2A2"
"MIR193A","MicroRNA 193a","RNA Gene","","28","GC17P031559","33.2618942260742","https://www.genecards.org/cgi-bin/carddisp.pl?gene=MIR193A"
"MIR338","MicroRNA 338","RNA Gene","","27","GC17M105772","33.2364273071289","https://www.genecards.org/cgi-bin/carddisp.pl?gene=MIR338"
"KLF5","KLF Transcription Factor 5","Protein Coding","Q13887","58","GC13P073054","33.2290725708008","https://www.genecards.org/cgi-bin/carddisp.pl?gene=KLF5"
"EPHA2","EPH Receptor A2","Protein Coding","P29317","64","GC01M016124","33.1852722167969","https://www.genecards.org/cgi-bin/carddisp.pl?gene=EPHA2"
"MIR7-3HG","MIR7-3 Host Gene","RNA Gene","Q8N6C7","33","GC19P170668","33.1444816589355","https://www.genecards.org/cgi-bin/carddisp.pl?gene=MIR7-3HG"
"JAG1","Jagged Canonical Notch Ligand 1","Protein Coding","P78504","63","GC20M010637","33.0851936340332","https://www.genecards.org/cgi-bin/carddisp.pl?gene=JAG1"
"KRT8","Keratin 8","Protein Coding","P05787","59","GC12M052897","33.0670623779297","https://www.genecards.org/cgi-bin/carddisp.pl?gene=KRT8"
"DKK1","Dickkopf Wnt Signaling Pathway Inhibitor 1","Protein Coding","O94907","56","GC10P052314","33.0364990234375","https://www.genecards.org/cgi-bin/carddisp.pl?gene=DKK1"
"SPARC","Secreted Protein Acidic And Cysteine Rich","Protein Coding","P09486","62","GC05M151661","33.0339775085449","https://www.genecards.org/cgi-bin/carddisp.pl?gene=SPARC"
"BSG","Basigin (Ok Blood Group)","Protein Coding","P35613","57","GC19P000571","32.983570098877","https://www.genecards.org/cgi-bin/carddisp.pl?gene=BSG"
"HDAC6","Histone Deacetylase 6","Protein Coding","Q9UBN7","66","GC0XP048801","32.9543762207031","https://www.genecards.org/cgi-bin/carddisp.pl?gene=HDAC6"
"CYLD","CYLD Lysine 63 Deubiquitinase","Protein Coding","Q9NQC7","60","GC16P050742","32.9439811706543","https://www.genecards.org/cgi-bin/carddisp.pl?gene=CYLD"
"EGR1","Early Growth Response 1","Protein Coding","P18146","58","GC05P138465","32.9393424987793","https://www.genecards.org/cgi-bin/carddisp.pl?gene=EGR1"
"GDF15","Growth Differentiation Factor 15","Protein Coding","Q99988","56","GC19P171233","32.8671493530273","https://www.genecards.org/cgi-bin/carddisp.pl?gene=GDF15"
"PAK1","P21 (RAC1) Activated Kinase 1","Protein Coding","Q13153","63","GC11M077321","32.817741394043","https://www.genecards.org/cgi-bin/carddisp.pl?gene=PAK1"
"BMP4","Bone Morphogenetic Protein 4","Protein Coding","P12644","61","GC14M053949","32.8099937438965","https://www.genecards.org/cgi-bin/carddisp.pl?gene=BMP4"
"YY1","YY1 Transcription Factor","Protein Coding","P25490","60","GC14P100238","32.8078842163086","https://www.genecards.org/cgi-bin/carddisp.pl?gene=YY1"
"KRT18","Keratin 18","Protein Coding","P05783","62","GC12P086837","32.7928504943848","https://www.genecards.org/cgi-bin/carddisp.pl?gene=KRT18"
"MYH11","Myosin Heavy Chain 11","Protein Coding","P35749","58","GC16M055700","32.7552833557129","https://www.genecards.org/cgi-bin/carddisp.pl?gene=MYH11"
"MIR212","MicroRNA 212","RNA Gene","","29","GC17M002050","32.7549896240234","https://www.genecards.org/cgi-bin/carddisp.pl?gene=MIR212"
"BAD","BCL2 Associated Agonist Of Cell Death","Protein Coding","Q92934","57","GC11M146126","32.7289619445801","https://www.genecards.org/cgi-bin/carddisp.pl?gene=BAD"
"CSF1","Colony Stimulating Factor 1","Protein Coding","P09603","57","GC01P113875","32.7084083557129","https://www.genecards.org/cgi-bin/carddisp.pl?gene=CSF1"
"LDHA","Lactate Dehydrogenase A","Protein Coding","P00338","63","GC11P018394","32.6896896362305","https://www.genecards.org/cgi-bin/carddisp.pl?gene=LDHA"
"PTK2B","Protein Tyrosine Kinase 2 Beta","Protein Coding","Q14289","62","GC08P027341","32.6847801208496","https://www.genecards.org/cgi-bin/carddisp.pl?gene=PTK2B"
"STAT5B","Signal Transducer And Activator Of Transcription 5B","Protein Coding","P51692","62","GC17M042199","32.6820907592773","https://www.genecards.org/cgi-bin/carddisp.pl?gene=STAT5B"
"ABCC2","ATP Binding Cassette Subfamily C Member 2","Protein Coding","Q92887","60","GC10P099782","32.6646842956543","https://www.genecards.org/cgi-bin/carddisp.pl?gene=ABCC2"
"TMPRSS2","Transmembrane Serine Protease 2","Protein Coding","O15393","60","GC21M041464","32.6498565673828","https://www.genecards.org/cgi-bin/carddisp.pl?gene=TMPRSS2"
"ICAM1","Intercellular Adhesion Molecule 1","Protein Coding","P05362","62","GC19P170923","32.6202049255371","https://www.genecards.org/cgi-bin/carddisp.pl?gene=ICAM1"
"KDM4B","Lysine Demethylase 4B","Protein Coding","O94953","58","GC19P004969","32.6091194152832","https://www.genecards.org/cgi-bin/carddisp.pl?gene=KDM4B"
"LEPR","Leptin Receptor","Protein Coding","P48357","63","GC01P095923","32.5797004699707","https://www.genecards.org/cgi-bin/carddisp.pl?gene=LEPR"
"IGF2BP3","Insulin Like Growth Factor 2 MRNA Binding Protein 3","Protein Coding","O00425","54","GC07M023939","32.5751304626465","https://www.genecards.org/cgi-bin/carddisp.pl?gene=IGF2BP3"
"ALDH2","Aldehyde Dehydrogenase 2 Family Member","Protein Coding","P05091","63","GC12P111766","32.5347480773926","https://www.genecards.org/cgi-bin/carddisp.pl?gene=ALDH2"
"MIR30B","MicroRNA 30b","RNA Gene","","30","GC08M134800","32.4989280700684","https://www.genecards.org/cgi-bin/carddisp.pl?gene=MIR30B"
"MELK","Maternal Embryonic Leucine Zipper Kinase","Protein Coding","Q14680","59","GC09P036572","32.4931373596191","https://www.genecards.org/cgi-bin/carddisp.pl?gene=MELK"
"IL2RA","Interleukin 2 Receptor Subunit Alpha","Protein Coding","P01589","63","GC10M006010","32.3103675842285","https://www.genecards.org/cgi-bin/carddisp.pl?gene=IL2RA"
"PRMT5","Protein Arginine Methyltransferase 5","Protein Coding","O14744","59","GC14M022920","32.3045845031738","https://www.genecards.org/cgi-bin/carddisp.pl?gene=PRMT5"
"LINC02605","Long Intergenic Non-Protein Coding RNA 2605","RNA Gene","","21","GC08P078838","32.2587585449219","https://www.genecards.org/cgi-bin/carddisp.pl?gene=LINC02605"
"CFLAR","CASP8 And FADD Like Apoptosis Regulator","Protein Coding","O15519","57","GC02P205259","32.186466217041","https://www.genecards.org/cgi-bin/carddisp.pl?gene=CFLAR"
"LGALS3","Galectin 3","Protein Coding","P17931","57","GC14P066439","32.1454811096191","https://www.genecards.org/cgi-bin/carddisp.pl?gene=LGALS3"
"NCOR2","Nuclear Receptor Corepressor 2","Protein Coding","Q9Y618","56","GC12M124324","32.1362991333008","https://www.genecards.org/cgi-bin/carddisp.pl?gene=NCOR2"
"MIR199B","MicroRNA 199b","RNA Gene","","27","GC09M128244","32.131649017334","https://www.genecards.org/cgi-bin/carddisp.pl?gene=MIR199B"
"STAT6","Signal Transducer And Activator Of Transcription 6","Protein Coding","P42226","64","GC12M057095","32.0718154907227","https://www.genecards.org/cgi-bin/carddisp.pl?gene=STAT6"
"KRT14","Keratin 14","Protein Coding","P02533","58","GC17M041582","32.014533996582","https://www.genecards.org/cgi-bin/carddisp.pl?gene=KRT14"
"SOCS3","Suppressor Of Cytokine Signaling 3","Protein Coding","O14543","57","GC17M078356","31.9150123596191","https://www.genecards.org/cgi-bin/carddisp.pl?gene=SOCS3"
"MED12","Mediator Complex Subunit 12","Protein Coding","Q93074","56","GC0XP071118","31.9045314788818","https://www.genecards.org/cgi-bin/carddisp.pl?gene=MED12"
"POSTN","Periostin","Protein Coding","Q15063","56","GC13M037562","31.8562507629395","https://www.genecards.org/cgi-bin/carddisp.pl?gene=POSTN"
"CSF2","Colony Stimulating Factor 2","Protein Coding","P04141","58","GC05P132073","31.8373489379883","https://www.genecards.org/cgi-bin/carddisp.pl?gene=CSF2"
"MIR124-1","MicroRNA 124-1","RNA Gene","","29","GC08M009903","31.7573642730713","https://www.genecards.org/cgi-bin/carddisp.pl?gene=MIR124-1"
"MIR374A","MicroRNA 374a","RNA Gene","","26","GC0XM074300","31.7560558319092","https://www.genecards.org/cgi-bin/carddisp.pl?gene=MIR374A"
"GNRHR","Gonadotropin Releasing Hormone Receptor","Protein Coding","P30968","59","GC04M067737","31.7320995330811","https://www.genecards.org/cgi-bin/carddisp.pl?gene=GNRHR"
"ACD","ACD Shelterin Complex Subunit And Telomerase Recruitment Factor","Protein Coding","Q96AP0","54","GC16M076508","31.6854000091553","https://www.genecards.org/cgi-bin/carddisp.pl?gene=ACD"
"PRKCD","Protein Kinase C Delta","Protein Coding","Q05655","65","GC03P053156","31.6673488616943","https://www.genecards.org/cgi-bin/carddisp.pl?gene=PRKCD"
"NANOG","Nanog Homeobox","Protein Coding","Q9H9S0","50","GC12P007787","31.6478176116943","https://www.genecards.org/cgi-bin/carddisp.pl?gene=NANOG"
"XBP1","X-Box Binding Protein 1","Protein Coding","P17861","58","GC22M028794","31.6282997131348","https://www.genecards.org/cgi-bin/carddisp.pl?gene=XBP1"
"CYCS","Cytochrome C, Somatic","Protein Coding","P99999","59","GC07M025118","31.6016387939453","https://www.genecards.org/cgi-bin/carddisp.pl?gene=CYCS"
"PCSK9","Proprotein Convertase Subtilisin/Kexin Type 9","Protein Coding","Q8NBP7","62","GC01P055039","31.5134353637695","https://www.genecards.org/cgi-bin/carddisp.pl?gene=PCSK9"
"MIR181C","MicroRNA 181c","RNA Gene","","29","GC19P171108","31.5133743286133","https://www.genecards.org/cgi-bin/carddisp.pl?gene=MIR181C"
"MBD4","Methyl-CpG Binding Domain 4, DNA Glycosylase","Protein Coding","O95243","56","GC03M129430","31.508544921875","https://www.genecards.org/cgi-bin/carddisp.pl?gene=MBD4"
"VEGFD","Vascular Endothelial Growth Factor D","Protein Coding","O43915","53","GC0XM015345","31.4909000396729","https://www.genecards.org/cgi-bin/carddisp.pl?gene=VEGFD"
"TNFRSF10A","TNF Receptor Superfamily Member 10a","Protein Coding","O00220","57","GC08M023190","31.4813899993896","https://www.genecards.org/cgi-bin/carddisp.pl?gene=TNFRSF10A"
"ITGA5","Integrin Subunit Alpha 5","Protein Coding","P08648","61","GC12M060872","31.3735198974609","https://www.genecards.org/cgi-bin/carddisp.pl?gene=ITGA5"
"SQSTM1","Sequestosome 1","Protein Coding","Q13501","61","GC05P179806","31.3364143371582","https://www.genecards.org/cgi-bin/carddisp.pl?gene=SQSTM1"
"MIR92A1","MicroRNA 92a-1","RNA Gene","","29","GC13P091776","31.3363018035889","https://www.genecards.org/cgi-bin/carddisp.pl?gene=MIR92A1"
"CDH3","Cadherin 3","Protein Coding","P22223","59","GC16P137704","31.3171043395996","https://www.genecards.org/cgi-bin/carddisp.pl?gene=CDH3"
"SKP2","S-Phase Kinase Associated Protein 2","Protein Coding","Q13309","57","GC05P036151","31.2871131896973","https://www.genecards.org/cgi-bin/carddisp.pl?gene=SKP2"
"KLK10","Kallikrein Related Peptidase 10","Protein Coding","O43240","51","GC19M051012","31.2745666503906","https://www.genecards.org/cgi-bin/carddisp.pl?gene=KLK10"
"TOX3","TOX High Mobility Group Box Family Member 3","Protein Coding","O15405","48","GC16M057693","31.2476081848145","https://www.genecards.org/cgi-bin/carddisp.pl?gene=TOX3"
"ADAMTS9-AS2","ADAMTS9 Antisense RNA 2","RNA Gene","","26","GC03P069660","31.2267074584961","https://www.genecards.org/cgi-bin/carddisp.pl?gene=ADAMTS9-AS2"
"BCL6","BCL6 Transcription Repressor","Protein Coding","P41182","58","GC03M187721","31.1527824401855","https://www.genecards.org/cgi-bin/carddisp.pl?gene=BCL6"
"TGFBR3","Transforming Growth Factor Beta Receptor 3","Protein Coding","Q03167","60","GC01M091680","31.0995845794678","https://www.genecards.org/cgi-bin/carddisp.pl?gene=TGFBR3"
"GADD45A","Growth Arrest And DNA Damage Inducible Alpha","Protein Coding","P24522","55","GC01P067685","31.055212020874","https://www.genecards.org/cgi-bin/carddisp.pl?gene=GADD45A"
"KCNH2","Potassium Voltage-Gated Channel Subfamily H Member 2","Protein Coding","Q12809","63","GC07M150944","31.0551643371582","https://www.genecards.org/cgi-bin/carddisp.pl?gene=KCNH2"
"MIR503","MicroRNA 503","RNA Gene","","28","GC0XM135534","30.9943065643311","https://www.genecards.org/cgi-bin/carddisp.pl?gene=MIR503"
"MIR107","MicroRNA 107","RNA Gene","","27","GC10M089604","30.9575366973877","https://www.genecards.org/cgi-bin/carddisp.pl?gene=MIR107"
"CERNA3","Competing Endogenous LncRNA 3 For MiR-645","RNA Gene","","21","GC08P056533","30.9326457977295","https://www.genecards.org/cgi-bin/carddisp.pl?gene=CERNA3"
"MYCN","MYCN Proto-Oncogene, BHLH Transcription Factor","Protein Coding","P04198","58","GC02P016074","30.9071998596191","https://www.genecards.org/cgi-bin/carddisp.pl?gene=MYCN"
"POU5F1","POU Class 5 Homeobox 1","Protein Coding","Q01860","59","GC06M114913","30.9029083251953","https://www.genecards.org/cgi-bin/carddisp.pl?gene=POU5F1"
"ADAM17","ADAM Metallopeptidase Domain 17","Protein Coding","P78536","63","GC02M009488","30.8881530761719","https://www.genecards.org/cgi-bin/carddisp.pl?gene=ADAM17"
"ID1","Inhibitor Of DNA Binding 1","Protein Coding","P41134","53","GC20P059307","30.8849506378174","https://www.genecards.org/cgi-bin/carddisp.pl?gene=ID1"
"MIR331","MicroRNA 331","RNA Gene","","29","GC12P095308","30.8694095611572","https://www.genecards.org/cgi-bin/carddisp.pl?gene=MIR331"
"ANKRD30A","Ankyrin Repeat Domain 30A","Protein Coding","Q9BXX3","45","GC10P037134","30.8568210601807","https://www.genecards.org/cgi-bin/carddisp.pl?gene=ANKRD30A"
"FGF7","Fibroblast Growth Factor 7","Protein Coding","P21781","57","GC15P049423","30.8545780181885","https://www.genecards.org/cgi-bin/carddisp.pl?gene=FGF7"
"WNT1","Wnt Family Member 1","Protein Coding","P04628","59","GC12P086651","30.8441104888916","https://www.genecards.org/cgi-bin/carddisp.pl?gene=WNT1"
"THBS1","Thrombospondin 1","Protein Coding","P07996","59","GC15P210325","30.8006916046143","https://www.genecards.org/cgi-bin/carddisp.pl?gene=THBS1"
"EIF4EBP1","Eukaryotic Translation Initiation Factor 4E Binding Protein 1","Protein Coding","Q13541","60","GC08P045884","30.7996482849121","https://www.genecards.org/cgi-bin/carddisp.pl?gene=EIF4EBP1"
"TRPS1","Transcriptional Repressor GATA Binding 1","Protein Coding","Q9UHF7","55","GC08M115408","30.7790184020996","https://www.genecards.org/cgi-bin/carddisp.pl?gene=TRPS1"
"PAX5","Paired Box 5","Protein Coding","Q02548","60","GC09M037328","30.7786598205566","https://www.genecards.org/cgi-bin/carddisp.pl?gene=PAX5"
"PAK4","P21 (RAC1) Activated Kinase 4","Protein Coding","O96013","61","GC19P039125","30.7728805541992","https://www.genecards.org/cgi-bin/carddisp.pl?gene=PAK4"
"CDC25C","Cell Division Cycle 25C","Protein Coding","P30307","61","GC05M138285","30.7509460449219","https://www.genecards.org/cgi-bin/carddisp.pl?gene=CDC25C"
"CASP7","Caspase 7","Protein Coding","P55210","61","GC10P113679","30.7480716705322","https://www.genecards.org/cgi-bin/carddisp.pl?gene=CASP7"
"CDC42","Cell Division Cycle 42","Protein Coding","P60953","62","GC01P022052","30.7303256988525","https://www.genecards.org/cgi-bin/carddisp.pl?gene=CDC42"
"MMP11","Matrix Metallopeptidase 11","Protein Coding","P24347","57","GC22P023768","30.7261028289795","https://www.genecards.org/cgi-bin/carddisp.pl?gene=MMP11"
"HBEGF","Heparin Binding EGF Like Growth Factor","Protein Coding","Q99075","57","GC05M140332","30.6907863616943","https://www.genecards.org/cgi-bin/carddisp.pl?gene=HBEGF"
"LCN2","Lipocalin 2","Protein Coding","P80188","58","GC09P128149","30.6445446014404","https://www.genecards.org/cgi-bin/carddisp.pl?gene=LCN2"
"CXCL1","C-X-C Motif Chemokine Ligand 1","Protein Coding","P09341","56","GC04P073869","30.6367092132568","https://www.genecards.org/cgi-bin/carddisp.pl?gene=CXCL1"
"CTTN","Cortactin","Protein Coding","Q14247","57","GC11P070398","30.625","https://www.genecards.org/cgi-bin/carddisp.pl?gene=CTTN"
"PRKACA","Protein Kinase CAMP-Activated Catalytic Subunit Alpha","Protein Coding","P17612","65","GC19M115794","30.6117515563965","https://www.genecards.org/cgi-bin/carddisp.pl?gene=PRKACA"
"PPP2R1A","Protein Phosphatase 2 Scaffold Subunit Aalpha","Protein Coding","P30153","59","GC19P172122","30.5943336486816","https://www.genecards.org/cgi-bin/carddisp.pl?gene=PPP2R1A"
"GJA1","Gap Junction Protein Alpha 1","Protein Coding","P17302","63","GC06P200587","30.5869045257568","https://www.genecards.org/cgi-bin/carddisp.pl?gene=GJA1"
"LIG4","DNA Ligase 4","Protein Coding","P49917","60","GC13M108207","30.5033416748047","https://www.genecards.org/cgi-bin/carddisp.pl?gene=LIG4"
"MED1","Mediator Complex Subunit 1","Protein Coding","Q15648","55","GC17M039404","30.5021991729736","https://www.genecards.org/cgi-bin/carddisp.pl?gene=MED1"
"MIR302C","MicroRNA 302c","RNA Gene","","29","GC04M113242","30.4683837890625","https://www.genecards.org/cgi-bin/carddisp.pl?gene=MIR302C"
"RUNX2","RUNX Family Transcription Factor 2","Protein Coding","Q13950","60","GC06P199724","30.4294300079346","https://www.genecards.org/cgi-bin/carddisp.pl?gene=RUNX2"
"BID","BH3 Interacting Domain Death Agonist","Protein Coding","P55957","58","GC22M017734","30.3878974914551","https://www.genecards.org/cgi-bin/carddisp.pl?gene=BID"
"CCR7","C-C Motif Chemokine Receptor 7","Protein Coding","P32248","57","GC17M104691","30.3789691925049","https://www.genecards.org/cgi-bin/carddisp.pl?gene=CCR7"
"MIR31HG","MIR31 Host Gene","RNA Gene","","26","GC09M022410","30.3717594146729","https://www.genecards.org/cgi-bin/carddisp.pl?gene=MIR31HG"
"FSCN1","Fascin Actin-Bundling Protein 1","Protein Coding","Q16658","57","GC07P005592","30.3613872528076","https://www.genecards.org/cgi-bin/carddisp.pl?gene=FSCN1"
"CSK","C-Terminal Src Kinase","Protein Coding","P41240","59","GC15P074782","30.3594188690186","https://www.genecards.org/cgi-bin/carddisp.pl?gene=CSK"
"TNFRSF11A","TNF Receptor Superfamily Member 11a","Protein Coding","Q9Y6Q6","58","GC18P062325","30.3576145172119","https://www.genecards.org/cgi-bin/carddisp.pl?gene=TNFRSF11A"
"LATS1","Large Tumor Suppressor Kinase 1","Protein Coding","O95835","57","GC06M149658","30.3528728485107","https://www.genecards.org/cgi-bin/carddisp.pl?gene=LATS1"
"HSPA4","Heat Shock Protein Family A (Hsp70) Member 4","Protein Coding","P34932","55","GC05P133051","30.3392753601074","https://www.genecards.org/cgi-bin/carddisp.pl?gene=HSPA4"
"MIR135B","MicroRNA 135b","RNA Gene","","29","GC01M205448","30.3380107879639","https://www.genecards.org/cgi-bin/carddisp.pl?gene=MIR135B"
"MUC4","Mucin 4, Cell Surface Associated","Protein Coding","Q99102","51","GC03M195746","30.3233909606934","https://www.genecards.org/cgi-bin/carddisp.pl?gene=MUC4"
"XRCC5","X-Ray Repair Cross Complementing 5","Protein Coding","P13010","57","GC02P216107","30.3023471832275","https://www.genecards.org/cgi-bin/carddisp.pl?gene=XRCC5"
"CDC27","Cell Division Cycle 27","Protein Coding","P30260","54","GC17M047117","30.2815742492676","https://www.genecards.org/cgi-bin/carddisp.pl?gene=CDC27"
"PLK2","Polo Like Kinase 2","Protein Coding","Q9NYY3","58","GC05M058453","30.2550029754639","https://www.genecards.org/cgi-bin/carddisp.pl?gene=PLK2"
"CALR","Calreticulin","Protein Coding","P27797","64","GC19P012938","30.2502517700195","https://www.genecards.org/cgi-bin/carddisp.pl?gene=CALR"
"PTPRC","Protein Tyrosine Phosphatase Receptor Type C","Protein Coding","P08575","64","GC01P198607","30.2334861755371","https://www.genecards.org/cgi-bin/carddisp.pl?gene=PTPRC"
"SERPINB5","Serpin Family B Member 5","Protein Coding","P36952","55","GC18P063476","30.1895294189453","https://www.genecards.org/cgi-bin/carddisp.pl?gene=SERPINB5"
"HDAC2","Histone Deacetylase 2","Protein Coding","Q92769","66","GC06M113933","30.1894073486328","https://www.genecards.org/cgi-bin/carddisp.pl?gene=HDAC2"
"E2F3","E2F Transcription Factor 3","Protein Coding","O00716","55","GC06P021536","30.1250743865967","https://www.genecards.org/cgi-bin/carddisp.pl?gene=E2F3"
"SF3B1","Splicing Factor 3b Subunit 1","Protein Coding","O75533","57","GC02M197504","30.1250648498535","https://www.genecards.org/cgi-bin/carddisp.pl?gene=SF3B1"
"NRP1","Neuropilin 1","Protein Coding","O14786","62","GC10M033177","30.1017303466797","https://www.genecards.org/cgi-bin/carddisp.pl?gene=NRP1"
"TP53BP1","Tumor Protein P53 Binding Protein 1","Protein Coding","Q12888","57","GC15M043403","30.0808258056641","https://www.genecards.org/cgi-bin/carddisp.pl?gene=TP53BP1"
"SMARCA2","SWI/SNF Related BAF Chromatin Remodeling Complex Subunit ATPase 2","Protein Coding","P51531","63","GC09P001980","30.0774402618408","https://www.genecards.org/cgi-bin/carddisp.pl?gene=SMARCA2"
"RHOC","Ras Homolog Family Member C","Protein Coding","P08134","54","GC01M112701","30.0519142150879","https://www.genecards.org/cgi-bin/carddisp.pl?gene=RHOC"
"IDO1","Indoleamine 2,3-Dioxygenase 1","Protein Coding","P14902","59","GC08P046425","30.0225067138672","https://www.genecards.org/cgi-bin/carddisp.pl?gene=IDO1"
"IFI27","Interferon Alpha Inducible Protein 27","Protein Coding","P40305","50","GC14P094104","30.004430770874","https://www.genecards.org/cgi-bin/carddisp.pl?gene=IFI27"
"SLC7A11","Solute Carrier Family 7 Member 11","Protein Coding","Q9UPY5","58","GC04M138164","29.9868659973145","https://www.genecards.org/cgi-bin/carddisp.pl?gene=SLC7A11"
"KDM5B","Lysine Demethylase 5B","Protein Coding","Q9UGL1","57","GC01M202696","29.9315738677979","https://www.genecards.org/cgi-bin/carddisp.pl?gene=KDM5B"
"NOS2","Nitric Oxide Synthase 2","Protein Coding","P35228","61","GC17M027756","29.9103717803955","https://www.genecards.org/cgi-bin/carddisp.pl?gene=NOS2"
"MIR148B","MicroRNA 148b","RNA Gene","","30","GC12P054337","29.9015007019043","https://www.genecards.org/cgi-bin/carddisp.pl?gene=MIR148B"
"NOTCH4","Notch Receptor 4","Protein Coding","Q99466","59","GC06M114987","29.8947868347168","https://www.genecards.org/cgi-bin/carddisp.pl?gene=NOTCH4"
"CEBPB","CCAAT Enhancer Binding Protein Beta","Protein Coding","P17676","58","GC20P050190","29.8944625854492","https://www.genecards.org/cgi-bin/carddisp.pl?gene=CEBPB"
"ITGA6","Integrin Subunit Alpha 6","Protein Coding","P23229","61","GC02P172246","29.8847236633301","https://www.genecards.org/cgi-bin/carddisp.pl?gene=ITGA6"
"CD36","CD36 Molecule (CD36 Blood Group)","Protein Coding","P16671","63","GC07P080369","29.881519317627","https://www.genecards.org/cgi-bin/carddisp.pl?gene=CD36"
"MIR130B","MicroRNA 130b","RNA Gene","","28","GC22P106782","29.8758354187012","https://www.genecards.org/cgi-bin/carddisp.pl?gene=MIR130B"
"ADAR","Adenosine Deaminase RNA Specific","Protein Coding","P55265","60","GC01M169752","29.8659152984619","https://www.genecards.org/cgi-bin/carddisp.pl?gene=ADAR"
"EPAS1","Endothelial PAS Domain Protein 1","Protein Coding","Q99814","63","GC02P046293","29.8610935211182","https://www.genecards.org/cgi-bin/carddisp.pl?gene=EPAS1"
"MIR32","MicroRNA 32","RNA Gene","","30","GC09M109046","29.8462905883789","https://www.genecards.org/cgi-bin/carddisp.pl?gene=MIR32"
"SOX10","SRY-Box Transcription Factor 10","Protein Coding","P56693","58","GC22M092395","29.8182239532471","https://www.genecards.org/cgi-bin/carddisp.pl?gene=SOX10"
"HDAC9","Histone Deacetylase 9","Protein Coding","Q9UKV0","63","GC07P018086","29.8143787384033","https://www.genecards.org/cgi-bin/carddisp.pl?gene=HDAC9"
"MYLK","Myosin Light Chain Kinase","Protein Coding","Q15746","65","GC03M123610","29.7596035003662","https://www.genecards.org/cgi-bin/carddisp.pl?gene=MYLK"
"TLR9","Toll Like Receptor 9","Protein Coding","Q9NR96","59","GC03M055425","29.7143383026123","https://www.genecards.org/cgi-bin/carddisp.pl?gene=TLR9"
"COL1A1","Collagen Type I Alpha 1 Chain","Protein Coding","P02452","62","GC17M105110","29.6720714569092","https://www.genecards.org/cgi-bin/carddisp.pl?gene=COL1A1"
"GEN1","GEN1 Holliday Junction 5'' Flap Endonuclease","Protein Coding","Q17RS7","50","GC02P017754","29.6609516143799","https://www.genecards.org/cgi-bin/carddisp.pl?gene=GEN1"
"LINC-PINT","Long Intergenic Non-Protein Coding RNA, P53 Induced Transcript","RNA Gene","A0A455ZAR2","29","GC07M130795","29.659049987793","https://www.genecards.org/cgi-bin/carddisp.pl?gene=LINC-PINT"
"CLU","Clusterin","Protein Coding","P10909","60","GC08M027596","29.6390609741211","https://www.genecards.org/cgi-bin/carddisp.pl?gene=CLU"
"SYK","Spleen Associated Tyrosine Kinase","Protein Coding","P43405","64","GC09P159630","29.6295680999756","https://www.genecards.org/cgi-bin/carddisp.pl?gene=SYK"
"MIR24-2","MicroRNA 24-2","RNA Gene","","28","GC19M115786","29.5898323059082","https://www.genecards.org/cgi-bin/carddisp.pl?gene=MIR24-2"
"MIR375","MicroRNA 375","RNA Gene","","29","GC02M219001","29.5642242431641","https://www.genecards.org/cgi-bin/carddisp.pl?gene=MIR375"
"TFAP2A","Transcription Factor AP-2 Alpha","Protein Coding","P05549","60","GC06M010393","29.5320091247559","https://www.genecards.org/cgi-bin/carddisp.pl?gene=TFAP2A"
"ITGB3","Integrin Subunit Beta 3","Protein Coding","P05106","64","GC17P175826","29.3778762817383","https://www.genecards.org/cgi-bin/carddisp.pl?gene=ITGB3"
"MIR134","MicroRNA 134","RNA Gene","","28","GC14P123633","29.3770771026611","https://www.genecards.org/cgi-bin/carddisp.pl?gene=MIR134"
"MMP3","Matrix Metallopeptidase 3","Protein Coding","P08254","62","GC11M102835","29.3659362792969","https://www.genecards.org/cgi-bin/carddisp.pl?gene=MMP3"
"EXO1","Exonuclease 1","Protein Coding","Q9UQ84","56","GC01P241847","29.3546314239502","https://www.genecards.org/cgi-bin/carddisp.pl?gene=EXO1"
"NR3C1","Nuclear Receptor Subfamily 3 Group C Member 1","Protein Coding","P04150","61","GC05M143277","29.3374404907227","https://www.genecards.org/cgi-bin/carddisp.pl?gene=NR3C1"
"LINC00857","Long Intergenic Non-Protein Coding RNA 857","RNA Gene","","23","GC10P134344","29.3325099945068","https://www.genecards.org/cgi-bin/carddisp.pl?gene=LINC00857"
"MAGEA3","MAGE Family Member A3","Protein Coding","P43357","50","GC0XP152698","29.3209323883057","https://www.genecards.org/cgi-bin/carddisp.pl?gene=MAGEA3"
"MIR100HG","Mir-100-Let-7a-2-Mir-125b-1 Cluster Host Gene","RNA Gene","","26","GC11M147108","29.2627105712891","https://www.genecards.org/cgi-bin/carddisp.pl?gene=MIR100HG"
"SFRP1","Secreted Frizzled Related Protein 1","Protein Coding","Q8N474","55","GC08M041262","29.2608871459961","https://www.genecards.org/cgi-bin/carddisp.pl?gene=SFRP1"
"HMOX1","Heme Oxygenase 1","Protein Coding","P09601","64","GC22P035380","29.2440547943115","https://www.genecards.org/cgi-bin/carddisp.pl?gene=HMOX1"
"ADAM12","ADAM Metallopeptidase Domain 12","Protein Coding","O43184","58","GC10M126012","29.2421970367432","https://www.genecards.org/cgi-bin/carddisp.pl?gene=ADAM12"
"DKC1","Dyskerin Pseudouridine Synthase 1","Protein Coding","O60832","59","GC0XP154762","29.1689682006836","https://www.genecards.org/cgi-bin/carddisp.pl?gene=DKC1"
"RACK1","Receptor For Activated C Kinase 1","Protein Coding","P63244","55","GC05M184048","29.1357669830322","https://www.genecards.org/cgi-bin/carddisp.pl?gene=RACK1"
"ROBO1","Roundabout Guidance Receptor 1","Protein Coding","Q9Y6N7","57","GC03M078597","29.1169662475586","https://www.genecards.org/cgi-bin/carddisp.pl?gene=ROBO1"
"MIR190A","MicroRNA 190a","RNA Gene","","29","GC15P216628","29.1165828704834","https://www.genecards.org/cgi-bin/carddisp.pl?gene=MIR190A"
"XRCC4","X-Ray Repair Cross Complementing 4","Protein Coding","Q13426","56","GC05P083077","29.1076774597168","https://www.genecards.org/cgi-bin/carddisp.pl?gene=XRCC4"
"FEN1","Flap Structure-Specific Endonuclease 1","Protein Coding","P39748","58","GC11P129574","29.1053600311279","https://www.genecards.org/cgi-bin/carddisp.pl?gene=FEN1"
"PIP","Prolactin Induced Protein","Protein Coding","P12273","50","GC07P143132","29.097469329834","https://www.genecards.org/cgi-bin/carddisp.pl?gene=PIP"
"LINC00324","Long Intergenic Non-Protein Coding RNA 324","RNA Gene","","29","GC17M103782","29.0601482391357","https://www.genecards.org/cgi-bin/carddisp.pl?gene=LINC00324"
"ROCK1","Rho Associated Coiled-Coil Containing Protein Kinase 1","Protein Coding","Q13464","62","GC18M040102","29.059986114502","https://www.genecards.org/cgi-bin/carddisp.pl?gene=ROCK1"
"STMN1","Stathmin 1","Protein Coding","P16949","57","GC01M025884","29.0524501800537","https://www.genecards.org/cgi-bin/carddisp.pl?gene=STMN1"
"PTPN1","Protein Tyrosine Phosphatase Non-Receptor Type 1","Protein Coding","P18031","63","GC20P050510","29.0431632995605","https://www.genecards.org/cgi-bin/carddisp.pl?gene=PTPN1"
"CBS","Cystathionine Beta-Synthase","Protein Coding","P35520","63","GC21M043053","29.0391845703125","https://www.genecards.org/cgi-bin/carddisp.pl?gene=CBS"
"GLI2","GLI Family Zinc Finger 2","Protein Coding","P10070","60","GC02P120735","28.962963104248","https://www.genecards.org/cgi-bin/carddisp.pl?gene=GLI2"
"NFKB2","Nuclear Factor Kappa B Subunit 2","Protein Coding","Q00653","65","GC10P102394","28.8668022155762","https://www.genecards.org/cgi-bin/carddisp.pl?gene=NFKB2"
"CHD1","Chromodomain Helicase DNA Binding Protein 1","Protein Coding","O14646","55","GC05M098853","28.7824039459229","https://www.genecards.org/cgi-bin/carddisp.pl?gene=CHD1"
"IKBKE","Inhibitor Of Nuclear Factor Kappa B Kinase Subunit Epsilon","Protein Coding","Q14164","58","GC01P206470","28.7393131256104","https://www.genecards.org/cgi-bin/carddisp.pl?gene=IKBKE"
"CLDN7","Claudin 7","Protein Coding","O95471","53","GC17M007259","28.6796531677246","https://www.genecards.org/cgi-bin/carddisp.pl?gene=CLDN7"
"SDC1","Syndecan 1","Protein Coding","P18827","55","GC02M020200","28.5949573516846","https://www.genecards.org/cgi-bin/carddisp.pl?gene=SDC1"
"ACACA","Acetyl-CoA Carboxylase Alpha","Protein Coding","Q13085","62","GC17M037084","28.5347442626953","https://www.genecards.org/cgi-bin/carddisp.pl?gene=ACACA"
"MSLN","Mesothelin","Protein Coding","Q13421","55","GC16P135887","28.5197448730469","https://www.genecards.org/cgi-bin/carddisp.pl?gene=MSLN"
"SMARCA5","SNF2 Related Chromatin Remodeling ATPase 5","Protein Coding","O60264","55","GC04P143513","28.5187377929688","https://www.genecards.org/cgi-bin/carddisp.pl?gene=SMARCA5"
"LRP6","LDL Receptor Related Protein 6","Protein Coding","O75581","59","GC12M038973","28.5186252593994","https://www.genecards.org/cgi-bin/carddisp.pl?gene=LRP6"
"SKIL","SKI Like Proto-Oncogene","Protein Coding","P12757","54","GC03P170357","28.5039978027344","https://www.genecards.org/cgi-bin/carddisp.pl?gene=SKIL"
"EZR","Ezrin","Protein Coding","P15311","59","GC06M158765","28.4935474395752","https://www.genecards.org/cgi-bin/carddisp.pl?gene=EZR"
"CTSB","Cathepsin B","Protein Coding","P07858","63","GC08M011842","28.4807548522949","https://www.genecards.org/cgi-bin/carddisp.pl?gene=CTSB"
"ANXA1","Annexin A1","Protein Coding","P04083","60","GC09P087205","28.4096755981445","https://www.genecards.org/cgi-bin/carddisp.pl?gene=ANXA1"
"HIC1","HIC ZBTB Transcriptional Repressor 1","Protein Coding","Q14526","53","GC17P002054","28.3849563598633","https://www.genecards.org/cgi-bin/carddisp.pl?gene=HIC1"
"PAX8","Paired Box 8","Protein Coding","Q06710","57","GC02M113215","28.3623065948486","https://www.genecards.org/cgi-bin/carddisp.pl?gene=PAX8"
"DIABLO","Diablo IAP-Binding Mitochondrial Protein","Protein Coding","Q9NR28","59","GC12M125336","28.346996307373","https://www.genecards.org/cgi-bin/carddisp.pl?gene=DIABLO"
"E2F2","E2F Transcription Factor 2","Protein Coding","Q14209","54","GC01M041126","28.3456840515137","https://www.genecards.org/cgi-bin/carddisp.pl?gene=E2F2"
"MAD1L1","Mitotic Arrest Deficient 1 Like 1","Protein Coding","Q9Y6D9","58","GC07M001815","28.3380126953125","https://www.genecards.org/cgi-bin/carddisp.pl?gene=MAD1L1"
"ADAM9","ADAM Metallopeptidase Domain 9","Protein Coding","Q13443","61","GC08P038996","28.3309345245361","https://www.genecards.org/cgi-bin/carddisp.pl?gene=ADAM9"
"HNRNPK","Heterogeneous Nuclear Ribonucleoprotein K","Protein Coding","P61978","58","GC09M133228","28.295503616333","https://www.genecards.org/cgi-bin/carddisp.pl?gene=HNRNPK"
"MIR197","MicroRNA 197","RNA Gene","","29","GC01P109598","28.2401065826416","https://www.genecards.org/cgi-bin/carddisp.pl?gene=MIR197"
"IGFBP2","Insulin Like Growth Factor Binding Protein 2","Protein Coding","P18065","57","GC02P216632","28.2178249359131","https://www.genecards.org/cgi-bin/carddisp.pl?gene=IGFBP2"
"LOX","Lysyl Oxidase","Protein Coding","P28300","60","GC05M122063","28.2156753540039","https://www.genecards.org/cgi-bin/carddisp.pl?gene=LOX"
"ETV1","ETS Variant Transcription Factor 1","Protein Coding","P50549","57","GC07M013891","28.1975364685059","https://www.genecards.org/cgi-bin/carddisp.pl?gene=ETV1"
"RAD21","RAD21 Cohesin Complex Component","Protein Coding","O60216","57","GC08M116846","28.1973438262939","https://www.genecards.org/cgi-bin/carddisp.pl?gene=RAD21"
"DDR2","Discoidin Domain Receptor Tyrosine Kinase 2","Protein Coding","Q16832","63","GC01P184041","28.1935958862305","https://www.genecards.org/cgi-bin/carddisp.pl?gene=DDR2"
"TRRAP","Transformation/Transcription Domain Associated Protein","Protein Coding","Q9Y4A5","57","GC07P098877","28.1631107330322","https://www.genecards.org/cgi-bin/carddisp.pl?gene=TRRAP"
"PPARA","Peroxisome Proliferator Activated Receptor Alpha","Protein Coding","Q07869","57","GC22P102866","28.1144905090332","https://www.genecards.org/cgi-bin/carddisp.pl?gene=PPARA"
"NCAM1","Neural Cell Adhesion Molecule 1","Protein Coding","P13591","61","GC11P112961","28.0742053985596","https://www.genecards.org/cgi-bin/carddisp.pl?gene=NCAM1"
"BCAS2","BCAS2 Pre-MRNA Processing Factor","Protein Coding","O75934","50","GC01M114567","28.0117378234863","https://www.genecards.org/cgi-bin/carddisp.pl?gene=BCAS2"
"GSN","Gelsolin","Protein Coding","P06396","60","GC09P121201","28.0112819671631","https://www.genecards.org/cgi-bin/carddisp.pl?gene=GSN"
"CTNND1","Catenin Delta 1","Protein Coding","O60716","58","GC11P129332","28.007999420166","https://www.genecards.org/cgi-bin/carddisp.pl?gene=CTNND1"
"AGR2","Anterior Gradient 2, Protein Disulphide Isomerase Family Member","Protein Coding","O95994","52","GC07M017669","27.9963512420654","https://www.genecards.org/cgi-bin/carddisp.pl?gene=AGR2"
"MCC","MCC Regulator Of Wnt Signaling Pathway","Protein Coding","P23508","53","GC05M113022","27.9795055389404","https://www.genecards.org/cgi-bin/carddisp.pl?gene=MCC"
"NOS3","Nitric Oxide Synthase 3","Protein Coding","P29474","62","GC07P170688","27.9545726776123","https://www.genecards.org/cgi-bin/carddisp.pl?gene=NOS3"
"IL18","Interleukin 18","Protein Coding","Q14116","56","GC11M112143","27.9466361999512","https://www.genecards.org/cgi-bin/carddisp.pl?gene=IL18"
"CUL1","Cullin 1","Protein Coding","Q13616","58","GC07P148697","27.9164276123047","https://www.genecards.org/cgi-bin/carddisp.pl?gene=CUL1"
"REST","RE1 Silencing Transcription Factor","Protein Coding","Q13127","54","GC04P056907","27.9028663635254","https://www.genecards.org/cgi-bin/carddisp.pl?gene=REST"
"TERF2IP","TERF2 Interacting Protein","Protein Coding","Q9NYB0","52","GC16P075647","27.892147064209","https://www.genecards.org/cgi-bin/carddisp.pl?gene=TERF2IP"
"NDRG1","N-Myc Downstream Regulated 1","Protein Coding","Q92597","57","GC08M133237","27.8770313262939","https://www.genecards.org/cgi-bin/carddisp.pl?gene=NDRG1"
"HMGA1","High Mobility Group AT-Hook 1","Protein Coding","P17096","59","GC06P199625","27.8517799377441","https://www.genecards.org/cgi-bin/carddisp.pl?gene=HMGA1"
"PRMT1","Protein Arginine Methyltransferase 1","Protein Coding","Q99873","61","GC19P049675","27.8459339141846","https://www.genecards.org/cgi-bin/carddisp.pl?gene=PRMT1"
"RXRA","Retinoid X Receptor Alpha","Protein Coding","P19793","61","GC09P134317","27.8418216705322","https://www.genecards.org/cgi-bin/carddisp.pl?gene=RXRA"
"CDK7","Cyclin Dependent Kinase 7","Protein Coding","P50613","58","GC05P084454","27.7818183898926","https://www.genecards.org/cgi-bin/carddisp.pl?gene=CDK7"
"LGALS1","Galectin 1","Protein Coding","P09382","56","GC22P037675","27.722261428833","https://www.genecards.org/cgi-bin/carddisp.pl?gene=LGALS1"
"FAP","Fibroblast Activation Protein Alpha","Protein Coding","Q12884","58","GC02M162170","27.7179355621338","https://www.genecards.org/cgi-bin/carddisp.pl?gene=FAP"
"KDM3A","Lysine Demethylase 3A","Protein Coding","Q9Y4C1","54","GC02P101985","27.6792087554932","https://www.genecards.org/cgi-bin/carddisp.pl?gene=KDM3A"
"MPO","Myeloperoxidase","Protein Coding","P05164","65","GC17M058269","27.6406707763672","https://www.genecards.org/cgi-bin/carddisp.pl?gene=MPO"
"PRSS1","Serine Protease 1","Protein Coding","P07477","57","GC07P170526","27.6306667327881","https://www.genecards.org/cgi-bin/carddisp.pl?gene=PRSS1"
"NSD2","Nuclear Receptor Binding SET Domain Protein 2","Protein Coding","O96028","58","GC04P033760","27.6128902435303","https://www.genecards.org/cgi-bin/carddisp.pl?gene=NSD2"
"CLDN1","Claudin 1","Protein Coding","O95832","58","GC03M190305","27.5739002227783","https://www.genecards.org/cgi-bin/carddisp.pl?gene=CLDN1"
"CXCL10","C-X-C Motif Chemokine Ligand 10","Protein Coding","P02778","57","GC04M076021","27.5391693115234","https://www.genecards.org/cgi-bin/carddisp.pl?gene=CXCL10"
"AKR1C3","Aldo-Keto Reductase Family 1 Member C3","Protein Coding","P42330","58","GC10P005035","27.5271739959717","https://www.genecards.org/cgi-bin/carddisp.pl?gene=AKR1C3"
"MIR301A","MicroRNA 301a","RNA Gene","","27","GC17M059151","27.5198287963867","https://www.genecards.org/cgi-bin/carddisp.pl?gene=MIR301A"
"MCM2","Minichromosome Maintenance Complex Component 2","Protein Coding","P49736","60","GC03P127598","27.5058250427246","https://www.genecards.org/cgi-bin/carddisp.pl?gene=MCM2"
"MIR378A","MicroRNA 378a","RNA Gene","","30","GC05P149732","27.4995059967041","https://www.genecards.org/cgi-bin/carddisp.pl?gene=MIR378A"
"RYR2","Ryanodine Receptor 2","Protein Coding","Q92736","60","GC01P237042","27.4971694946289","https://www.genecards.org/cgi-bin/carddisp.pl?gene=RYR2"
"MIR532","MicroRNA 532","RNA Gene","","25","GC0XP062582","27.4949703216553","https://www.genecards.org/cgi-bin/carddisp.pl?gene=MIR532"
"LINC01614","Long Intergenic Non-Protein Coding RNA 1614","RNA Gene","","22","GC02P215551","27.4456672668457","https://www.genecards.org/cgi-bin/carddisp.pl?gene=LINC01614"
"HSF1","Heat Shock Transcription Factor 1","Protein Coding","Q00613","59","GC08P144291","27.4361095428467","https://www.genecards.org/cgi-bin/carddisp.pl?gene=HSF1"
"PDPK1","3-Phosphoinositide Dependent Protein Kinase 1","Protein Coding","O15530","62","GC16P002537","27.4284248352051","https://www.genecards.org/cgi-bin/carddisp.pl?gene=PDPK1"
"CD9","CD9 Molecule","Protein Coding","P21926","57","GC12P085684","27.4282684326172","https://www.genecards.org/cgi-bin/carddisp.pl?gene=CD9"
"HAVCR2","Hepatitis A Virus Cellular Receptor 2","Protein Coding","Q8TDQ0","58","GC05M157063","27.428150177002","https://www.genecards.org/cgi-bin/carddisp.pl?gene=HAVCR2"
"ITGB4","Integrin Subunit Beta 4","Protein Coding","P16144","61","GC17P075721","27.3429393768311","https://www.genecards.org/cgi-bin/carddisp.pl?gene=ITGB4"
"MYH9","Myosin Heavy Chain 9","Protein Coding","P35579","60","GC22M036281","27.3291721343994","https://www.genecards.org/cgi-bin/carddisp.pl?gene=MYH9"
"GAPDH","Glyceraldehyde-3-Phosphate Dehydrogenase","Protein Coding","P04406","64","GC12P085713","27.307933807373","https://www.genecards.org/cgi-bin/carddisp.pl?gene=GAPDH"
"BIRC2","Baculoviral IAP Repeat Containing 2","Protein Coding","Q13490","61","GC11P102347","27.2722110748291","https://www.genecards.org/cgi-bin/carddisp.pl?gene=BIRC2"
"SOD1","Superoxide Dismutase 1","Protein Coding","P00441","66","GC21P031659","27.2378311157227","https://www.genecards.org/cgi-bin/carddisp.pl?gene=SOD1"
"CUX1","Cut Like Homeobox 1","Protein Coding","Q13948","57","GC07P101815","27.225118637085","https://www.genecards.org/cgi-bin/carddisp.pl?gene=CUX1"
"ATG5","Autophagy Related 5","Protein Coding","Q9H1Y0","58","GC06M106045","27.2006340026855","https://www.genecards.org/cgi-bin/carddisp.pl?gene=ATG5"
"PRPF31","Pre-MRNA Processing Factor 31","Protein Coding","Q8WWY3","54","GC19P172224","27.1912002563477","https://www.genecards.org/cgi-bin/carddisp.pl?gene=PRPF31"
"DDX5","DEAD-Box Helicase 5","Protein Coding","P17844","59","GC17M064498","27.1773738861084","https://www.genecards.org/cgi-bin/carddisp.pl?gene=DDX5"
"FLNA","Filamin A","Protein Coding","P21333","62","GC0XM154348","27.1617984771729","https://www.genecards.org/cgi-bin/carddisp.pl?gene=FLNA"
"CLDN4","Claudin 4","Protein Coding","O14493","53","GC07P073799","27.1455993652344","https://www.genecards.org/cgi-bin/carddisp.pl?gene=CLDN4"
"MIR381","MicroRNA 381","RNA Gene","","27","GC14P123651","27.1340675354004","https://www.genecards.org/cgi-bin/carddisp.pl?gene=MIR381"
"MIR22HG","MIR22 Host Gene","RNA Gene","Q0VDD5","35","GC17M103470","27.1259841918945","https://www.genecards.org/cgi-bin/carddisp.pl?gene=MIR22HG"
"KLK6","Kallikrein Related Peptidase 6","Protein Coding","Q92876","57","GC19M050958","27.1173343658447","https://www.genecards.org/cgi-bin/carddisp.pl?gene=KLK6"
"TFRC","Transferrin Receptor","Protein Coding","P02786","63","GC03M196871","27.0892086029053","https://www.genecards.org/cgi-bin/carddisp.pl?gene=TFRC"
"TNFRSF1B","TNF Receptor Superfamily Member 1B","Protein Coding","P20333","61","GC01P092008","27.0645637512207","https://www.genecards.org/cgi-bin/carddisp.pl?gene=TNFRSF1B"
"FOXC1","Forkhead Box C1","Protein Coding","Q12948","55","GC06P020486","27.0438766479492","https://www.genecards.org/cgi-bin/carddisp.pl?gene=FOXC1"
"CRP","C-Reactive Protein","Protein Coding","P02741","58","GC01M169920","27.0142669677734","https://www.genecards.org/cgi-bin/carddisp.pl?gene=CRP"
"FALEC","Focally Amplified LncRNA Regulator Of ECM1","RNA Gene","","24","GC01P183418","26.9723014831543","https://www.genecards.org/cgi-bin/carddisp.pl?gene=FALEC"
"LAG3","Lymphocyte Activating 3","Protein Coding","P18627","53","GC12P085724","26.9461250305176","https://www.genecards.org/cgi-bin/carddisp.pl?gene=LAG3"
"EIF4E","Eukaryotic Translation Initiation Factor 4E","Protein Coding","P06730","61","GC04M098879","26.9275341033936","https://www.genecards.org/cgi-bin/carddisp.pl?gene=EIF4E"
"MIR498","MicroRNA 498","RNA Gene","","24","GC19P172200","26.9148693084717","https://www.genecards.org/cgi-bin/carddisp.pl?gene=MIR498"
"HSPA8","Heat Shock Protein Family A (Hsp70) Member 8","Protein Coding","P11142","62","GC11M123057","26.8657169342041","https://www.genecards.org/cgi-bin/carddisp.pl?gene=HSPA8"
"MIR33A","MicroRNA 33a","RNA Gene","","28","GC22P041900","26.851146697998","https://www.genecards.org/cgi-bin/carddisp.pl?gene=MIR33A"
"IL17A","Interleukin 17A","Protein Coding","Q16552","55","GC06P052186","26.8430557250977","https://www.genecards.org/cgi-bin/carddisp.pl?gene=IL17A"
"SBDS","SBDS Ribosome Maturation Factor","Protein Coding","Q9Y3A5","54","GC07M066987","26.7930850982666","https://www.genecards.org/cgi-bin/carddisp.pl?gene=SBDS"
"MIR186","MicroRNA 186","RNA Gene","","28","GC01M071067","26.7896995544434","https://www.genecards.org/cgi-bin/carddisp.pl?gene=MIR186"
"GPX1","Glutathione Peroxidase 1","Protein Coding","P07203","57","GC03M055295","26.7852230072021","https://www.genecards.org/cgi-bin/carddisp.pl?gene=GPX1"
"REV3L","REV3 Like, DNA Directed Polymerase Zeta Catalytic Subunit","Protein Coding","O60673","56","GC06M111299","26.7279720306396","https://www.genecards.org/cgi-bin/carddisp.pl?gene=REV3L"
"SNHG11","Small Nucleolar RNA Host Gene 11","RNA Gene","","32","GC20P038446","26.7146949768066","https://www.genecards.org/cgi-bin/carddisp.pl?gene=SNHG11"
"MIR30C1","MicroRNA 30c-1","RNA Gene","","30","GC01P040757","26.7009811401367","https://www.genecards.org/cgi-bin/carddisp.pl?gene=MIR30C1"
"NR1H2","Nuclear Receptor Subfamily 1 Group H Member 2","Protein Coding","P55055","59","GC19P050329","26.6673603057861","https://www.genecards.org/cgi-bin/carddisp.pl?gene=NR1H2"
"EHMT2","Euchromatic Histone Lysine Methyltransferase 2","Protein Coding","Q96KQ7","58","GC06M031879","26.6577110290527","https://www.genecards.org/cgi-bin/carddisp.pl?gene=EHMT2"
"FOXP1","Forkhead Box P1","Protein Coding","Q9H334","57","GC03M070954","26.6563472747803","https://www.genecards.org/cgi-bin/carddisp.pl?gene=FOXP1"
"AIFM1","Apoptosis Inducing Factor Mitochondria Associated 1","Protein Coding","O95831","63","GC0XM130129","26.6521663665771","https://www.genecards.org/cgi-bin/carddisp.pl?gene=AIFM1"
"HAGLROS","HAGLR Opposite Strand LncRNA","RNA Gene","","23","GC02P176514","26.6496906280518","https://www.genecards.org/cgi-bin/carddisp.pl?gene=HAGLROS"
"TNFAIP3","TNF Alpha Induced Protein 3","Protein Coding","P21580","61","GC06P137866","26.633716583252","https://www.genecards.org/cgi-bin/carddisp.pl?gene=TNFAIP3"
"WWTR1","WW Domain Containing Transcription Regulator 1","Protein Coding","Q9GZV5","50","GC03M149517","26.6188278198242","https://www.genecards.org/cgi-bin/carddisp.pl?gene=WWTR1"
"NES","Nestin","Protein Coding","P48681","52","GC01M156668","26.6101760864258","https://www.genecards.org/cgi-bin/carddisp.pl?gene=NES"
"MIR483","MicroRNA 483","RNA Gene","","29","GC11M016609","26.5486526489258","https://www.genecards.org/cgi-bin/carddisp.pl?gene=MIR483"
"MVP","Major Vault Protein","Protein Coding","Q14764","52","GC16P136757","26.5446376800537","https://www.genecards.org/cgi-bin/carddisp.pl?gene=MVP"
"ITGAV","Integrin Subunit Alpha V","Protein Coding","P06756","61","GC02P186589","26.4272232055664","https://www.genecards.org/cgi-bin/carddisp.pl?gene=ITGAV"
"ACTA2-AS1","ACTA2 Antisense RNA 1","RNA Gene","","26","GC10P088932","26.4264869689941","https://www.genecards.org/cgi-bin/carddisp.pl?gene=ACTA2-AS1"
"IL6R","Interleukin 6 Receptor","Protein Coding","P08887","63","GC01P154405","26.4254875183105","https://www.genecards.org/cgi-bin/carddisp.pl?gene=IL6R"
"TNFRSF1A","TNF Receptor Superfamily Member 1A","Protein Coding","P19438","61","GC12M006328","26.4199562072754","https://www.genecards.org/cgi-bin/carddisp.pl?gene=TNFRSF1A"
"BTG2","BTG Anti-Proliferation Factor 2","Protein Coding","P78543","52","GC01P203305","26.3930912017822","https://www.genecards.org/cgi-bin/carddisp.pl?gene=BTG2"
"MIR511","MicroRNA 511","RNA Gene","","25","GC10P017845","26.3871593475342","https://www.genecards.org/cgi-bin/carddisp.pl?gene=MIR511"
"PRKAA1","Protein Kinase AMP-Activated Catalytic Subunit Alpha 1","Protein Coding","Q13131","59","GC05M040759","26.3780860900879","https://www.genecards.org/cgi-bin/carddisp.pl?gene=PRKAA1"
"RELB","RELB Proto-Oncogene, NF-KB Subunit","Protein Coding","Q01201","59","GC19P171834","26.3501529693604","https://www.genecards.org/cgi-bin/carddisp.pl?gene=RELB"
"UBE2C","Ubiquitin Conjugating Enzyme E2 C","Protein Coding","O00762","57","GC20P045812","26.2996311187744","https://www.genecards.org/cgi-bin/carddisp.pl?gene=UBE2C"
"MIR377","MicroRNA 377","RNA Gene","","27","GC14P123648","26.2715435028076","https://www.genecards.org/cgi-bin/carddisp.pl?gene=MIR377"
"MIR144","MicroRNA 144","RNA Gene","","26","GC17M104249","26.2604064941406","https://www.genecards.org/cgi-bin/carddisp.pl?gene=MIR144"
"KAT7","Lysine Acetyltransferase 7","Protein Coding","O95251","57","GC17P049788","26.2572822570801","https://www.genecards.org/cgi-bin/carddisp.pl?gene=KAT7"
"TMEM43","Transmembrane Protein 43","Protein Coding","Q9BTV4","54","GC03P030274","26.2171993255615","https://www.genecards.org/cgi-bin/carddisp.pl?gene=TMEM43"
"EIF2AK3","Eukaryotic Translation Initiation Factor 2 Alpha Kinase 3","Protein Coding","Q9NZJ5","63","GC02M088556","26.2157115936279","https://www.genecards.org/cgi-bin/carddisp.pl?gene=EIF2AK3"
"MIR103A1","MicroRNA 103a-1","RNA Gene","","27","GC05M168560","26.2081661224365","https://www.genecards.org/cgi-bin/carddisp.pl?gene=MIR103A1"
"MIR28","MicroRNA 28","RNA Gene","","27","GC03P188688","26.2035961151123","https://www.genecards.org/cgi-bin/carddisp.pl?gene=MIR28"
"SLTM","SAFB Like Transcription Modulator","Protein Coding","Q9NWH9","43","GC15M058879","26.1696872711182","https://www.genecards.org/cgi-bin/carddisp.pl?gene=SLTM"
"SCHLAP1","SWI/SNF Complex Antagonist Associated With Prostate Cancer 1","RNA Gene","","23","GC02P180511","26.1580505371094","https://www.genecards.org/cgi-bin/carddisp.pl?gene=SCHLAP1"
"TTK","TTK Protein Kinase","Protein Coding","P33981","58","GC06P080003","26.1576900482178","https://www.genecards.org/cgi-bin/carddisp.pl?gene=TTK"
"ECT2","Epithelial Cell Transforming 2","Protein Coding","Q9H8V3","52","GC03P172750","26.1544780731201","https://www.genecards.org/cgi-bin/carddisp.pl?gene=ECT2"
"ATF3","Activating Transcription Factor 3","Protein Coding","P18847","57","GC01P212565","26.1313381195068","https://www.genecards.org/cgi-bin/carddisp.pl?gene=ATF3"
"ANXA5","Annexin A5","Protein Coding","P08758","59","GC04M121667","26.1062717437744","https://www.genecards.org/cgi-bin/carddisp.pl?gene=ANXA5"
"ALB","Albumin","Protein Coding","P02768","61","GC04P073397","26.0758399963379","https://www.genecards.org/cgi-bin/carddisp.pl?gene=ALB"
"DAPK1","Death Associated Protein Kinase 1","Protein Coding","P53355","61","GC09P087497","26.0511207580566","https://www.genecards.org/cgi-bin/carddisp.pl?gene=DAPK1"
"ANGPT2","Angiopoietin 2","Protein Coding","O15123","60","GC08M006499","26.0408592224121","https://www.genecards.org/cgi-bin/carddisp.pl?gene=ANGPT2"
"PSMA3-AS1","PSMA3 Antisense RNA 1","RNA Gene","","23","GC14M058140","25.9884452819824","https://www.genecards.org/cgi-bin/carddisp.pl?gene=PSMA3-AS1"
"DKK3","Dickkopf Wnt Signaling Pathway Inhibitor 3","Protein Coding","Q9UBP4","52","GC11M017027","25.9859867095947","https://www.genecards.org/cgi-bin/carddisp.pl?gene=DKK3"
"SCARNA5","Small Cajal Body-Specific RNA 5","RNA Gene","","27","GC02P233275","25.9601383209229","https://www.genecards.org/cgi-bin/carddisp.pl?gene=SCARNA5"
"LASP1","LIM And SH3 Protein 1","Protein Coding","Q14847","52","GC17P038869","25.9578857421875","https://www.genecards.org/cgi-bin/carddisp.pl?gene=LASP1"
"ANGPT1","Angiopoietin 1","Protein Coding","Q15389","60","GC08M107246","25.9569854736328","https://www.genecards.org/cgi-bin/carddisp.pl?gene=ANGPT1"
"CCR5","C-C Motif Chemokine Receptor 5","Protein Coding","P51681","59","GC03P069070","25.9468002319336","https://www.genecards.org/cgi-bin/carddisp.pl?gene=CCR5"
"NGFR","Nerve Growth Factor Receptor","Protein Coding","P08138","60","GC17P049495","25.9346485137939","https://www.genecards.org/cgi-bin/carddisp.pl?gene=NGFR"
"PDCD4","Programmed Cell Death 4","Protein Coding","Q53EL6","55","GC10P110871","25.9196243286133","https://www.genecards.org/cgi-bin/carddisp.pl?gene=PDCD4"
"LIFR","LIF Receptor Subunit Alpha","Protein Coding","P42702","59","GC05M039274","25.9099559783936","https://www.genecards.org/cgi-bin/carddisp.pl?gene=LIFR"
"HSPD1","Heat Shock Protein Family D (Hsp60) Member 1","Protein Coding","P10809","61","GC02M197486","25.8971633911133","https://www.genecards.org/cgi-bin/carddisp.pl?gene=HSPD1"
"WNT10B","Wnt Family Member 10B","Protein Coding","O00744","59","GC12M048965","25.8969383239746","https://www.genecards.org/cgi-bin/carddisp.pl?gene=WNT10B"
"MIR423","MicroRNA 423","RNA Gene","","26","GC17P030117","25.8689613342285","https://www.genecards.org/cgi-bin/carddisp.pl?gene=MIR423"
"SYNE1","Spectrin Repeat Containing Nuclear Envelope Protein 1","Protein Coding","Q8NF91","52","GC06M152121","25.8539390563965","https://www.genecards.org/cgi-bin/carddisp.pl?gene=SYNE1"
"BDNF","Brain Derived Neurotrophic Factor","Protein Coding","P23560","62","GC11M027654","25.835880279541","https://www.genecards.org/cgi-bin/carddisp.pl?gene=BDNF"
"PPARGC1A","PPARG Coactivator 1 Alpha","Protein Coding","Q9UBK2","60","GC04M023755","25.821496963501","https://www.genecards.org/cgi-bin/carddisp.pl?gene=PPARGC1A"
"GRN","Granulin Precursor","Protein Coding","P28799","60","GC17P044345","25.8211822509766","https://www.genecards.org/cgi-bin/carddisp.pl?gene=GRN"
"GJB2","Gap Junction Protein Beta 2","Protein Coding","P29033","58","GC13M020187","25.7854156494141","https://www.genecards.org/cgi-bin/carddisp.pl?gene=GJB2"
"CCAR2","Cell Cycle And Apoptosis Regulator 2","Protein Coding","Q8N163","48","GC08P022604","25.7764148712158","https://www.genecards.org/cgi-bin/carddisp.pl?gene=CCAR2"
"IL11","Interleukin 11","Protein Coding","P20809","53","GC19M055364","25.7621574401855","https://www.genecards.org/cgi-bin/carddisp.pl?gene=IL11"
"WNT3A","Wnt Family Member 3A","Protein Coding","P56704","60","GC01P234321","25.7618293762207","https://www.genecards.org/cgi-bin/carddisp.pl?gene=WNT3A"
"CDC20","Cell Division Cycle 20","Protein Coding","Q12834","57","GC01P043358","25.7552394866943","https://www.genecards.org/cgi-bin/carddisp.pl?gene=CDC20"
"DDIT3","DNA Damage Inducible Transcript 3","Protein Coding","P35638","58","GC12M057516","25.6716232299805","https://www.genecards.org/cgi-bin/carddisp.pl?gene=DDIT3"
"ATAD2","ATPase Family AAA Domain Containing 2","Protein Coding","Q6PL18","50","GC08M123319","25.6587562561035","https://www.genecards.org/cgi-bin/carddisp.pl?gene=ATAD2"
"ESRRA","Estrogen Related Receptor Alpha","Protein Coding","P11474","59","GC11P064305","25.6351909637451","https://www.genecards.org/cgi-bin/carddisp.pl?gene=ESRRA"
"SPRED1","Sprouty Related EVH1 Domain Containing 1","Protein Coding","Q7Z699","54","GC15P038252","25.596794128418","https://www.genecards.org/cgi-bin/carddisp.pl?gene=SPRED1"
"MDC1","Mediator Of DNA Damage Checkpoint 1","Protein Coding","Q14676","55","GC06M114889","25.524730682373","https://www.genecards.org/cgi-bin/carddisp.pl?gene=MDC1"
"IL6ST","Interleukin 6 Cytokine Family Signal Transducer","Protein Coding","P40189","63","GC05M055935","25.5008926391602","https://www.genecards.org/cgi-bin/carddisp.pl?gene=IL6ST"
"EPSTI1","Epithelial Stromal Interaction 1","Protein Coding","Q96J88","47","GC13M042886","25.495849609375","https://www.genecards.org/cgi-bin/carddisp.pl?gene=EPSTI1"
"DSC2","Desmocollin 2","Protein Coding","Q02487","57","GC18M031058","25.4950828552246","https://www.genecards.org/cgi-bin/carddisp.pl?gene=DSC2"
"NR4A1","Nuclear Receptor Subfamily 4 Group A Member 1","Protein Coding","P22736","60","GC12P052022","25.4610252380371","https://www.genecards.org/cgi-bin/carddisp.pl?gene=NR4A1"
"LATS2","Large Tumor Suppressor Kinase 2","Protein Coding","Q9NRM7","58","GC13M020973","25.4552516937256","https://www.genecards.org/cgi-bin/carddisp.pl?gene=LATS2"
"APAF1","Apoptotic Peptidase Activating Factor 1","Protein Coding","O14727","60","GC12P098645","25.3909149169922","https://www.genecards.org/cgi-bin/carddisp.pl?gene=APAF1"
"MIR29B1","MicroRNA 29b-1","RNA Gene","","29","GC07M130877","25.337610244751","https://www.genecards.org/cgi-bin/carddisp.pl?gene=MIR29B1"
"PHGDH","Phosphoglycerate Dehydrogenase","Protein Coding","O43175","62","GC01P119839","25.3097915649414","https://www.genecards.org/cgi-bin/carddisp.pl?gene=PHGDH"
"ENO2","Enolase 2","Protein Coding","P09104","60","GC12P006913","25.2894668579102","https://www.genecards.org/cgi-bin/carddisp.pl?gene=ENO2"
"CD47","CD47 Molecule","Protein Coding","Q08722","58","GC03M108043","25.2721920013428","https://www.genecards.org/cgi-bin/carddisp.pl?gene=CD47"
"BNIP3","BCL2 Interacting Protein 3","Protein Coding","Q12983","54","GC10M131966","25.2419662475586","https://www.genecards.org/cgi-bin/carddisp.pl?gene=BNIP3"
"PDCD1LG2","Programmed Cell Death 1 Ligand 2","Protein Coding","Q9BQ51","56","GC09P005510","25.2063407897949","https://www.genecards.org/cgi-bin/carddisp.pl?gene=PDCD1LG2"
"IL15","Interleukin 15","Protein Coding","P40933","55","GC04P141636","25.1929130554199","https://www.genecards.org/cgi-bin/carddisp.pl?gene=IL15"
"MAP1LC3A","Microtubule Associated Protein 1 Light Chain 3 Alpha","Protein Coding","Q9H492","54","GC20P034546","25.1387939453125","https://www.genecards.org/cgi-bin/carddisp.pl?gene=MAP1LC3A"
"MIR196A1","MicroRNA 196a-1","RNA Gene","","30","GC17M048632","25.0769996643066","https://www.genecards.org/cgi-bin/carddisp.pl?gene=MIR196A1"
"TJP1","Tight Junction Protein 1","Protein Coding","Q07157","58","GC15M029699","25.0754909515381","https://www.genecards.org/cgi-bin/carddisp.pl?gene=TJP1"
"TFAP2C","Transcription Factor AP-2 Gamma","Protein Coding","Q92754","52","GC20P056629","24.9569244384766","https://www.genecards.org/cgi-bin/carddisp.pl?gene=TFAP2C"
"MAD2L1","Mitotic Arrest Deficient 2 Like 1","Protein Coding","Q13257","55","GC04M120055","24.879545211792","https://www.genecards.org/cgi-bin/carddisp.pl?gene=MAD2L1"
"MST1R","Macrophage Stimulating 1 Receptor","Protein Coding","Q04912","62","GC03M055327","24.8764514923096","https://www.genecards.org/cgi-bin/carddisp.pl?gene=MST1R"
"EWSR1","EWS RNA Binding Protein 1","Protein Coding","Q01844","57","GC22P102362","24.8656139373779","https://www.genecards.org/cgi-bin/carddisp.pl?gene=EWSR1"
"SUZ12","SUZ12 Polycomb Repressive Complex 2 Subunit","Protein Coding","Q15022","54","GC17P175184","24.8501968383789","https://www.genecards.org/cgi-bin/carddisp.pl?gene=SUZ12"
"AZGP1","Alpha-2-Glycoprotein 1, Zinc-Binding","Protein Coding","P25311","55","GC07M107358","24.8397159576416","https://www.genecards.org/cgi-bin/carddisp.pl?gene=AZGP1"
"CTSL","Cathepsin L","Protein Coding","P07711","60","GC09P159489","24.8029594421387","https://www.genecards.org/cgi-bin/carddisp.pl?gene=CTSL"
"CCNE2","Cyclin E2","Protein Coding","O96020","55","GC08M094879","24.7743015289307","https://www.genecards.org/cgi-bin/carddisp.pl?gene=CCNE2"
"CD46","CD46 Molecule","Protein Coding","P15529","60","GC01P207752","24.771240234375","https://www.genecards.org/cgi-bin/carddisp.pl?gene=CD46"
"EIF3E","Eukaryotic Translation Initiation Factor 3 Subunit E","Protein Coding","P60228","50","GC08M108163","24.7546272277832","https://www.genecards.org/cgi-bin/carddisp.pl?gene=EIF3E"
"HPSE","Heparanase","Protein Coding","Q9Y251","57","GC04M083292","24.7379245758057","https://www.genecards.org/cgi-bin/carddisp.pl?gene=HPSE"
"TXN","Thioredoxin","Protein Coding","P10599","59","GC09M110243","24.7220993041992","https://www.genecards.org/cgi-bin/carddisp.pl?gene=TXN"
"ADH1B","Alcohol Dehydrogenase 1B (Class I), Beta Polypeptide","Protein Coding","P00325","57","GC04M099304","24.7033138275146","https://www.genecards.org/cgi-bin/carddisp.pl?gene=ADH1B"
"CUL3","Cullin 3","Protein Coding","Q13618","60","GC02M224470","24.7026748657227","https://www.genecards.org/cgi-bin/carddisp.pl?gene=CUL3"
"NGF","Nerve Growth Factor","Protein Coding","P01138","64","GC01M115285","24.7010765075684","https://www.genecards.org/cgi-bin/carddisp.pl?gene=NGF"
"RECQL5","RecQ Like Helicase 5","Protein Coding","O94762","52","GC17M075626","24.651216506958","https://www.genecards.org/cgi-bin/carddisp.pl?gene=RECQL5"
"MIR345","MicroRNA 345","RNA Gene","","28","GC14P100307","24.6400165557861","https://www.genecards.org/cgi-bin/carddisp.pl?gene=MIR345"
"MIR486-1","MicroRNA 486-1","RNA Gene","","28","GC08M041660","24.6305313110352","https://www.genecards.org/cgi-bin/carddisp.pl?gene=MIR486-1"
"CEMIP","Cell Migration Inducing Hyaluronidase 1","Protein Coding","Q8WUJ3","48","GC15P080779","24.6044864654541","https://www.genecards.org/cgi-bin/carddisp.pl?gene=CEMIP"
"HLA-G","Major Histocompatibility Complex, Class I, G","Protein Coding","P17693","57","GC06P199480","24.5913009643555","https://www.genecards.org/cgi-bin/carddisp.pl?gene=HLA-G"
"CXCR3","C-X-C Motif Chemokine Receptor 3","Protein Coding","P49682","58","GC0XM071615","24.5376129150391","https://www.genecards.org/cgi-bin/carddisp.pl?gene=CXCR3"
"TGFB3","Transforming Growth Factor Beta 3","Protein Coding","P10600","59","GC14M075958","24.5279655456543","https://www.genecards.org/cgi-bin/carddisp.pl?gene=TGFB3"
"HMGCR","3-Hydroxy-3-Methylglutaryl-CoA Reductase","Protein Coding","P04035","60","GC05P075336","24.4648723602295","https://www.genecards.org/cgi-bin/carddisp.pl?gene=HMGCR"
"LOXL2","Lysyl Oxidase Like 2","Protein Coding","Q9Y4K0","58","GC08M023296","24.4351215362549","https://www.genecards.org/cgi-bin/carddisp.pl?gene=LOXL2"
"ZNF703","Zinc Finger Protein 703","Protein Coding","Q9H7S9","46","GC08P037695","24.4328346252441","https://www.genecards.org/cgi-bin/carddisp.pl?gene=ZNF703"
"FZD7","Frizzled Class Receptor 7","Protein Coding","O75084","56","GC02P205304","24.39133644104","https://www.genecards.org/cgi-bin/carddisp.pl?gene=FZD7"
"MIR574","MicroRNA 574","RNA Gene","","29","GC04P040604","24.3636646270752","https://www.genecards.org/cgi-bin/carddisp.pl?gene=MIR574"
"NCOA4","Nuclear Receptor Coactivator 4","Protein Coding","Q13772","51","GC10M046005","24.3391532897949","https://www.genecards.org/cgi-bin/carddisp.pl?gene=NCOA4"
"PCAT18","Prostate Cancer Associated Transcript 18","RNA Gene","","27","GC18M040174","24.333553314209","https://www.genecards.org/cgi-bin/carddisp.pl?gene=PCAT18"
"RRM1","Ribonucleotide Reductase Catalytic Subunit M1","Protein Coding","P23921","63","GC11P024873","24.332555770874","https://www.genecards.org/cgi-bin/carddisp.pl?gene=RRM1"
"ZMYND8","Zinc Finger MYND-Type Containing 8","Protein Coding","Q9ULU4","52","GC20M047209","24.3308982849121","https://www.genecards.org/cgi-bin/carddisp.pl?gene=ZMYND8"
"PTPN6","Protein Tyrosine Phosphatase Non-Receptor Type 6","Protein Coding","P29350","63","GC12P085735","24.3301677703857","https://www.genecards.org/cgi-bin/carddisp.pl?gene=PTPN6"
"DLL4","Delta Like Canonical Notch Ligand 4","Protein Coding","Q9NR61","60","GC15P040929","24.271089553833","https://www.genecards.org/cgi-bin/carddisp.pl?gene=DLL4"
"TGIF1","TGFB Induced Factor Homeobox 1","Protein Coding","Q15583","57","GC18P003411","24.2394714355469","https://www.genecards.org/cgi-bin/carddisp.pl?gene=TGIF1"
"TNFRSF11B","TNF Receptor Superfamily Member 11b","Protein Coding","O00300","59","GC08M118923","24.2349052429199","https://www.genecards.org/cgi-bin/carddisp.pl?gene=TNFRSF11B"
"TUBB","Tubulin Beta Class I","Protein Coding","P07437","61","GC06P199508","24.2296314239502","https://www.genecards.org/cgi-bin/carddisp.pl?gene=TUBB"
"MYBL2","MYB Proto-Oncogene Like 2","Protein Coding","P10244","55","GC20P043667","24.1900215148926","https://www.genecards.org/cgi-bin/carddisp.pl?gene=MYBL2"
"IGF2BP1","Insulin Like Growth Factor 2 MRNA Binding Protein 1","Protein Coding","Q9NZI8","52","GC17P175882","24.18115234375","https://www.genecards.org/cgi-bin/carddisp.pl?gene=IGF2BP1"
"GRB7","Growth Factor Receptor Bound Protein 7","Protein Coding","Q14451","56","GC17P175537","24.175630569458","https://www.genecards.org/cgi-bin/carddisp.pl?gene=GRB7"
"LCK","LCK Proto-Oncogene, Src Family Tyrosine Kinase","Protein Coding","P06239","64","GC01P032251","24.1274261474609","https://www.genecards.org/cgi-bin/carddisp.pl?gene=LCK"
"MAPK7","Mitogen-Activated Protein Kinase 7","Protein Coding","Q13164","61","GC17P174903","24.1234092712402","https://www.genecards.org/cgi-bin/carddisp.pl?gene=MAPK7"
"MAGED2","MAGE Family Member D2","Protein Coding","Q9UNF1","51","GC0XP054807","24.096622467041","https://www.genecards.org/cgi-bin/carddisp.pl?gene=MAGED2"
"HSP90AB1","Heat Shock Protein 90 Alpha Family Class B Member 1","Protein Coding","P08238","63","GC06P199718","24.0807933807373","https://www.genecards.org/cgi-bin/carddisp.pl?gene=HSP90AB1"
"CRIPTO","Cripto, EGF-CFC Family Member","Protein Coding","P13385","53","GC03P069722","24.0742855072021","https://www.genecards.org/cgi-bin/carddisp.pl?gene=CRIPTO"
"UHRF1","Ubiquitin Like With PHD And Ring Finger Domains 1","Protein Coding","Q96T88","52","GC19P170674","24.0633544921875","https://www.genecards.org/cgi-bin/carddisp.pl?gene=UHRF1"
"CSNK2A1","Casein Kinase 2 Alpha 1","Protein Coding","P68400","63","GC20M000472","24.0331649780273","https://www.genecards.org/cgi-bin/carddisp.pl?gene=CSNK2A1"
"STING1","Stimulator Of Interferon Response CGAMP Interactor 1","Protein Coding","Q86WV6","55","GC05M139510","24.0294303894043","https://www.genecards.org/cgi-bin/carddisp.pl?gene=STING1"
"FOSL1","FOS Like 1, AP-1 Transcription Factor Subunit","Protein Coding","P15407","57","GC11M146209","24.0121612548828","https://www.genecards.org/cgi-bin/carddisp.pl?gene=FOSL1"
"SREBF1","Sterol Regulatory Element Binding Transcription Factor 1","Protein Coding","P36956","61","GC17M017810","23.9857769012451","https://www.genecards.org/cgi-bin/carddisp.pl?gene=SREBF1"
"PGK1","Phosphoglycerate Kinase 1","Protein Coding","P00558","61","GC0XP078298","23.9846687316895","https://www.genecards.org/cgi-bin/carddisp.pl?gene=PGK1"
"YWHAE","Tyrosine 3-Monooxygenase/Tryptophan 5-Monooxygenase Activation Protein Epsilon","Protein Coding","P62258","63","GC17M103434","23.9795188903809","https://www.genecards.org/cgi-bin/carddisp.pl?gene=YWHAE"
"MIR129-1","MicroRNA 129-1","RNA Gene","","25","GC07P128207","23.9769496917725","https://www.genecards.org/cgi-bin/carddisp.pl?gene=MIR129-1"
"CD276","CD276 Molecule","Protein Coding","Q5ZPR3","55","GC15P073683","23.9730739593506","https://www.genecards.org/cgi-bin/carddisp.pl?gene=CD276"
"UBAP2","Ubiquitin Associated Protein 2","Protein Coding","Q5T6F2","48","GC09M033921","23.961389541626","https://www.genecards.org/cgi-bin/carddisp.pl?gene=UBAP2"
"TKT","Transketolase","Protein Coding","P29401","58","GC03M053224","23.9580078125","https://www.genecards.org/cgi-bin/carddisp.pl?gene=TKT"
"FTO","FTO Alpha-Ketoglutarate Dependent Dioxygenase","Protein Coding","Q9C0B1","58","GC16P137301","23.9528656005859","https://www.genecards.org/cgi-bin/carddisp.pl?gene=FTO"
"FGF9","Fibroblast Growth Factor 9","Protein Coding","P31371","56","GC13P021671","23.9384632110596","https://www.genecards.org/cgi-bin/carddisp.pl?gene=FGF9"
"S100A6","S100 Calcium Binding Protein A6","Protein Coding","P06703","54","GC01M169701","23.9235515594482","https://www.genecards.org/cgi-bin/carddisp.pl?gene=S100A6"
"CD4","CD4 Molecule","Protein Coding","P01730","63","GC12P006786","23.9220733642578","https://www.genecards.org/cgi-bin/carddisp.pl?gene=CD4"
"NUMA1","Nuclear Mitotic Apparatus Protein 1","Protein Coding","Q14980","57","GC11M072002","23.9212055206299","https://www.genecards.org/cgi-bin/carddisp.pl?gene=NUMA1"
"RPSA","Ribosomal Protein SA","Protein Coding","P08865","58","GC03P039406","23.8431663513184","https://www.genecards.org/cgi-bin/carddisp.pl?gene=RPSA"
"PTTG1","PTTG1 Regulator Of Sister Chromatid Separation, Securin","Protein Coding","O95997","54","GC05P162987","23.841552734375","https://www.genecards.org/cgi-bin/carddisp.pl?gene=PTTG1"
"MAGEA1","MAGE Family Member A1","Protein Coding","P43355","50","GC0XP153179","23.7899188995361","https://www.genecards.org/cgi-bin/carddisp.pl?gene=MAGEA1"
"SGK1","Serum/Glucocorticoid Regulated Kinase 1","Protein Coding","O00141","62","GC06M134169","23.7214031219482","https://www.genecards.org/cgi-bin/carddisp.pl?gene=SGK1"
"PLA2G2A","Phospholipase A2 Group IIA","Protein Coding","P14555","60","GC01M019975","23.7206478118896","https://www.genecards.org/cgi-bin/carddisp.pl?gene=PLA2G2A"
"USP7","Ubiquitin Specific Peptidase 7","Protein Coding","Q93009","61","GC16M008892","23.7206249237061","https://www.genecards.org/cgi-bin/carddisp.pl?gene=USP7"
"BTRC","Beta-Transducin Repeat Containing E3 Ubiquitin Protein Ligase","Protein Coding","Q9Y297","57","GC10P101354","23.7066287994385","https://www.genecards.org/cgi-bin/carddisp.pl?gene=BTRC"
"OLA1","Obg Like ATPase 1","Protein Coding","Q9NTK5","52","GC02M174072","23.6945056915283","https://www.genecards.org/cgi-bin/carddisp.pl?gene=OLA1"
"ATF1","Activating Transcription Factor 1","Protein Coding","P18846","58","GC12P050763","23.6909961700439","https://www.genecards.org/cgi-bin/carddisp.pl?gene=ATF1"
"DOT1L","DOT1 Like Histone Lysine Methyltransferase","Protein Coding","Q8TEK3","55","GC19P170567","23.6697597503662","https://www.genecards.org/cgi-bin/carddisp.pl?gene=DOT1L"
"GZMB","Granzyme B","Protein Coding","P10144","59","GC14M024630","23.65207862854","https://www.genecards.org/cgi-bin/carddisp.pl?gene=GZMB"
"MIR590","MicroRNA 590","RNA Gene","","29","GC07P074191","23.6506805419922","https://www.genecards.org/cgi-bin/carddisp.pl?gene=MIR590"
"PIM1","Pim-1 Proto-Oncogene, Serine/Threonine Kinase","Protein Coding","P11309","62","GC06P199664","23.6253814697266","https://www.genecards.org/cgi-bin/carddisp.pl?gene=PIM1"
"S100A2","S100 Calcium Binding Protein A2","Protein Coding","P29034","54","GC01M169696","23.6242275238037","https://www.genecards.org/cgi-bin/carddisp.pl?gene=S100A2"
"TACSTD2","Tumor Associated Calcium Signal Transducer 2","Protein Coding","P09758","58","GC01M058575","23.6220779418945","https://www.genecards.org/cgi-bin/carddisp.pl?gene=TACSTD2"
"PIN1","Peptidylprolyl Cis/Trans Isomerase, NIMA-Interacting 1","Protein Coding","Q13526","60","GC19P009835","23.5933895111084","https://www.genecards.org/cgi-bin/carddisp.pl?gene=PIN1"
"TRIM28","Tripartite Motif Containing 28","Protein Coding","Q13263","57","GC19P172425","23.5834197998047","https://www.genecards.org/cgi-bin/carddisp.pl?gene=TRIM28"
"NCL","Nucleolin","Protein Coding","P19338","57","GC02M231453","23.5814208984375","https://www.genecards.org/cgi-bin/carddisp.pl?gene=NCL"
"SNHG10","Small Nucleolar RNA Host Gene 10","RNA Gene","","28","GC14M126466","23.5560264587402","https://www.genecards.org/cgi-bin/carddisp.pl?gene=SNHG10"
"PGF","Placental Growth Factor","Protein Coding","P49763","56","GC14M074941","23.5399150848389","https://www.genecards.org/cgi-bin/carddisp.pl?gene=PGF"
"CD8A","CD8 Subunit Alpha","Protein Coding","P01732","60","GC02M086784","23.5274810791016","https://www.genecards.org/cgi-bin/carddisp.pl?gene=CD8A"
"KISS1R","KISS1 Receptor","Protein Coding","Q969F8","56","GC19P000917","23.5130367279053","https://www.genecards.org/cgi-bin/carddisp.pl?gene=KISS1R"
"CCN1","Cellular Communication Network Factor 1","Protein Coding","O00622","52","GC01P096321","23.504695892334","https://www.genecards.org/cgi-bin/carddisp.pl?gene=CCN1"
"NFATC1","Nuclear Factor Of Activated T Cells 1","Protein Coding","O95644","61","GC18P079395","23.4939231872559","https://www.genecards.org/cgi-bin/carddisp.pl?gene=NFATC1"
"MIR95","MicroRNA 95","RNA Gene","","26","GC04M008035","23.4328918457031","https://www.genecards.org/cgi-bin/carddisp.pl?gene=MIR95"
"DDX3X","DEAD-Box Helicase 3 X-Linked","Protein Coding","O00571","61","GC0XP041333","23.4070148468018","https://www.genecards.org/cgi-bin/carddisp.pl?gene=DDX3X"
"ACTN4","Actinin Alpha 4","Protein Coding","O43707","59","GC19P038647","23.3805713653564","https://www.genecards.org/cgi-bin/carddisp.pl?gene=ACTN4"
"MAP3K7","Mitogen-Activated Protein Kinase Kinase Kinase 7","Protein Coding","O43318","62","GC06M090513","23.3748893737793","https://www.genecards.org/cgi-bin/carddisp.pl?gene=MAP3K7"
"KLRK1","Killer Cell Lectin Like Receptor K1","Protein Coding","P26718","52","GC12M038944","23.3653583526611","https://www.genecards.org/cgi-bin/carddisp.pl?gene=KLRK1"
"SOD2-OT1","SOD2 Overlapping Transcript 1","RNA Gene","","19","GC06M159772","23.3529300689697","https://www.genecards.org/cgi-bin/carddisp.pl?gene=SOD2-OT1"
"TPX2","TPX2 Microtubule Nucleation Factor","Protein Coding","Q9ULW0","54","GC20P031739","23.3469047546387","https://www.genecards.org/cgi-bin/carddisp.pl?gene=TPX2"
"TCF3","Transcription Factor 3","Protein Coding","P15923","58","GC19M001609","23.3396015167236","https://www.genecards.org/cgi-bin/carddisp.pl?gene=TCF3"
"APOE","Apolipoprotein E","Protein Coding","P02649","62","GC19P171829","23.2956790924072","https://www.genecards.org/cgi-bin/carddisp.pl?gene=APOE"
"FUS","FUS RNA Binding Protein","Protein Coding","P35637","57","GC16P031180","23.2673969268799","https://www.genecards.org/cgi-bin/carddisp.pl?gene=FUS"
"USP28","Ubiquitin Specific Peptidase 28","Protein Coding","Q96RU2","52","GC11M113797","23.2644157409668","https://www.genecards.org/cgi-bin/carddisp.pl?gene=USP28"
"BBC3","BCL2 Binding Component 3","Protein Coding","Q96PG8","53","GC19M047220","23.2054710388184","https://www.genecards.org/cgi-bin/carddisp.pl?gene=BBC3"
"TXNIP","Thioredoxin Interacting Protein","Protein Coding","Q9H3M7","52","GC01M145992","23.1938629150391","https://www.genecards.org/cgi-bin/carddisp.pl?gene=TXNIP"
"MIR20B","MicroRNA 20b","RNA Gene","","23","GC0XM135547","23.1398105621338","https://www.genecards.org/cgi-bin/carddisp.pl?gene=MIR20B"
"UBE2T","Ubiquitin Conjugating Enzyme E2 T","Protein Coding","Q9NPD8","55","GC01M202332","23.1377010345459","https://www.genecards.org/cgi-bin/carddisp.pl?gene=UBE2T"
"SKP1","S-Phase Kinase Associated Protein 1","Protein Coding","P63208","56","GC05M134148","23.0765609741211","https://www.genecards.org/cgi-bin/carddisp.pl?gene=SKP1"
"MFGE8","Milk Fat Globule EGF And Factor V/VIII Domain Containing","Protein Coding","Q08431","55","GC15M088898","23.0574569702148","https://www.genecards.org/cgi-bin/carddisp.pl?gene=MFGE8"
"CCNB2","Cyclin B2","Protein Coding","O95067","56","GC15P059105","23.0493545532227","https://www.genecards.org/cgi-bin/carddisp.pl?gene=CCNB2"
"PARD3","Par-3 Family Cell Polarity Regulator","Protein Coding","Q8TEW0","54","GC10M037993","23.0454902648926","https://www.genecards.org/cgi-bin/carddisp.pl?gene=PARD3"
"CLDN3","Claudin 3","Protein Coding","O15551","54","GC07M073768","23.0369148254395","https://www.genecards.org/cgi-bin/carddisp.pl?gene=CLDN3"
"CLCA2","Chloride Channel Accessory 2","Protein Coding","Q9UQC9","52","GC01P086424","22.9887924194336","https://www.genecards.org/cgi-bin/carddisp.pl?gene=CLCA2"
"EIF2AK2","Eukaryotic Translation Initiation Factor 2 Alpha Kinase 2","Protein Coding","P19525","62","GC02M037099","22.9860763549805","https://www.genecards.org/cgi-bin/carddisp.pl?gene=EIF2AK2"
"RBBP4","RB Binding Protein 4, Chromatin Remodeling Factor","Protein Coding","Q09028","55","GC01P032651","22.9261379241943","https://www.genecards.org/cgi-bin/carddisp.pl?gene=RBBP4"
"NUMB","NUMB Endocytic Adaptor Protein","Protein Coding","P49757","58","GC14M073476","22.9234561920166","https://www.genecards.org/cgi-bin/carddisp.pl?gene=NUMB"
"LINC01194","Long Intergenic Non-Protein Coding RNA 1194","RNA Gene","","26","GC05P012530","22.910083770752","https://www.genecards.org/cgi-bin/carddisp.pl?gene=LINC01194"
"SERPINB2","Serpin Family B Member 2","Protein Coding","P05120","57","GC18P063871","22.9002838134766","https://www.genecards.org/cgi-bin/carddisp.pl?gene=SERPINB2"
"SSTR2","Somatostatin Receptor 2","Protein Coding","P30874","60","GC17P073165","22.8775405883789","https://www.genecards.org/cgi-bin/carddisp.pl?gene=SSTR2"
"RASA1","RAS P21 Protein Activator 1","Protein Coding","P20936","60","GC05P087267","22.8762054443359","https://www.genecards.org/cgi-bin/carddisp.pl?gene=RASA1"
"S100A7","S100 Calcium Binding Protein A7","Protein Coding","P31151","51","GC01M153457","22.828592300415","https://www.genecards.org/cgi-bin/carddisp.pl?gene=S100A7"
"PIK3R3","Phosphoinositide-3-Kinase Regulatory Subunit 3","Protein Coding","Q92569","58","GC01M046041","22.8195266723633","https://www.genecards.org/cgi-bin/carddisp.pl?gene=PIK3R3"
"VTCN1","V-Set Domain Containing T Cell Activation Inhibitor 1","Protein Coding","Q7Z7D3","54","GC01M117143","22.8195171356201","https://www.genecards.org/cgi-bin/carddisp.pl?gene=VTCN1"
"CUL4B","Cullin 4B","Protein Coding","Q13620","54","GC0XM120640","22.8072719573975","https://www.genecards.org/cgi-bin/carddisp.pl?gene=CUL4B"
"SPHK1","Sphingosine Kinase 1","Protein Coding","Q9NYA1","58","GC17P076376","22.8028049468994","https://www.genecards.org/cgi-bin/carddisp.pl?gene=SPHK1"
"HSP90B1","Heat Shock Protein 90 Beta Family Member 1","Protein Coding","P14625","60","GC12P103930","22.7738418579102","https://www.genecards.org/cgi-bin/carddisp.pl?gene=HSP90B1"
"TOPBP1","DNA Topoisomerase II Binding Protein 1","Protein Coding","Q92547","54","GC03M133600","22.7449550628662","https://www.genecards.org/cgi-bin/carddisp.pl?gene=TOPBP1"
"CTBP1","C-Terminal Binding Protein 1","Protein Coding","Q13363","60","GC04M001211","22.7446422576904","https://www.genecards.org/cgi-bin/carddisp.pl?gene=CTBP1"
"SMARCC2","SWI/SNF Related BAF Chromatin Remodeling Complex Subunit C2","Protein Coding","Q8TAQ2","56","GC12M060941","22.7327709197998","https://www.genecards.org/cgi-bin/carddisp.pl?gene=SMARCC2"
"COPS5","COP9 Signalosome Subunit 5","Protein Coding","Q92905","55","GC08M067043","22.7139759063721","https://www.genecards.org/cgi-bin/carddisp.pl?gene=COPS5"
"DUSP6","Dual Specificity Phosphatase 6","Protein Coding","Q16828","60","GC12M089347","22.6939582824707","https://www.genecards.org/cgi-bin/carddisp.pl?gene=DUSP6"
"KIF15","Kinesin Family Member 15","Protein Coding","Q9NS87","48","GC03P069004","22.686767578125","https://www.genecards.org/cgi-bin/carddisp.pl?gene=KIF15"
"CXCR2","C-X-C Motif Chemokine Receptor 2","Protein Coding","P25025","63","GC02P218125","22.6401672363281","https://www.genecards.org/cgi-bin/carddisp.pl?gene=CXCR2"
"S100A8","S100 Calcium Binding Protein A8","Protein Coding","P05109","55","GC01M169683","22.6009540557861","https://www.genecards.org/cgi-bin/carddisp.pl?gene=S100A8"
"F2RL1","F2R Like Trypsin Receptor 1","Protein Coding","P55085","56","GC05P076818","22.5954704284668","https://www.genecards.org/cgi-bin/carddisp.pl?gene=F2RL1"
"LIMK1","LIM Domain Kinase 1","Protein Coding","P53667","62","GC07P074082","22.5659465789795","https://www.genecards.org/cgi-bin/carddisp.pl?gene=LIMK1"
"CARM1","Coactivator Associated Arginine Methyltransferase 1","Protein Coding","Q86X55","60","GC19P010871","22.5392189025879","https://www.genecards.org/cgi-bin/carddisp.pl?gene=CARM1"
"MAP2K3","Mitogen-Activated Protein Kinase Kinase 3","Protein Coding","P46734","61","GC17P174972","22.5192546844482","https://www.genecards.org/cgi-bin/carddisp.pl?gene=MAP2K3"
"SEMA3A","Semaphorin 3A","Protein Coding","Q14563","58","GC07M083955","22.4950408935547","https://www.genecards.org/cgi-bin/carddisp.pl?gene=SEMA3A"
"SLCO4A1-AS1","SLCO4A1 Antisense RNA 1","RNA Gene","","23","GC20M063062","22.4897842407227","https://www.genecards.org/cgi-bin/carddisp.pl?gene=SLCO4A1-AS1"
"MIR409","MicroRNA 409","RNA Gene","","28","GC14P123654","22.4577713012695","https://www.genecards.org/cgi-bin/carddisp.pl?gene=MIR409"
"NHERF1","NHERF Family PDZ Scaffold Protein 1","Protein Coding","O14745","56","GC17P176339","22.4540672302246","https://www.genecards.org/cgi-bin/carddisp.pl?gene=NHERF1"
"ZNF350","Zinc Finger Protein 350","Protein Coding","Q9GZX5","45","GC19M116716","22.4465007781982","https://www.genecards.org/cgi-bin/carddisp.pl?gene=ZNF350"
"MECOM","MDS1 And EVI1 Complex Locus","Protein Coding","Q03112","60","GC03M169083","22.4451236724854","https://www.genecards.org/cgi-bin/carddisp.pl?gene=MECOM"
"SLC16A1","Solute Carrier Family 16 Member 1","Protein Coding","P53985","60","GC01M113185","22.4334831237793","https://www.genecards.org/cgi-bin/carddisp.pl?gene=SLC16A1"
"HES1","Hes Family BHLH Transcription Factor 1","Protein Coding","Q14469","57","GC03P194136","22.3949642181396","https://www.genecards.org/cgi-bin/carddisp.pl?gene=HES1"
"HDAC3","Histone Deacetylase 3","Protein Coding","O15379","63","GC05M141620","22.3898792266846","https://www.genecards.org/cgi-bin/carddisp.pl?gene=HDAC3"
"CDH5","Cadherin 5","Protein Coding","P33151","60","GC16P066366","22.381275177002","https://www.genecards.org/cgi-bin/carddisp.pl?gene=CDH5"
"MIR455","MicroRNA 455","RNA Gene","","29","GC09P114209","22.3811721801758","https://www.genecards.org/cgi-bin/carddisp.pl?gene=MIR455"
"MIR92A2","MicroRNA 92a-2","RNA Gene","","24","GC0XM135545","22.3757667541504","https://www.genecards.org/cgi-bin/carddisp.pl?gene=MIR92A2"
"MIR500A","MicroRNA 500a","RNA Gene","","26","GC0XP050008","22.3167724609375","https://www.genecards.org/cgi-bin/carddisp.pl?gene=MIR500A"
"GFRA1","GDNF Family Receptor Alpha 1","Protein Coding","P56159","60","GC10M116056","22.3015785217285","https://www.genecards.org/cgi-bin/carddisp.pl?gene=GFRA1"
"ARID1B","AT-Rich Interaction Domain 1B","Protein Coding","Q8NFD5","56","GC06P201409","22.273365020752","https://www.genecards.org/cgi-bin/carddisp.pl?gene=ARID1B"
"LGALS9","Galectin 9","Protein Coding","O00182","51","GC17P027629","22.2506828308105","https://www.genecards.org/cgi-bin/carddisp.pl?gene=LGALS9"
"STC2","Stanniocalcin 2","Protein Coding","O76061","53","GC05M173314","22.234977722168","https://www.genecards.org/cgi-bin/carddisp.pl?gene=STC2"
"TXNRD1","Thioredoxin Reductase 1","Protein Coding","Q16881","57","GC12P104215","22.2000045776367","https://www.genecards.org/cgi-bin/carddisp.pl?gene=TXNRD1"
"MIF","Macrophage Migration Inhibitory Factor","Protein Coding","P14174","60","GC22P023894","22.1831474304199","https://www.genecards.org/cgi-bin/carddisp.pl?gene=MIF"
"IL4R","Interleukin 4 Receptor","Protein Coding","P24394","60","GC16P136554","22.171947479248","https://www.genecards.org/cgi-bin/carddisp.pl?gene=IL4R"
"HAS2","Hyaluronan Synthase 2","Protein Coding","Q92819","55","GC08M121612","22.1662483215332","https://www.genecards.org/cgi-bin/carddisp.pl?gene=HAS2"
"MIR485","MicroRNA 485","RNA Gene","","27","GC14P123658","22.1492462158203","https://www.genecards.org/cgi-bin/carddisp.pl?gene=MIR485"
"LZTS1","Leucine Zipper Tumor Suppressor 1","Protein Coding","Q9Y250","49","GC08M020246","22.0832805633545","https://www.genecards.org/cgi-bin/carddisp.pl?gene=LZTS1"
"MIR376A1","MicroRNA 376a-1","RNA Gene","","25","GC14P123644","22.0728397369385","https://www.genecards.org/cgi-bin/carddisp.pl?gene=MIR376A1"
"STUB1","STIP1 Homology And U-Box Containing Protein 1","Protein Coding","Q9UNE7","57","GC16P135885","22.0427722930908","https://www.genecards.org/cgi-bin/carddisp.pl?gene=STUB1"
"HIF1A-AS2","HIF1A Antisense RNA 2","RNA Gene","","23","GC14M061747","22.0390815734863","https://www.genecards.org/cgi-bin/carddisp.pl?gene=HIF1A-AS2"
"MIR125B2","MicroRNA 125b-2","RNA Gene","","30","GC21P016590","22.0257186889648","https://www.genecards.org/cgi-bin/carddisp.pl?gene=MIR125B2"
"EED","Embryonic Ectoderm Development","Protein Coding","O75530","55","GC11P130877","22.0227909088135","https://www.genecards.org/cgi-bin/carddisp.pl?gene=EED"
"CIP2A","Cellular Inhibitor Of PP2A","Protein Coding","Q8TCG1","48","GC03M108622","21.9998226165771","https://www.genecards.org/cgi-bin/carddisp.pl?gene=CIP2A"
"MIR508","MicroRNA 508","RNA Gene","","25","GC0XM147236","21.9657135009766","https://www.genecards.org/cgi-bin/carddisp.pl?gene=MIR508"
"PRMT7","Protein Arginine Methyltransferase 7","Protein Coding","Q9NVM4","54","GC16P137692","21.9565677642822","https://www.genecards.org/cgi-bin/carddisp.pl?gene=PRMT7"
"CHI3L1","Chitinase 3 Like 1","Protein Coding","P36222","58","GC01M203179","21.9553775787354","https://www.genecards.org/cgi-bin/carddisp.pl?gene=CHI3L1"
"ECM1","Extracellular Matrix Protein 1","Protein Coding","Q16610","57","GC01P183414","21.9181480407715","https://www.genecards.org/cgi-bin/carddisp.pl?gene=ECM1"
"PGRMC1","Progesterone Receptor Membrane Component 1","Protein Coding","O00264","57","GC0XP119236","21.9141235351563","https://www.genecards.org/cgi-bin/carddisp.pl?gene=PGRMC1"
"SNORD15A","Small Nucleolar RNA, C/D Box 15A","RNA Gene","","25","GC11P075400","21.8985595703125","https://www.genecards.org/cgi-bin/carddisp.pl?gene=SNORD15A"
"MIR512-1","MicroRNA 512-1","RNA Gene","","27","GC19P172202","21.8536720275879","https://www.genecards.org/cgi-bin/carddisp.pl?gene=MIR512-1"
"SLC29A1","Solute Carrier Family 29 Member 1 (Augustine Blood Group)","Protein Coding","Q99808","61","GC06P044219","21.8235416412354","https://www.genecards.org/cgi-bin/carddisp.pl?gene=SLC29A1"
"GPX3","Glutathione Peroxidase 3","Protein Coding","P22352","54","GC05P162735","21.8197937011719","https://www.genecards.org/cgi-bin/carddisp.pl?gene=GPX3"
"PEBP1","Phosphatidylethanolamine Binding Protein 1","Protein Coding","P30086","58","GC12P118250","21.7892818450928","https://www.genecards.org/cgi-bin/carddisp.pl?gene=PEBP1"
"LAMC2","Laminin Subunit Gamma 2","Protein Coding","Q13753","59","GC01P183186","21.779993057251","https://www.genecards.org/cgi-bin/carddisp.pl?gene=LAMC2"
"CCN6","Cellular Communication Network Factor 6","Protein Coding","O95389","51","GC06P200458","21.775993347168","https://www.genecards.org/cgi-bin/carddisp.pl?gene=CCN6"
"UBR5","Ubiquitin Protein Ligase E3 Component N-Recognin 5","Protein Coding","O95071","54","GC08M102252","21.7689666748047","https://www.genecards.org/cgi-bin/carddisp.pl?gene=UBR5"
"RASAL2","RAS Protein Activator Like 2","Protein Coding","Q9UJF2","50","GC01P178093","21.7637672424316","https://www.genecards.org/cgi-bin/carddisp.pl?gene=RASAL2"
"L1CAM","L1 Cell Adhesion Molecule","Protein Coding","P32004","60","GC0XM153864","21.7528038024902","https://www.genecards.org/cgi-bin/carddisp.pl?gene=L1CAM"
"LIN28B","Lin-28 RNA Binding Posttranscriptional Regulator B","Protein Coding","Q6ZN17","54","GC06P200281","21.7309169769287","https://www.genecards.org/cgi-bin/carddisp.pl?gene=LIN28B"
"APOBEC3B","Apolipoprotein B MRNA Editing Enzyme Catalytic Subunit 3B","Protein Coding","Q9UH17","52","GC22P038982","21.6888027191162","https://www.genecards.org/cgi-bin/carddisp.pl?gene=APOBEC3B"
"PCBP2-OT1","PCBP2 Overlapping Transcript 1","RNA Gene","","18","GC12P053464","21.6692333221436","https://www.genecards.org/cgi-bin/carddisp.pl?gene=PCBP2-OT1"
"ADRB2","Adrenoceptor Beta 2","Protein Coding","P07550","61","GC05P162652","21.6684169769287","https://www.genecards.org/cgi-bin/carddisp.pl?gene=ADRB2"
"ID4","Inhibitor Of DNA Binding 4","Protein Coding","P47928","52","GC06P019837","21.667085647583","https://www.genecards.org/cgi-bin/carddisp.pl?gene=ID4"
"HDAC5","Histone Deacetylase 5","Protein Coding","Q9UQL6","61","GC17M044076","21.6590175628662","https://www.genecards.org/cgi-bin/carddisp.pl?gene=HDAC5"
"PFKP","Phosphofructokinase, Platelet","Protein Coding","Q01813","57","GC10P003066","21.6294212341309","https://www.genecards.org/cgi-bin/carddisp.pl?gene=PFKP"
"IGF2BP2","Insulin Like Growth Factor 2 MRNA Binding Protein 2","Protein Coding","Q9Y6M1","56","GC03M185643","21.6079940795898","https://www.genecards.org/cgi-bin/carddisp.pl?gene=IGF2BP2"
"BIK","BCL2 Interacting Killer","Protein Coding","Q13323","52","GC22P043110","21.6024551391602","https://www.genecards.org/cgi-bin/carddisp.pl?gene=BIK"
"PTPRG","Protein Tyrosine Phosphatase Receptor Type G","Protein Coding","P23470","54","GC03P061561","21.5960102081299","https://www.genecards.org/cgi-bin/carddisp.pl?gene=PTPRG"
"RICTOR","RPTOR Independent Companion Of MTOR Complex 2","Protein Coding","Q6R327","56","GC05M038937","21.5836238861084","https://www.genecards.org/cgi-bin/carddisp.pl?gene=RICTOR"
"FOSL2","FOS Like 2, AP-1 Transcription Factor Subunit","Protein Coding","P15408","55","GC02P028392","21.5303497314453","https://www.genecards.org/cgi-bin/carddisp.pl?gene=FOSL2"
"UVRAG","UV Radiation Resistance Associated","Protein Coding","Q9P2Y5","53","GC11P075815","21.5132713317871","https://www.genecards.org/cgi-bin/carddisp.pl?gene=UVRAG"
"MIR137","MicroRNA 137","RNA Gene","","27","GC01M098046","21.4661693572998","https://www.genecards.org/cgi-bin/carddisp.pl?gene=MIR137"
"HSD17B2","Hydroxysteroid 17-Beta Dehydrogenase 2","Protein Coding","P37059","55","GC16P138144","21.4641075134277","https://www.genecards.org/cgi-bin/carddisp.pl?gene=HSD17B2"
"MCM4","Minichromosome Maintenance Complex Component 4","Protein Coding","P33991","59","GC08P047975","21.4441337585449","https://www.genecards.org/cgi-bin/carddisp.pl?gene=MCM4"
"MACF1","Microtubule Actin Crosslinking Factor 1","Protein Coding","O94854","54","GC01P094505","21.4332122802734","https://www.genecards.org/cgi-bin/carddisp.pl?gene=MACF1"
"RALA","RAS Like Proto-Oncogene A","Protein Coding","P11233","59","GC07P039622","21.3988151550293","https://www.genecards.org/cgi-bin/carddisp.pl?gene=RALA"
"XPO1","Exportin 1","Protein Coding","O14980","60","GC02M061476","21.3712863922119","https://www.genecards.org/cgi-bin/carddisp.pl?gene=XPO1"
"NRAD1","Non-Coding RNA In The Aldehyde Dehydrogenase 1A Pathway","RNA Gene","","23","GC13P043910","21.3602809906006","https://www.genecards.org/cgi-bin/carddisp.pl?gene=NRAD1"
"NCAPG","Non-SMC Condensin I Complex Subunit G","Protein Coding","Q9BPX3","51","GC04P034368","21.3572731018066","https://www.genecards.org/cgi-bin/carddisp.pl?gene=NCAPG"
"KRT17","Keratin 17","Protein Coding","Q04695","57","GC17M041619","21.3521785736084","https://www.genecards.org/cgi-bin/carddisp.pl?gene=KRT17"
"MIR30D","MicroRNA 30d","RNA Gene","","26","GC08M134804","21.3506622314453","https://www.genecards.org/cgi-bin/carddisp.pl?gene=MIR30D"
"GLS","Glutaminase","Protein Coding","O94925","61","GC02P190880","21.3405380249023","https://www.genecards.org/cgi-bin/carddisp.pl?gene=GLS"
"CXCL9","C-X-C Motif Chemokine Ligand 9","Protein Coding","Q07325","51","GC04M076001","21.3097591400146","https://www.genecards.org/cgi-bin/carddisp.pl?gene=CXCL9"
"MAP3K5","Mitogen-Activated Protein Kinase Kinase Kinase 5","Protein Coding","Q99683","62","GC06M136557","21.2913246154785","https://www.genecards.org/cgi-bin/carddisp.pl?gene=MAP3K5"
"MSN","Moesin","Protein Coding","P26038","60","GC0XP065588","21.2879581451416","https://www.genecards.org/cgi-bin/carddisp.pl?gene=MSN"
"MTA2","Metastasis Associated 1 Family Member 2","Protein Coding","O94776","54","GC11M146057","21.2763748168945","https://www.genecards.org/cgi-bin/carddisp.pl?gene=MTA2"
"MYO18A","Myosin XVIIIA","Protein Coding","Q92614","51","GC17M104252","21.2729358673096","https://www.genecards.org/cgi-bin/carddisp.pl?gene=MYO18A"
"KAT5","Lysine Acetyltransferase 5","Protein Coding","Q92993","63","GC11P065711","21.2556247711182","https://www.genecards.org/cgi-bin/carddisp.pl?gene=KAT5"
"DAXX","Death Domain Associated Protein","Protein Coding","Q9UER7","57","GC06M033318","21.218111038208","https://www.genecards.org/cgi-bin/carddisp.pl?gene=DAXX"
"MORC2","MORC Family CW-Type Zinc Finger 2","Protein Coding","Q9Y6X9","52","GC22M030925","21.2169513702393","https://www.genecards.org/cgi-bin/carddisp.pl?gene=MORC2"
"ASMTL-AS1","ASMTL Antisense RNA 1","RNA Gene","","25","GC0XP001400","21.2082252502441","https://www.genecards.org/cgi-bin/carddisp.pl?gene=ASMTL-AS1"
"PTPN12","Protein Tyrosine Phosphatase Non-Receptor Type 12","Protein Coding","Q05209","60","GC07P077537","21.1991691589355","https://www.genecards.org/cgi-bin/carddisp.pl?gene=PTPN12"
"TRAF4","TNF Receptor Associated Factor 4","Protein Coding","Q9BUZ4","54","GC17P175083","21.18479347229","https://www.genecards.org/cgi-bin/carddisp.pl?gene=TRAF4"
"VCP","Valosin Containing Protein","Protein Coding","P55072","61","GC09M036512","21.165864944458","https://www.genecards.org/cgi-bin/carddisp.pl?gene=VCP"
"TNFRSF9","TNF Receptor Superfamily Member 9","Protein Coding","Q07011","57","GC01M007915","21.1598110198975","https://www.genecards.org/cgi-bin/carddisp.pl?gene=TNFRSF9"
"MAP2K5","Mitogen-Activated Protein Kinase Kinase 5","Protein Coding","Q13163","57","GC15P210899","21.1520824432373","https://www.genecards.org/cgi-bin/carddisp.pl?gene=MAP2K5"
"DVL1","Dishevelled Segment Polarity Protein 1","Protein Coding","O14640","59","GC01M001335","21.1383457183838","https://www.genecards.org/cgi-bin/carddisp.pl?gene=DVL1"
"MIR135A1","MicroRNA 135a-1","RNA Gene","","30","GC03M055433","21.1335830688477","https://www.genecards.org/cgi-bin/carddisp.pl?gene=MIR135A1"
"CXCL14","C-X-C Motif Chemokine Ligand 14","Protein Coding","O95715","48","GC05M135617","21.1326446533203","https://www.genecards.org/cgi-bin/carddisp.pl?gene=CXCL14"
"GAS6","Growth Arrest Specific 6","Protein Coding","Q14393","56","GC13M113820","21.1228065490723","https://www.genecards.org/cgi-bin/carddisp.pl?gene=GAS6"
"GRWD1","Glutamate Rich WD Repeat Containing 1","Protein Coding","Q9BQ67","47","GC19P048445","21.1106109619141","https://www.genecards.org/cgi-bin/carddisp.pl?gene=GRWD1"
"WNT7B","Wnt Family Member 7B","Protein Coding","P56706","56","GC22M045920","21.1088371276855","https://www.genecards.org/cgi-bin/carddisp.pl?gene=WNT7B"
"PITPNA-AS1","PITPNA Antisense RNA 1","RNA Gene","","23","GC17P001516","21.0651817321777","https://www.genecards.org/cgi-bin/carddisp.pl?gene=PITPNA-AS1"
"RHEB","Ras Homolog, MTORC1 Binding","Protein Coding","Q15382","63","GC07M151466","21.0575008392334","https://www.genecards.org/cgi-bin/carddisp.pl?gene=RHEB"
"PIAS1","Protein Inhibitor Of Activated STAT 1","Protein Coding","O75925","58","GC15P068054","21.0411357879639","https://www.genecards.org/cgi-bin/carddisp.pl?gene=PIAS1"
"APP","Amyloid Beta Precursor Protein","Protein Coding","P05067","63","GC21M025880","21.0191020965576","https://www.genecards.org/cgi-bin/carddisp.pl?gene=APP"
"MIR491","MicroRNA 491","RNA Gene","","29","GC09P020716","21.0021057128906","https://www.genecards.org/cgi-bin/carddisp.pl?gene=MIR491"
"CCNH","Cyclin H","Protein Coding","P51946","58","GC05M087311","20.9920806884766","https://www.genecards.org/cgi-bin/carddisp.pl?gene=CCNH"
"FABP4","Fatty Acid Binding Protein 4","Protein Coding","P15090","56","GC08M081478","20.9419384002686","https://www.genecards.org/cgi-bin/carddisp.pl?gene=FABP4"
"FAT1","FAT Atypical Cadherin 1","Protein Coding","Q14517","53","GC04M186587","20.9099235534668","https://www.genecards.org/cgi-bin/carddisp.pl?gene=FAT1"
"NFIB","Nuclear Factor I B","Protein Coding","O00712","55","GC09M014077","20.8936672210693","https://www.genecards.org/cgi-bin/carddisp.pl?gene=NFIB"
"UBE2I","Ubiquitin Conjugating Enzyme E2 I","Protein Coding","P63279","60","GC16P135893","20.8711261749268","https://www.genecards.org/cgi-bin/carddisp.pl?gene=UBE2I"
"PES1","Pescadillo Ribosomal Biogenesis Factor 1","Protein Coding","O00541","50","GC22M030576","20.8605136871338","https://www.genecards.org/cgi-bin/carddisp.pl?gene=PES1"
"PTN","Pleiotrophin","Protein Coding","P21246","53","GC07M137227","20.8596801757813","https://www.genecards.org/cgi-bin/carddisp.pl?gene=PTN"
"SULF1","Sulfatase 1","Protein Coding","Q8IWU6","53","GC08P069466","20.8546352386475","https://www.genecards.org/cgi-bin/carddisp.pl?gene=SULF1"
"MIRLET7A2","MicroRNA Let-7a-2","RNA Gene","","26","GC11M122146","20.8540897369385","https://www.genecards.org/cgi-bin/carddisp.pl?gene=MIRLET7A2"
"LGR5","Leucine Rich Repeat Containing G Protein-Coupled Receptor 5","Protein Coding","O75473","56","GC12P071439","20.8060855865479","https://www.genecards.org/cgi-bin/carddisp.pl?gene=LGR5"
"SLC1A5","Solute Carrier Family 1 Member 5","Protein Coding","Q15758","58","GC19M116484","20.7769412994385","https://www.genecards.org/cgi-bin/carddisp.pl?gene=SLC1A5"
"REL","REL Proto-Oncogene, NF-KB Subunit","Protein Coding","Q04864","61","GC02P060881","20.7650928497314","https://www.genecards.org/cgi-bin/carddisp.pl?gene=REL"
"VPS9D1-AS1","VPS9D1 Antisense RNA 1","RNA Gene","","23","GC16P089711","20.7185707092285","https://www.genecards.org/cgi-bin/carddisp.pl?gene=VPS9D1-AS1"
"FGF5","Fibroblast Growth Factor 5","Protein Coding","P12034","56","GC04P080266","20.7076187133789","https://www.genecards.org/cgi-bin/carddisp.pl?gene=FGF5"
"OSM","Oncostatin M","Protein Coding","P13725","55","GC22M030262","20.7015781402588","https://www.genecards.org/cgi-bin/carddisp.pl?gene=OSM"
"STC1","Stanniocalcin 1","Protein Coding","P52823","52","GC08M023841","20.6695690155029","https://www.genecards.org/cgi-bin/carddisp.pl?gene=STC1"
"MYCL","MYCL Proto-Oncogene, BHLH Transcription Factor","Protein Coding","P12524","51","GC01M039895","20.66286277771","https://www.genecards.org/cgi-bin/carddisp.pl?gene=MYCL"
"AGER","Advanced Glycosylation End-Product Specific Receptor","Protein Coding","Q15109","59","GC06M032180","20.5851173400879","https://www.genecards.org/cgi-bin/carddisp.pl?gene=AGER"
"ESRRG","Estrogen Related Receptor Gamma","Protein Coding","P62508","56","GC01M216503","20.543140411377","https://www.genecards.org/cgi-bin/carddisp.pl?gene=ESRRG"
"TRIM25","Tripartite Motif Containing 25","Protein Coding","Q14258","57","GC17M056836","20.4971694946289","https://www.genecards.org/cgi-bin/carddisp.pl?gene=TRIM25"
"CT83","Cancer/Testis Antigen 83","Protein Coding","Q5H943","39","GC0XM116461","20.4821014404297","https://www.genecards.org/cgi-bin/carddisp.pl?gene=CT83"
"ESRRB","Estrogen Related Receptor Beta","Protein Coding","O95718","60","GC14P076310","20.4779472351074","https://www.genecards.org/cgi-bin/carddisp.pl?gene=ESRRB"
"CASP1","Caspase 1","Protein Coding","P29466","61","GC11M146827","20.4677200317383","https://www.genecards.org/cgi-bin/carddisp.pl?gene=CASP1"
"CSNK2A2","Casein Kinase 2 Alpha 2","Protein Coding","P19784","58","GC16M058157","20.4669742584229","https://www.genecards.org/cgi-bin/carddisp.pl?gene=CSNK2A2"
"MIR499A","MicroRNA 499a","RNA Gene","","30","GC20P034990","20.4628238677979","https://www.genecards.org/cgi-bin/carddisp.pl?gene=MIR499A"
"TMPO","Thymopoietin","Protein Coding","P42166","59","GC12P098515","20.4625663757324","https://www.genecards.org/cgi-bin/carddisp.pl?gene=TMPO"
"DEK","DEK Proto-Oncogene","Protein Coding","P35659","54","GC06M018224","20.4495830535889","https://www.genecards.org/cgi-bin/carddisp.pl?gene=DEK"
"RPS6KA1","Ribosomal Protein S6 Kinase A1","Protein Coding","Q15418","63","GC01P093271","20.4495372772217","https://www.genecards.org/cgi-bin/carddisp.pl?gene=RPS6KA1"
"PRDM14","PR/SET Domain 14","Protein Coding","Q9GZV8","51","GC08M070051","20.4149208068848","https://www.genecards.org/cgi-bin/carddisp.pl?gene=PRDM14"
"GATA1","GATA Binding Protein 1","Protein Coding","P15976","58","GC0XP048786","20.3861541748047","https://www.genecards.org/cgi-bin/carddisp.pl?gene=GATA1"
"DDX41","DEAD-Box Helicase 41","Protein Coding","Q9UJV9","55","GC05M177511","20.3838005065918","https://www.genecards.org/cgi-bin/carddisp.pl?gene=DDX41"
"ELK1","ETS Transcription Factor ELK1","Protein Coding","P19419","58","GC0XM050165","20.3791313171387","https://www.genecards.org/cgi-bin/carddisp.pl?gene=ELK1"
"ELOC","Elongin C","Protein Coding","Q15369","54","GC08M073939","20.3757438659668","https://www.genecards.org/cgi-bin/carddisp.pl?gene=ELOC"
"TFE3","Transcription Factor Binding To IGHM Enhancer 3","Protein Coding","P19532","56","GC0XM049028","20.3725776672363","https://www.genecards.org/cgi-bin/carddisp.pl?gene=TFE3"
"NSUN2","NOP2/Sun RNA Methyltransferase 2","Protein Coding","Q08J23","55","GC05M006599","20.3585357666016","https://www.genecards.org/cgi-bin/carddisp.pl?gene=NSUN2"
"SLC7A5","Solute Carrier Family 7 Member 5","Protein Coding","Q01650","57","GC16M087830","20.3533973693848","https://www.genecards.org/cgi-bin/carddisp.pl?gene=SLC7A5"
"MCM7","Minichromosome Maintenance Complex Component 7","Protein Coding","P33993","58","GC07M100092","20.346134185791","https://www.genecards.org/cgi-bin/carddisp.pl?gene=MCM7"
"EIF2S1","Eukaryotic Translation Initiation Factor 2 Subunit Alpha","Protein Coding","P05198","58","GC14P067374","20.3419990539551","https://www.genecards.org/cgi-bin/carddisp.pl?gene=EIF2S1"
"NR3C2","Nuclear Receptor Subfamily 3 Group C Member 2","Protein Coding","P08235","58","GC04M148078","20.3409328460693","https://www.genecards.org/cgi-bin/carddisp.pl?gene=NR3C2"
"ZFR","Zinc Finger RNA Binding Protein","Protein Coding","Q96KR1","49","GC05M032390","20.334774017334","https://www.genecards.org/cgi-bin/carddisp.pl?gene=ZFR"
"ROCK2","Rho Associated Coiled-Coil Containing Protein Kinase 2","Protein Coding","O75116","58","GC02M011677","20.3194389343262","https://www.genecards.org/cgi-bin/carddisp.pl?gene=ROCK2"
"MIR376B","MicroRNA 376b","RNA Gene","","22","GC14P123646","20.3006992340088","https://www.genecards.org/cgi-bin/carddisp.pl?gene=MIR376B"
"HNRNPA1","Heterogeneous Nuclear Ribonucleoprotein A1","Protein Coding","P09651","60","GC12P054280","20.2713451385498","https://www.genecards.org/cgi-bin/carddisp.pl?gene=HNRNPA1"
"POU3F3","POU Class 3 Homeobox 3","Protein Coding","P20264","52","GC02P104879","20.2310199737549","https://www.genecards.org/cgi-bin/carddisp.pl?gene=POU3F3"
"SRSF2","Serine And Arginine Rich Splicing Factor 2","Protein Coding","Q01130","54","GC17M076734","20.2208576202393","https://www.genecards.org/cgi-bin/carddisp.pl?gene=SRSF2"
"CSNK2B","Casein Kinase 2 Beta","Protein Coding","P67870","60","GC06P199531","20.2029056549072","https://www.genecards.org/cgi-bin/carddisp.pl?gene=CSNK2B"
"MMP10","Matrix Metallopeptidase 10","Protein Coding","P09238","56","GC11M102770","20.1924095153809","https://www.genecards.org/cgi-bin/carddisp.pl?gene=MMP10"
"ACP1","Acid Phosphatase 1","Protein Coding","P24666","55","GC02P001440","20.1845169067383","https://www.genecards.org/cgi-bin/carddisp.pl?gene=ACP1"
"PRKCQ","Protein Kinase C Theta","Protein Coding","Q04759","61","GC10M007364","20.1758499145508","https://www.genecards.org/cgi-bin/carddisp.pl?gene=PRKCQ"
"TBL1XR1","TBL1X/Y Related 1","Protein Coding","Q9BZK7","57","GC03M177019","20.1737117767334","https://www.genecards.org/cgi-bin/carddisp.pl?gene=TBL1XR1"
"ARHGEF2","Rho/Rac Guanine Nucleotide Exchange Factor 2","Protein Coding","Q92974","59","GC01M155946","20.1677646636963","https://www.genecards.org/cgi-bin/carddisp.pl?gene=ARHGEF2"
"PXDN","Peroxidasin","Protein Coding","Q92626","56","GC02M001635","20.1581802368164","https://www.genecards.org/cgi-bin/carddisp.pl?gene=PXDN"
"CCN5","Cellular Communication Network Factor 5","Protein Coding","O76076","47","GC20P059905","20.1557712554932","https://www.genecards.org/cgi-bin/carddisp.pl?gene=CCN5"
"SMURF2","SMAD Specific E3 Ubiquitin Protein Ligase 2","Protein Coding","Q9HAU4","54","GC17M064542","20.1535167694092","https://www.genecards.org/cgi-bin/carddisp.pl?gene=SMURF2"
"YTHDF1","YTH N6-Methyladenosine RNA Binding Protein F1","Protein Coding","Q9BYJ9","48","GC20M063195","20.1389026641846","https://www.genecards.org/cgi-bin/carddisp.pl?gene=YTHDF1"
"ENPP2","Ectonucleotide Pyrophosphatase/Phosphodiesterase 2","Protein Coding","Q13822","58","GC08M119556","20.1276531219482","https://www.genecards.org/cgi-bin/carddisp.pl?gene=ENPP2"
"CSF3R","Colony Stimulating Factor 3 Receptor","Protein Coding","Q99062","59","GC01M041685","20.1072959899902","https://www.genecards.org/cgi-bin/carddisp.pl?gene=CSF3R"
"S100A9","S100 Calcium Binding Protein A9","Protein Coding","P06702","56","GC01P153357","20.0874328613281","https://www.genecards.org/cgi-bin/carddisp.pl?gene=S100A9"
"MIR340","MicroRNA 340","RNA Gene","","29","GC05M180015","20.0861320495605","https://www.genecards.org/cgi-bin/carddisp.pl?gene=MIR340"
"SAFB","Scaffold Attachment Factor B","Protein Coding","Q15424","51","GC19P005623","20.0830993652344","https://www.genecards.org/cgi-bin/carddisp.pl?gene=SAFB"
"KLK2","Kallikrein Related Peptidase 2","Protein Coding","P20151","58","GC19P050861","20.079532623291","https://www.genecards.org/cgi-bin/carddisp.pl?gene=KLK2"
"CIB1","Calcium And Integrin Binding 1","Protein Coding","Q99828","54","GC15M090229","20.06760597229","https://www.genecards.org/cgi-bin/carddisp.pl?gene=CIB1"
"PHLPP1","PH Domain And Leucine Rich Repeat Protein Phosphatase 1","Protein Coding","O60346","52","GC18P062715","20.0580940246582","https://www.genecards.org/cgi-bin/carddisp.pl?gene=PHLPP1"
"HNRNPU","Heterogeneous Nuclear Ribonucleoprotein U","Protein Coding","Q00839","55","GC01M245108","20.0512561798096","https://www.genecards.org/cgi-bin/carddisp.pl?gene=HNRNPU"
"NAMPT","Nicotinamide Phosphoribosyltransferase","Protein Coding","P43490","60","GC07M106248","20.0220108032227","https://www.genecards.org/cgi-bin/carddisp.pl?gene=NAMPT"
"LPAR1","Lysophosphatidic Acid Receptor 1","Protein Coding","Q92633","60","GC09M133931","20.0019454956055","https://www.genecards.org/cgi-bin/carddisp.pl?gene=LPAR1"
"GHRH","Growth Hormone Releasing Hormone","Protein Coding","P01286","50","GC20M037251","19.999885559082","https://www.genecards.org/cgi-bin/carddisp.pl?gene=GHRH"
"MAPK12","Mitogen-Activated Protein Kinase 12","Protein Coding","P53778","60","GC22M090885","19.9554691314697","https://www.genecards.org/cgi-bin/carddisp.pl?gene=MAPK12"
"USP48","Ubiquitin Specific Peptidase 48","Protein Coding","Q86UV5","51","GC01M021678","19.9489707946777","https://www.genecards.org/cgi-bin/carddisp.pl?gene=USP48"
"MIR219A1","MicroRNA 219a-1","RNA Gene","","30","GC06P033207","19.9437236785889","https://www.genecards.org/cgi-bin/carddisp.pl?gene=MIR219A1"
"TUBA1B","Tubulin Alpha 1b","Protein Coding","P68363","57","GC12M049127","19.9282665252686","https://www.genecards.org/cgi-bin/carddisp.pl?gene=TUBA1B"
"LPAR3","Lysophosphatidic Acid Receptor 3","Protein Coding","Q9UBY5","57","GC01M084811","19.8929901123047","https://www.genecards.org/cgi-bin/carddisp.pl?gene=LPAR3"
"MIR382","MicroRNA 382","RNA Gene","","25","GC14P123653","19.8860454559326","https://www.genecards.org/cgi-bin/carddisp.pl?gene=MIR382"
"MTAP","Methylthioadenosine Phosphorylase","Protein Coding","Q13126","61","GC09P022209","19.8617610931396","https://www.genecards.org/cgi-bin/carddisp.pl?gene=MTAP"
"KDM6B","Lysine Demethylase 6B","Protein Coding","O15054","57","GC17P007834","19.8462142944336","https://www.genecards.org/cgi-bin/carddisp.pl?gene=KDM6B"
"SF3B3","Splicing Factor 3b Subunit 3","Protein Coding","Q15393","52","GC16P070523","19.8323879241943","https://www.genecards.org/cgi-bin/carddisp.pl?gene=SF3B3"
"KLK8","Kallikrein Related Peptidase 8","Protein Coding","O60259","54","GC19M050996","19.8199481964111","https://www.genecards.org/cgi-bin/carddisp.pl?gene=KLK8"
"ADAM10","ADAM Metallopeptidase Domain 10","Protein Coding","O14672","66","GC15M058588","19.773193359375","https://www.genecards.org/cgi-bin/carddisp.pl?gene=ADAM10"
"FURIN","Furin, Paired Basic Amino Acid Cleaving Enzyme","Protein Coding","P09958","61","GC15P090868","19.7686996459961","https://www.genecards.org/cgi-bin/carddisp.pl?gene=FURIN"
"LINC01139","Long Intergenic Non-Protein Coding RNA 1139","RNA Gene","","23","GC01M238480","19.7659168243408","https://www.genecards.org/cgi-bin/carddisp.pl?gene=LINC01139"
"TPR","Translocated Promoter Region, Nuclear Basket Protein","Protein Coding","P12270","54","GC01M187449","19.7524013519287","https://www.genecards.org/cgi-bin/carddisp.pl?gene=TPR"
"FOLR1","Folate Receptor Alpha","Protein Coding","P15328","61","GC11P130535","19.7470970153809","https://www.genecards.org/cgi-bin/carddisp.pl?gene=FOLR1"
"EIF3H","Eukaryotic Translation Initiation Factor 3 Subunit H","Protein Coding","O15372","51","GC08M116642","19.7420616149902","https://www.genecards.org/cgi-bin/carddisp.pl?gene=EIF3H"
"RAB25","RAB25, Member RAS Oncogene Family","Protein Coding","P57735","48","GC01P156061","19.7367343902588","https://www.genecards.org/cgi-bin/carddisp.pl?gene=RAB25"
"TRIP13","Thyroid Hormone Receptor Interactor 13","Protein Coding","Q15645","52","GC05P000892","19.7083835601807","https://www.genecards.org/cgi-bin/carddisp.pl?gene=TRIP13"
"EDN1","Endothelin 1","Protein Coding","P05305","61","GC06P020988","19.6921157836914","https://www.genecards.org/cgi-bin/carddisp.pl?gene=EDN1"
"MBD2","Methyl-CpG Binding Domain Protein 2","Protein Coding","Q9UBB5","52","GC18M054151","19.6870079040527","https://www.genecards.org/cgi-bin/carddisp.pl?gene=MBD2"
"PGM5-AS1","PGM5 Antisense RNA 1","RNA Gene","","25","GC09M072547","19.6580982208252","https://www.genecards.org/cgi-bin/carddisp.pl?gene=PGM5-AS1"
"EIF4G1","Eukaryotic Translation Initiation Factor 4 Gamma 1","Protein Coding","Q04637","59","GC03P184314","19.6579246520996","https://www.genecards.org/cgi-bin/carddisp.pl?gene=EIF4G1"
"LAMP1","Lysosomal Associated Membrane Protein 1","Protein Coding","P11279","57","GC13P113297","19.6565113067627","https://www.genecards.org/cgi-bin/carddisp.pl?gene=LAMP1"
"CUL2","Cullin 2","Protein Coding","Q13617","57","GC10M038009","19.6502475738525","https://www.genecards.org/cgi-bin/carddisp.pl?gene=CUL2"
"DDX17","DEAD-Box Helicase 17","Protein Coding","Q92841","52","GC22M038483","19.646240234375","https://www.genecards.org/cgi-bin/carddisp.pl?gene=DDX17"
"MIR489","MicroRNA 489","RNA Gene","","26","GC07M093483","19.6135692596436","https://www.genecards.org/cgi-bin/carddisp.pl?gene=MIR489"
"H3-3A","H3.3 Histone A","Protein Coding","P84243","56","GC01P226062","19.5801753997803","https://www.genecards.org/cgi-bin/carddisp.pl?gene=H3-3A"
"MIR133A1","MicroRNA 133a-1","RNA Gene","","26","GC18M040125","19.5520362854004","https://www.genecards.org/cgi-bin/carddisp.pl?gene=MIR133A1"
"EML4","EMAP Like 4","Protein Coding","Q9HC35","52","GC02P042169","19.542444229126","https://www.genecards.org/cgi-bin/carddisp.pl?gene=EML4"
"CSTA","Cystatin A","Protein Coding","P01040","56","GC03P122325","19.5238933563232","https://www.genecards.org/cgi-bin/carddisp.pl?gene=CSTA"
"SIRT6","Sirtuin 6","Protein Coding","Q8N6T7","57","GC19M004174","19.522777557373","https://www.genecards.org/cgi-bin/carddisp.pl?gene=SIRT6"
"SUMO1P3","SUMO1 Pseudogene 3","Pseudogene","","18","GC01P160317","19.4820232391357","https://www.genecards.org/cgi-bin/carddisp.pl?gene=SUMO1P3"
"ATG13","Autophagy Related 13","Protein Coding","O75143","52","GC11P049885","19.4732341766357","https://www.genecards.org/cgi-bin/carddisp.pl?gene=ATG13"
"WNT7A","Wnt Family Member 7A","Protein Coding","O00755","60","GC03M029831","19.452880859375","https://www.genecards.org/cgi-bin/carddisp.pl?gene=WNT7A"
"CXCR1","C-X-C Motif Chemokine Receptor 1","Protein Coding","P25024","56","GC02M218162","19.4358348846436","https://www.genecards.org/cgi-bin/carddisp.pl?gene=CXCR1"
"UBC","Ubiquitin C","Protein Coding","P0CG48","56","GC12M124911","19.433012008667","https://www.genecards.org/cgi-bin/carddisp.pl?gene=UBC"
"FPR1","Formyl Peptide Receptor 1","Protein Coding","P21462","59","GC19M051745","19.4116134643555","https://www.genecards.org/cgi-bin/carddisp.pl?gene=FPR1"
"CST6","Cystatin E/M","Protein Coding","Q15828","52","GC11P129946","19.3942337036133","https://www.genecards.org/cgi-bin/carddisp.pl?gene=CST6"
"PTPA","Protein Phosphatase 2 Phosphatase Activator","Protein Coding","Q15257","58","GC09P160935","19.3726615905762","https://www.genecards.org/cgi-bin/carddisp.pl?gene=PTPA"
"ATF4","Activating Transcription Factor 4","Protein Coding","P18848","60","GC22P039519","19.3614444732666","https://www.genecards.org/cgi-bin/carddisp.pl?gene=ATF4"
"PFN1","Profilin 1","Protein Coding","P07737","58","GC17M004945","19.3472633361816","https://www.genecards.org/cgi-bin/carddisp.pl?gene=PFN1"
"HSPA9","Heat Shock Protein Family A (Hsp70) Member 9","Protein Coding","P38646","61","GC05M138554","19.3376960754395","https://www.genecards.org/cgi-bin/carddisp.pl?gene=HSPA9"
"USP9X","Ubiquitin Specific Peptidase 9 X-Linked","Protein Coding","Q93008","60","GC0XP041085","19.3343181610107","https://www.genecards.org/cgi-bin/carddisp.pl?gene=USP9X"
"MALT1","MALT1 Paracaspase","Protein Coding","Q9UDY8","58","GC18P058671","19.332103729248","https://www.genecards.org/cgi-bin/carddisp.pl?gene=MALT1"
"ARRDC3","Arrestin Domain Containing 3","Protein Coding","Q96B67","45","GC05M091368","19.3316326141357","https://www.genecards.org/cgi-bin/carddisp.pl?gene=ARRDC3"
"IKBKG","Inhibitor Of Nuclear Factor Kappa B Kinase Regulatory Subunit Gamma","Protein Coding","Q9Y6K9","60","GC0XP154541","19.3177318572998","https://www.genecards.org/cgi-bin/carddisp.pl?gene=IKBKG"
"YES1","YES Proto-Oncogene 1, Src Family Tyrosine Kinase","Protein Coding","P07947","60","GC18M000721","19.2991104125977","https://www.genecards.org/cgi-bin/carddisp.pl?gene=YES1"
"MIR487B","MicroRNA 487b","RNA Gene","","26","GC14P123660","19.2539081573486","https://www.genecards.org/cgi-bin/carddisp.pl?gene=MIR487B"
"PURPL","P53 Upregulated Regulator Of P53 Levels","RNA Gene","","21","GC05P027217","19.2369747161865","https://www.genecards.org/cgi-bin/carddisp.pl?gene=PURPL"
"MIR205HG","MIR205 Host Gene","RNA Gene","","27","GC01P210784","19.2347354888916","https://www.genecards.org/cgi-bin/carddisp.pl?gene=MIR205HG"
"EPHX1","Epoxide Hydrolase 1","Protein Coding","P07099","56","GC01P225810","19.2336578369141","https://www.genecards.org/cgi-bin/carddisp.pl?gene=EPHX1"
"NOVA1","NOVA Alternative Splicing Regulator 1","Protein Coding","P51513","51","GC14M026443","19.2336463928223","https://www.genecards.org/cgi-bin/carddisp.pl?gene=NOVA1"
"CHD4","Chromodomain Helicase DNA Binding Protein 4","Protein Coding","Q14839","58","GC12M006570","19.2264251708984","https://www.genecards.org/cgi-bin/carddisp.pl?gene=CHD4"
"DAB2IP","DAB2 Interacting Protein","Protein Coding","Q5VWQ8","51","GC09P160498","19.2196998596191","https://www.genecards.org/cgi-bin/carddisp.pl?gene=DAB2IP"
"PTP4A3","Protein Tyrosine Phosphatase 4A3","Protein Coding","O75365","54","GC08P141391","19.204065322876","https://www.genecards.org/cgi-bin/carddisp.pl?gene=PTP4A3"
"LINC00630","Long Intergenic Non-Protein Coding RNA 630","RNA Gene","","23","GC0XP102662","19.1828460693359","https://www.genecards.org/cgi-bin/carddisp.pl?gene=LINC00630"
"CCR2","C-C Motif Chemokine Receptor 2","Protein Coding","P41597","58","GC03P069069","19.1641502380371","https://www.genecards.org/cgi-bin/carddisp.pl?gene=CCR2"
"NECTIN4","Nectin Cell Adhesion Molecule 4","Protein Coding","Q96NY8","57","GC01M169999","19.1582489013672","https://www.genecards.org/cgi-bin/carddisp.pl?gene=NECTIN4"
"CGAS","Cyclic GMP-AMP Synthase","Protein Coding","Q8N884","48","GC06M115482","19.0737724304199","https://www.genecards.org/cgi-bin/carddisp.pl?gene=CGAS"
"TYK2","Tyrosine Kinase 2","Protein Coding","P29597","66","GC19M010350","19.0651817321777","https://www.genecards.org/cgi-bin/carddisp.pl?gene=TYK2"
"CDK8","Cyclin Dependent Kinase 8","Protein Coding","P49336","60","GC13P029584","19.061185836792","https://www.genecards.org/cgi-bin/carddisp.pl?gene=CDK8"
"TOP2B","DNA Topoisomerase II Beta","Protein Coding","Q02880","57","GC03M030016","19.0456256866455","https://www.genecards.org/cgi-bin/carddisp.pl?gene=TOP2B"
"SLC39A6","Solute Carrier Family 39 Member 6","Protein Coding","Q13433","53","GC18M036108","19.0424995422363","https://www.genecards.org/cgi-bin/carddisp.pl?gene=SLC39A6"
"ADRM1","ADRM1 26S Proteasome Ubiquitin Receptor","Protein Coding","Q16186","54","GC20P062302","19.0386695861816","https://www.genecards.org/cgi-bin/carddisp.pl?gene=ADRM1"
"MECP2","Methyl-CpG Binding Protein 2","Protein Coding","P51608","59","GC0XM154021","19.0316429138184","https://www.genecards.org/cgi-bin/carddisp.pl?gene=MECP2"
"PRKCE","Protein Kinase C Epsilon","Protein Coding","Q02156","61","GC02P045651","19.0031147003174","https://www.genecards.org/cgi-bin/carddisp.pl?gene=PRKCE"
"HK1","Hexokinase 1","Protein Coding","P19367","63","GC10P069269","19.0000495910645","https://www.genecards.org/cgi-bin/carddisp.pl?gene=HK1"
"CENPF","Centromere Protein F","Protein Coding","P49454","54","GC01P214603","18.9978580474854","https://www.genecards.org/cgi-bin/carddisp.pl?gene=CENPF"
"RPS6","Ribosomal Protein S6","Protein Coding","P62753","57","GC09M019375","18.9903659820557","https://www.genecards.org/cgi-bin/carddisp.pl?gene=RPS6"
"SLC4A7","Solute Carrier Family 4 Member 7","Protein Coding","Q9Y6M7","54","GC03M027372","18.9894638061523","https://www.genecards.org/cgi-bin/carddisp.pl?gene=SLC4A7"
"MCM3","Minichromosome Maintenance Complex Component 3","Protein Coding","P25205","58","GC06M052264","18.9882431030273","https://www.genecards.org/cgi-bin/carddisp.pl?gene=MCM3"
"PTPN13","Protein Tyrosine Phosphatase Non-Receptor Type 13","Protein Coding","Q12923","56","GC04P086594","18.9783515930176","https://www.genecards.org/cgi-bin/carddisp.pl?gene=PTPN13"
"PSMD6","Proteasome 26S Subunit, Non-ATPase 6","Protein Coding","Q15008","52","GC03M063973","18.9668960571289","https://www.genecards.org/cgi-bin/carddisp.pl?gene=PSMD6"
"MAPT","Microtubule Associated Protein Tau","Protein Coding","P10636","62","GC17P045894","18.9612503051758","https://www.genecards.org/cgi-bin/carddisp.pl?gene=MAPT"
"CDK9","Cyclin Dependent Kinase 9","Protein Coding","P50750","59","GC09P160874","18.9043617248535","https://www.genecards.org/cgi-bin/carddisp.pl?gene=CDK9"
"RSPO2","R-Spondin 2","Protein Coding","Q6UXX9","54","GC08M107899","18.8975677490234","https://www.genecards.org/cgi-bin/carddisp.pl?gene=RSPO2"
"SAFB2","Scaffold Attachment Factor B2","Protein Coding","Q14151","47","GC19M115462","18.8897342681885","https://www.genecards.org/cgi-bin/carddisp.pl?gene=SAFB2"
"HSPA1A","Heat Shock Protein Family A (Hsp70) Member 1A","Protein Coding","P0DMV8","60","GC06P199545","18.8824272155762","https://www.genecards.org/cgi-bin/carddisp.pl?gene=HSPA1A"
"CD163","CD163 Molecule","Protein Coding","Q86VB7","58","GC12M038857","18.8816299438477","https://www.genecards.org/cgi-bin/carddisp.pl?gene=CD163"
"ITGAM","Integrin Subunit Alpha M","Protein Coding","P11215","61","GC16P136859","18.8801383972168","https://www.genecards.org/cgi-bin/carddisp.pl?gene=ITGAM"
"SETBP1","SET Binding Protein 1","Protein Coding","Q9Y6X0","52","GC18P044680","18.8562126159668","https://www.genecards.org/cgi-bin/carddisp.pl?gene=SETBP1"
"MIR19B1","MicroRNA 19b-1","RNA Gene","","26","GC13P091775","18.8421688079834","https://www.genecards.org/cgi-bin/carddisp.pl?gene=MIR19B1"
"ATG7","Autophagy Related 7","Protein Coding","O95352","57","GC03P030214","18.8300457000732","https://www.genecards.org/cgi-bin/carddisp.pl?gene=ATG7"
"SOX11","SRY-Box Transcription Factor 11","Protein Coding","P35716","52","GC02P005707","18.8294696807861","https://www.genecards.org/cgi-bin/carddisp.pl?gene=SOX11"
"WASF3","WASP Family Member 3","Protein Coding","Q9UPY6","50","GC13P029606","18.8136157989502","https://www.genecards.org/cgi-bin/carddisp.pl?gene=WASF3"
"TERF2","Telomeric Repeat Binding Factor 2","Protein Coding","Q15554","55","GC16M069355","18.8049259185791","https://www.genecards.org/cgi-bin/carddisp.pl?gene=TERF2"
"CHD8","Chromodomain Helicase DNA Binding Protein 8","Protein Coding","Q9HCK8","55","GC14M021385","18.8032207489014","https://www.genecards.org/cgi-bin/carddisp.pl?gene=CHD8"
"RPTOR","Regulatory Associated Protein Of MTOR Complex 1","Protein Coding","Q8N122","57","GC17P080544","18.7937393188477","https://www.genecards.org/cgi-bin/carddisp.pl?gene=RPTOR"
"TET1","Tet Methylcytosine Dioxygenase 1","Protein Coding","Q8NFU7","52","GC10P068560","18.790355682373","https://www.genecards.org/cgi-bin/carddisp.pl?gene=TET1"
"CD151","CD151 Molecule (Raph Blood Group)","Protein Coding","P48509","54","GC11P024749","18.7777214050293","https://www.genecards.org/cgi-bin/carddisp.pl?gene=CD151"
"MIR708","MicroRNA 708","RNA Gene","","28","GC11M079402","18.7607860565186","https://www.genecards.org/cgi-bin/carddisp.pl?gene=MIR708"
"IL1R1","Interleukin 1 Receptor Type 1","Protein Coding","P14778","60","GC02P102884","18.7585277557373","https://www.genecards.org/cgi-bin/carddisp.pl?gene=IL1R1"
"ELF5","E74 Like ETS Transcription Factor 5","Protein Coding","Q9UKW6","47","GC11M034500","18.7523498535156","https://www.genecards.org/cgi-bin/carddisp.pl?gene=ELF5"
"LTF","Lactotransferrin","Protein Coding","P02788","58","GC03M046435","18.7274436950684","https://www.genecards.org/cgi-bin/carddisp.pl?gene=LTF"
"MAP1LC3B","Microtubule Associated Protein 1 Light Chain 3 Beta","Protein Coding","Q9GZQ8","54","GC16P138469","18.7113151550293","https://www.genecards.org/cgi-bin/carddisp.pl?gene=MAP1LC3B"
"MIR362","MicroRNA 362","RNA Gene","","24","GC0XP062583","18.7054481506348","https://www.genecards.org/cgi-bin/carddisp.pl?gene=MIR362"
"RPS27A","Ribosomal Protein S27a","Protein Coding","P62979","55","GC02P056451","18.7036800384521","https://www.genecards.org/cgi-bin/carddisp.pl?gene=RPS27A"
"CCL20","C-C Motif Chemokine Ligand 20","Protein Coding","P78556","54","GC02P227846","18.7029857635498","https://www.genecards.org/cgi-bin/carddisp.pl?gene=CCL20"
"MIR449A","MicroRNA 449a","RNA Gene","","29","GC05M055171","18.6892013549805","https://www.genecards.org/cgi-bin/carddisp.pl?gene=MIR449A"
"PALM2AKAP2","PALM2 And AKAP2 Fusion","Protein Coding","Q9Y2D5","42","GC09P160177","18.6816253662109","https://www.genecards.org/cgi-bin/carddisp.pl?gene=PALM2AKAP2"
"PMAIP1","Phorbol-12-Myristate-13-Acetate-Induced Protein 1","Protein Coding","Q13794","52","GC18P059899","18.6619167327881","https://www.genecards.org/cgi-bin/carddisp.pl?gene=PMAIP1"
"PARP2","Poly(ADP-Ribose) Polymerase 2","Protein Coding","Q9UGN5","58","GC14P020343","18.6589241027832","https://www.genecards.org/cgi-bin/carddisp.pl?gene=PARP2"
"PPP2CA","Protein Phosphatase 2 Catalytic Subunit Alpha","Protein Coding","P67775","62","GC05M134194","18.6321601867676","https://www.genecards.org/cgi-bin/carddisp.pl?gene=PPP2CA"
"S100P","S100 Calcium Binding Protein P","Protein Coding","P25815","52","GC04P034025","18.6126747131348","https://www.genecards.org/cgi-bin/carddisp.pl?gene=S100P"
"PAWR","Pro-Apoptotic WT1 Regulator","Protein Coding","Q96IZ0","54","GC12M079574","18.5908088684082","https://www.genecards.org/cgi-bin/carddisp.pl?gene=PAWR"
"CRK","CRK Proto-Oncogene, Adaptor Protein","Protein Coding","P46108","57","GC17M001420","18.5750007629395","https://www.genecards.org/cgi-bin/carddisp.pl?gene=CRK"
"GPR161","G Protein-Coupled Receptor 161","Protein Coding","Q8N6U8","50","GC01M170117","18.574779510498","https://www.genecards.org/cgi-bin/carddisp.pl?gene=GPR161"
"OTUD6B-AS1","OTUD6B Antisense RNA 1","RNA Gene","","22","GC08M091059","18.5665626525879","https://www.genecards.org/cgi-bin/carddisp.pl?gene=OTUD6B-AS1"
"SRSF1","Serine And Arginine Rich Splicing Factor 1","Protein Coding","Q07955","55","GC17M105217","18.557035446167","https://www.genecards.org/cgi-bin/carddisp.pl?gene=SRSF1"
"YY1AP1","YY1 Associated Protein 1","Protein Coding","Q9H869","50","GC01M155659","18.5517292022705","https://www.genecards.org/cgi-bin/carddisp.pl?gene=YY1AP1"
"SLIT2","Slit Guidance Ligand 2","Protein Coding","O94813","58","GC04P034391","18.5260810852051","https://www.genecards.org/cgi-bin/carddisp.pl?gene=SLIT2"
"GLO1","Glyoxalase I","Protein Coding","Q04760","57","GC06M115106","18.5099220275879","https://www.genecards.org/cgi-bin/carddisp.pl?gene=GLO1"
"ACKR3","Atypical Chemokine Receptor 3","Protein Coding","P25106","53","GC02P236537","18.5011177062988","https://www.genecards.org/cgi-bin/carddisp.pl?gene=ACKR3"
"TRIP12","Thyroid Hormone Receptor Interactor 12","Protein Coding","Q14669","53","GC02M229763","18.4731769561768","https://www.genecards.org/cgi-bin/carddisp.pl?gene=TRIP12"
"IFI16","Interferon Gamma Inducible Protein 16","Protein Coding","Q16666","55","GC01P158999","18.4611740112305","https://www.genecards.org/cgi-bin/carddisp.pl?gene=IFI16"
"YWHAZ","Tyrosine 3-Monooxygenase/Tryptophan 5-Monooxygenase Activation Protein Zeta","Protein Coding","P63104","61","GC08M101003","18.4603061676025","https://www.genecards.org/cgi-bin/carddisp.pl?gene=YWHAZ"
"S100A14","S100 Calcium Binding Protein A14","Protein Coding","Q9HCY8","47","GC01M153614","18.4518299102783","https://www.genecards.org/cgi-bin/carddisp.pl?gene=S100A14"
"ACVR1","Activin A Receptor Type 1","Protein Coding","Q04771","63","GC02M157736","18.4477958679199","https://www.genecards.org/cgi-bin/carddisp.pl?gene=ACVR1"
"LIN28A","Lin-28 RNA Binding Posttranscriptional Regulator A","Protein Coding","Q9H9Z2","54","GC01P026410","18.4287548065186","https://www.genecards.org/cgi-bin/carddisp.pl?gene=LIN28A"
"HNRNPA2B1","Heterogeneous Nuclear Ribonucleoprotein A2/B1","Protein Coding","P22626","58","GC07M026174","18.4243125915527","https://www.genecards.org/cgi-bin/carddisp.pl?gene=HNRNPA2B1"
"MIR7-1","MicroRNA 7-1","RNA Gene","","25","GC09M133229","18.4224662780762","https://www.genecards.org/cgi-bin/carddisp.pl?gene=MIR7-1"
"SLC16A4","Solute Carrier Family 16 Member 4","Protein Coding","O15374","49","GC01M110362","18.417839050293","https://www.genecards.org/cgi-bin/carddisp.pl?gene=SLC16A4"
"PSMB5","Proteasome 20S Subunit Beta 5","Protein Coding","P28074","56","GC14M023016","18.4138450622559","https://www.genecards.org/cgi-bin/carddisp.pl?gene=PSMB5"
"MIR365A","MicroRNA 365a","RNA Gene","","27","GC16P014309","18.4113082885742","https://www.genecards.org/cgi-bin/carddisp.pl?gene=MIR365A"
"INPP4B","Inositol Polyphosphate-4-Phosphatase Type II B","Protein Coding","O15327","52","GC04M142023","18.4016036987305","https://www.genecards.org/cgi-bin/carddisp.pl?gene=INPP4B"
"LYN","LYN Proto-Oncogene, Src Family Tyrosine Kinase","Protein Coding","P07948","63","GC08P055879","18.3949108123779","https://www.genecards.org/cgi-bin/carddisp.pl?gene=LYN"
"CAND1","Cullin Associated And Neddylation Dissociated 1","Protein Coding","Q86VP6","51","GC12P087333","18.3614234924316","https://www.genecards.org/cgi-bin/carddisp.pl?gene=CAND1"
"SIRT3","Sirtuin 3","Protein Coding","Q9NTG7","60","GC11M000215","18.3576431274414","https://www.genecards.org/cgi-bin/carddisp.pl?gene=SIRT3"
"MIR376C","MicroRNA 376c","RNA Gene","","26","GC14P123647","18.3458137512207","https://www.genecards.org/cgi-bin/carddisp.pl?gene=MIR376C"
"MIR582","MicroRNA 582","RNA Gene","","29","GC05M059703","18.3004264831543","https://www.genecards.org/cgi-bin/carddisp.pl?gene=MIR582"
"AKR1C1","Aldo-Keto Reductase Family 1 Member C1","Protein Coding","Q04828","57","GC10P004963","18.2989826202393","https://www.genecards.org/cgi-bin/carddisp.pl?gene=AKR1C1"
"CT45A1","Cancer/Testis Antigen Family 45 Member A1","Protein Coding","Q5HYN5","36","GC0XP135713","18.2673377990723","https://www.genecards.org/cgi-bin/carddisp.pl?gene=CT45A1"
"NLRP3","NLR Family Pyrin Domain Containing 3","Protein Coding","Q96P20","61","GC01P247741","18.250919342041","https://www.genecards.org/cgi-bin/carddisp.pl?gene=NLRP3"
"PSIP1","PC4 And SRSF1 Interacting Protein 1","Protein Coding","O75475","52","GC09M015464","18.2487659454346","https://www.genecards.org/cgi-bin/carddisp.pl?gene=PSIP1"
"TFEB","Transcription Factor EB","Protein Coding","P19484","55","GC06M115152","18.2479248046875","https://www.genecards.org/cgi-bin/carddisp.pl?gene=TFEB"
"FUBP1","Far Upstream Element Binding Protein 1","Protein Coding","Q96AE4","51","GC01M077944","18.2263374328613","https://www.genecards.org/cgi-bin/carddisp.pl?gene=FUBP1"
"ABCE1","ATP Binding Cassette Subfamily E Member 1","Protein Coding","P61221","51","GC04P145097","18.2142314910889","https://www.genecards.org/cgi-bin/carddisp.pl?gene=ABCE1"
"UPF1","UPF1 RNA Helicase And ATPase","Protein Coding","Q92900","54","GC19P018831","18.2053070068359","https://www.genecards.org/cgi-bin/carddisp.pl?gene=UPF1"
"BCDIN3D","BCDIN3 Domain Containing RNA Methyltransferase","Protein Coding","Q7Z5W3","45","GC12M053089","18.1992168426514","https://www.genecards.org/cgi-bin/carddisp.pl?gene=BCDIN3D"
"EIF4A1","Eukaryotic Translation Initiation Factor 4A1","Protein Coding","P60842","60","GC17P007572","18.1969356536865","https://www.genecards.org/cgi-bin/carddisp.pl?gene=EIF4A1"
"ISG15","ISG15 Ubiquitin Like Modifier","Protein Coding","P05161","58","GC01P001001","18.1438426971436","https://www.genecards.org/cgi-bin/carddisp.pl?gene=ISG15"
"ALDOA","Aldolase, Fructose-Bisphosphate A","Protein Coding","P04075","61","GC16P030064","18.1422061920166","https://www.genecards.org/cgi-bin/carddisp.pl?gene=ALDOA"
"TAB1","TGF-Beta Activated Kinase 1 (MAP3K7) Binding Protein 1","Protein Coding","Q15750","55","GC22P102661","18.1298484802246","https://www.genecards.org/cgi-bin/carddisp.pl?gene=TAB1"
"CRABP2","Cellular Retinoic Acid Binding Protein 2","Protein Coding","P29373","55","GC01M169843","18.1280956268311","https://www.genecards.org/cgi-bin/carddisp.pl?gene=CRABP2"
"EDNRB","Endothelin Receptor Type B","Protein Coding","P24530","63","GC13M077895","18.1219863891602","https://www.genecards.org/cgi-bin/carddisp.pl?gene=EDNRB"
"SETDB1","SET Domain Bifurcated Histone Lysine Methyltransferase 1","Protein Coding","Q15047","55","GC01P150926","18.0906143188477","https://www.genecards.org/cgi-bin/carddisp.pl?gene=SETDB1"
"ARG1","Arginase 1","Protein Coding","P05089","61","GC06P200733","18.0849914550781","https://www.genecards.org/cgi-bin/carddisp.pl?gene=ARG1"
"PRPF8","Pre-MRNA Processing Factor 8","Protein Coding","Q6P2Q9","52","GC17M001650","18.0724105834961","https://www.genecards.org/cgi-bin/carddisp.pl?gene=PRPF8"
"BIRC7","Baculoviral IAP Repeat Containing 7","Protein Coding","Q96CA5","52","GC20P063235","18.0657749176025","https://www.genecards.org/cgi-bin/carddisp.pl?gene=BIRC7"
"MIR1207","MicroRNA 1207","RNA Gene","","25","GC08P128049","18.0549373626709","https://www.genecards.org/cgi-bin/carddisp.pl?gene=MIR1207"
"MYO1B","Myosin IB","Protein Coding","O43795","51","GC02P191246","18.0507888793945","https://www.genecards.org/cgi-bin/carddisp.pl?gene=MYO1B"
"BCL3","BCL3 Transcription Coactivator","Protein Coding","P20749","55","GC19P044747","18.0504245758057","https://www.genecards.org/cgi-bin/carddisp.pl?gene=BCL3"
"NEDD4","NEDD4 E3 Ubiquitin Protein Ligase","Protein Coding","P46934","60","GC15M055826","18.0243053436279","https://www.genecards.org/cgi-bin/carddisp.pl?gene=NEDD4"
"GDF10","Growth Differentiation Factor 10","Protein Coding","P55107","51","GC10P047300","18.0096492767334","https://www.genecards.org/cgi-bin/carddisp.pl?gene=GDF10"
"VSIR","V-Set Immunoregulatory Receptor","Protein Coding","Q9H7M9","53","GC10M072730","18.003734588623","https://www.genecards.org/cgi-bin/carddisp.pl?gene=VSIR"
"PNN","Pinin, Desmosome Associated Protein","Protein Coding","Q9H307","46","GC14P039175","18.0003623962402","https://www.genecards.org/cgi-bin/carddisp.pl?gene=PNN"
"SEMA4A","Semaphorin 4A","Protein Coding","Q9H3S1","55","GC01P156147","18.000358581543","https://www.genecards.org/cgi-bin/carddisp.pl?gene=SEMA4A"
"MX1","MX Dynamin Like GTPase 1","Protein Coding","P20591","52","GC21P041420","17.9934787750244","https://www.genecards.org/cgi-bin/carddisp.pl?gene=MX1"
"TCF4","Transcription Factor 4","Protein Coding","P15884","59","GC18M055222","17.9916133880615","https://www.genecards.org/cgi-bin/carddisp.pl?gene=TCF4"
"WDFY3-AS2","WDFY3 Antisense RNA 2","RNA Gene","","27","GC04P084965","17.9789810180664","https://www.genecards.org/cgi-bin/carddisp.pl?gene=WDFY3-AS2"
"SGPP1","Sphingosine-1-Phosphate Phosphatase 1","Protein Coding","Q9BX95","45","GC14M063684","17.9345321655273","https://www.genecards.org/cgi-bin/carddisp.pl?gene=SGPP1"
"HUWE1","HECT, UBA And WWE Domain Containing E3 Ubiquitin Protein Ligase 1","Protein Coding","Q7Z6Z7","59","GC0XM053532","17.9338207244873","https://www.genecards.org/cgi-bin/carddisp.pl?gene=HUWE1"
"NNMT","Nicotinamide N-Methyltransferase","Protein Coding","P40261","57","GC11P114257","17.9210605621338","https://www.genecards.org/cgi-bin/carddisp.pl?gene=NNMT"
"NTPCR","Nucleoside-Triphosphatase, Cancer-Related","Protein Coding","Q9BSD7","45","GC01P232950","17.9054889678955","https://www.genecards.org/cgi-bin/carddisp.pl?gene=NTPCR"
"MAGEA4","MAGE Family Member A4","Protein Coding","P43358","50","GC0XP151912","17.9034652709961","https://www.genecards.org/cgi-bin/carddisp.pl?gene=MAGEA4"
"NOD2","Nucleotide Binding Oligomerization Domain Containing 2","Protein Coding","Q9HC29","60","GC16P050693","17.8852195739746","https://www.genecards.org/cgi-bin/carddisp.pl?gene=NOD2"
"GPI","Glucose-6-Phosphate Isomerase","Protein Coding","P06744","60","GC19P034359","17.8700046539307","https://www.genecards.org/cgi-bin/carddisp.pl?gene=GPI"
"LRRK2","Leucine Rich Repeat Kinase 2","Protein Coding","Q5S007","61","GC12P040196","17.8465690612793","https://www.genecards.org/cgi-bin/carddisp.pl?gene=LRRK2"
"TIGIT","T Cell Immunoreceptor With Ig And ITIM Domains","Protein Coding","Q495A1","52","GC03P114276","17.8443374633789","https://www.genecards.org/cgi-bin/carddisp.pl?gene=TIGIT"
"UMPS","Uridine Monophosphate Synthetase","Protein Coding","P11172","58","GC03P124730","17.7978820800781","https://www.genecards.org/cgi-bin/carddisp.pl?gene=UMPS"
"PTCSC3","Papillary Thyroid Carcinoma Susceptibility Candidate 3","RNA Gene","","24","GC14M036660","17.7952861785889","https://www.genecards.org/cgi-bin/carddisp.pl?gene=PTCSC3"
"TACC3","Transforming Acidic Coiled-Coil Containing Protein 3","Protein Coding","Q9Y6A5","54","GC04P033757","17.7764301300049","https://www.genecards.org/cgi-bin/carddisp.pl?gene=TACC3"
"SBNO1","Strawberry Notch Homolog 1","Protein Coding","A3KN83","48","GC12M123289","17.7294692993164","https://www.genecards.org/cgi-bin/carddisp.pl?gene=SBNO1"
"SRD5A1","Steroid 5 Alpha-Reductase 1","Protein Coding","P18405","56","GC05P006633","17.7019309997559","https://www.genecards.org/cgi-bin/carddisp.pl?gene=SRD5A1"
"TLR3","Toll Like Receptor 3","Protein Coding","O15455","63","GC04P186059","17.6766624450684","https://www.genecards.org/cgi-bin/carddisp.pl?gene=TLR3"
"KDM3B","Lysine Demethylase 3B","Protein Coding","Q7LBC6","57","GC05P138352","17.6594734191895","https://www.genecards.org/cgi-bin/carddisp.pl?gene=KDM3B"
"SASH1","SAM And SH3 Domain Containing 1","Protein Coding","O94885","49","GC06P148193","17.6389636993408","https://www.genecards.org/cgi-bin/carddisp.pl?gene=SASH1"
"FLNB","Filamin B","Protein Coding","O75369","60","GC03P058008","17.6351509094238","https://www.genecards.org/cgi-bin/carddisp.pl?gene=FLNB"
"MIR199A2","MicroRNA 199a-2","RNA Gene","","29","GC01M172235","17.6291332244873","https://www.genecards.org/cgi-bin/carddisp.pl?gene=MIR199A2"
"KDM5A","Lysine Demethylase 5A","Protein Coding","P29375","55","GC12M000280","17.6199817657471","https://www.genecards.org/cgi-bin/carddisp.pl?gene=KDM5A"
"TRC-GCA24-1","TRNA-Cys (GCA) 24-1","RNA Gene","","14","GC17M104620","17.6159324645996","https://www.genecards.org/cgi-bin/carddisp.pl?gene=TRC-GCA24-1"
"TRIM33","Tripartite Motif Containing 33","Protein Coding","Q9UPN9","55","GC01M114392","17.5938854217529","https://www.genecards.org/cgi-bin/carddisp.pl?gene=TRIM33"
"USP15","Ubiquitin Specific Peptidase 15","Protein Coding","Q9Y4E8","58","GC12P062260","17.5824737548828","https://www.genecards.org/cgi-bin/carddisp.pl?gene=USP15"
"PFKFB3","6-Phosphofructo-2-Kinase/Fructose-2,6-Biphosphatase 3","Protein Coding","Q16875","55","GC10P006144","17.5599231719971","https://www.genecards.org/cgi-bin/carddisp.pl?gene=PFKFB3"
"SLC9A1","Solute Carrier Family 9 Member A1","Protein Coding","P19634","63","GC01M041363","17.5532665252686","https://www.genecards.org/cgi-bin/carddisp.pl?gene=SLC9A1"
"DLG5","Discs Large MAGUK Scaffold Protein 5","Protein Coding","Q8TDM6","52","GC10M077790","17.5247097015381","https://www.genecards.org/cgi-bin/carddisp.pl?gene=DLG5"
"IQGAP1","IQ Motif Containing GTPase Activating Protein 1","Protein Coding","P46940","55","GC15P090388","17.5066413879395","https://www.genecards.org/cgi-bin/carddisp.pl?gene=IQGAP1"
"ICOS","Inducible T Cell Costimulator","Protein Coding","Q9Y6W8","57","GC02P205375","17.4945945739746","https://www.genecards.org/cgi-bin/carddisp.pl?gene=ICOS"
"YWHAQ","Tyrosine 3-Monooxygenase/Tryptophan 5-Monooxygenase Activation Protein Theta","Protein Coding","P27348","60","GC02M009583","17.4859619140625","https://www.genecards.org/cgi-bin/carddisp.pl?gene=YWHAQ"
"MAGEC2","MAGE Family Member C2","Protein Coding","Q9UBF1","45","GC0XM142202","17.4626636505127","https://www.genecards.org/cgi-bin/carddisp.pl?gene=MAGEC2"
"UBA6-DT","UBA6 Divergent Transcript","RNA Gene","","25","GC04P067948","17.4503307342529","https://www.genecards.org/cgi-bin/carddisp.pl?gene=UBA6-DT"
"FABP5","Fatty Acid Binding Protein 5","Protein Coding","Q01469","55","GC08P081282","17.4309844970703","https://www.genecards.org/cgi-bin/carddisp.pl?gene=FABP5"
"PARK7","Parkinsonism Associated Deglycase","Protein Coding","Q99497","60","GC01P091705","17.4207725524902","https://www.genecards.org/cgi-bin/carddisp.pl?gene=PARK7"
"MIR490","MicroRNA 490","RNA Gene","","26","GC07P136903","17.4063091278076","https://www.genecards.org/cgi-bin/carddisp.pl?gene=MIR490"
"CDCP1","CUB Domain Containing Protein 1","Protein Coding","Q9H5V8","48","GC03M045082","17.3902244567871","https://www.genecards.org/cgi-bin/carddisp.pl?gene=CDCP1"
"SMC1A","Structural Maintenance Of Chromosomes 1A","Protein Coding","Q14683","60","GC0XM053374","17.3830127716064","https://www.genecards.org/cgi-bin/carddisp.pl?gene=SMC1A"
"SMC5","Structural Maintenance Of Chromosomes 5","Protein Coding","Q8IY18","52","GC09P070258","17.3814182281494","https://www.genecards.org/cgi-bin/carddisp.pl?gene=SMC5"
"EGLN1","Egl-9 Family Hypoxia Inducible Factor 1","Protein Coding","Q9GZT9","63","GC01M231363","17.3678245544434","https://www.genecards.org/cgi-bin/carddisp.pl?gene=EGLN1"
"UCHL1","Ubiquitin C-Terminal Hydrolase L1","Protein Coding","P09936","65","GC04P041256","17.3594760894775","https://www.genecards.org/cgi-bin/carddisp.pl?gene=UCHL1"
"CXCL5","C-X-C Motif Chemokine Ligand 5","Protein Coding","P42830","52","GC04M073995","17.3583602905273","https://www.genecards.org/cgi-bin/carddisp.pl?gene=CXCL5"
"TNFRSF6B","TNF Receptor Superfamily Member 6b","Protein Coding","O95407","54","GC20P063696","17.3358402252197","https://www.genecards.org/cgi-bin/carddisp.pl?gene=TNFRSF6B"
"MIR506","MicroRNA 506","RNA Gene","","24","GC0XM147230","17.3332138061523","https://www.genecards.org/cgi-bin/carddisp.pl?gene=MIR506"
"FKBP4","FKBP Prolyl Isomerase 4","Protein Coding","Q02790","57","GC12P085613","17.3214073181152","https://www.genecards.org/cgi-bin/carddisp.pl?gene=FKBP4"
"NRP2","Neuropilin 2","Protein Coding","O60462","58","GC02P205681","17.3055515289307","https://www.genecards.org/cgi-bin/carddisp.pl?gene=NRP2"
"SMC3","Structural Maintenance Of Chromosomes 3","Protein Coding","Q9UQE7","60","GC10P110567","17.3049774169922","https://www.genecards.org/cgi-bin/carddisp.pl?gene=SMC3"
"PGR-AS1","PGR Antisense RNA 1","RNA Gene","","19","GC11P131251","17.2914638519287","https://www.genecards.org/cgi-bin/carddisp.pl?gene=PGR-AS1"
"SNORD44","Small Nucleolar RNA, C/D Box 44","RNA Gene","","19","GC01M175252","17.2913360595703","https://www.genecards.org/cgi-bin/carddisp.pl?gene=SNORD44"
"G6PD","Glucose-6-Phosphate Dehydrogenase","Protein Coding","P11413","63","GC0XM154638","17.2752895355225","https://www.genecards.org/cgi-bin/carddisp.pl?gene=G6PD"
"GRM1","Glutamate Metabotropic Receptor 1","Protein Coding","Q13255","63","GC06P201135","17.2468547821045","https://www.genecards.org/cgi-bin/carddisp.pl?gene=GRM1"
"EIF3A","Eukaryotic Translation Initiation Factor 3 Subunit A","Protein Coding","Q14152","55","GC10M119034","17.2393169403076","https://www.genecards.org/cgi-bin/carddisp.pl?gene=EIF3A"
"MIR628","MicroRNA 628","RNA Gene","","25","GC15M055372","17.2380752563477","https://www.genecards.org/cgi-bin/carddisp.pl?gene=MIR628"
"CD68","CD68 Molecule","Protein Coding","P34810","52","GC17P007579","17.2127151489258","https://www.genecards.org/cgi-bin/carddisp.pl?gene=CD68"
"SALL4","Spalt Like Transcription Factor 4","Protein Coding","Q9UJQ4","55","GC20M051784","17.209264755249","https://www.genecards.org/cgi-bin/carddisp.pl?gene=SALL4"
"FKBP5","FKBP Prolyl Isomerase 5","Protein Coding","Q13451","61","GC06M115089","17.1768016815186","https://www.genecards.org/cgi-bin/carddisp.pl?gene=FKBP5"
"MIR346","MicroRNA 346","RNA Gene","","29","GC10M086264","17.1759071350098","https://www.genecards.org/cgi-bin/carddisp.pl?gene=MIR346"
"PDLIM2","PDZ And LIM Domain 2","Protein Coding","Q96JY6","47","GC08P022578","17.1600131988525","https://www.genecards.org/cgi-bin/carddisp.pl?gene=PDLIM2"
"POLR2E","RNA Polymerase II, I And III Subunit E","Protein Coding","P19388","54","GC19M115280","17.1108455657959","https://www.genecards.org/cgi-bin/carddisp.pl?gene=POLR2E"
"CDT1","Chromatin Licensing And DNA Replication Factor 1","Protein Coding","Q9H211","54","GC16P088803","17.1012344360352","https://www.genecards.org/cgi-bin/carddisp.pl?gene=CDT1"
"PPIG","Peptidylprolyl Isomerase G","Protein Coding","Q13427","53","GC02P169584","17.09889793396","https://www.genecards.org/cgi-bin/carddisp.pl?gene=PPIG"
"RNF8","Ring Finger Protein 8","Protein Coding","O76064","54","GC06P199667","17.0900459289551","https://www.genecards.org/cgi-bin/carddisp.pl?gene=RNF8"
"HOXB7","Homeobox B7","Protein Coding","P09629","51","GC17M048607","17.0845336914063","https://www.genecards.org/cgi-bin/carddisp.pl?gene=HOXB7"
"RBX1","Ring-Box 1","Protein Coding","P62877","55","GC22P040951","17.0751113891602","https://www.genecards.org/cgi-bin/carddisp.pl?gene=RBX1"
"MIR637","MicroRNA 637","RNA Gene","","23","GC19M003961","17.0693321228027","https://www.genecards.org/cgi-bin/carddisp.pl?gene=MIR637"
"DUSP4","Dual Specificity Phosphatase 4","Protein Coding","Q13115","52","GC08M029356","17.0686931610107","https://www.genecards.org/cgi-bin/carddisp.pl?gene=DUSP4"
"TRAF6","TNF Receptor Associated Factor 6","Protein Coding","Q9Y4K3","58","GC11M036467","17.0572242736816","https://www.genecards.org/cgi-bin/carddisp.pl?gene=TRAF6"
"MTA3","Metastasis Associated 1 Family Member 3","Protein Coding","Q9BTC8","53","GC02P042494","17.0455589294434","https://www.genecards.org/cgi-bin/carddisp.pl?gene=MTA3"
"KLK7","Kallikrein Related Peptidase 7","Protein Coding","P49862","54","GC19M116668","17.0393829345703","https://www.genecards.org/cgi-bin/carddisp.pl?gene=KLK7"
"MAD2L2","Mitotic Arrest Deficient 2 Like 2","Protein Coding","Q9UI95","55","GC01M040719","17.0251064300537","https://www.genecards.org/cgi-bin/carddisp.pl?gene=MAD2L2"
"MIR129-2","MicroRNA 129-2","RNA Gene","","28","GC11P044307","17.0175380706787","https://www.genecards.org/cgi-bin/carddisp.pl?gene=MIR129-2"
"RBFOX2","RNA Binding Fox-1 Homolog 2","Protein Coding","O43251","52","GC22M035738","16.9784717559814","https://www.genecards.org/cgi-bin/carddisp.pl?gene=RBFOX2"
"CCT4","Chaperonin Containing TCP1 Subunit 4","Protein Coding","P50991","52","GC02M061868","16.9781761169434","https://www.genecards.org/cgi-bin/carddisp.pl?gene=CCT4"
"ULK1","Unc-51 Like Autophagy Activating Kinase 1","Protein Coding","O75385","57","GC12P131894","16.9722347259521","https://www.genecards.org/cgi-bin/carddisp.pl?gene=ULK1"
"RPLP2","Ribosomal Protein Lateral Stalk Subunit P2","Protein Coding","P05387","52","GC11P000799","16.9720115661621","https://www.genecards.org/cgi-bin/carddisp.pl?gene=RPLP2"
"NONO","Non-POU Domain Containing Octamer Binding","Protein Coding","Q15233","57","GC0XP072481","16.9301910400391","https://www.genecards.org/cgi-bin/carddisp.pl?gene=NONO"
"KDM5C","Lysine Demethylase 5C","Protein Coding","P41229","58","GC0XM053176","16.9259910583496","https://www.genecards.org/cgi-bin/carddisp.pl?gene=KDM5C"
"SERPINA3","Serpin Family A Member 3","Protein Coding","P01011","57","GC14P094612","16.9177360534668","https://www.genecards.org/cgi-bin/carddisp.pl?gene=SERPINA3"
"TPM2","Tropomyosin 2","Protein Coding","P07951","58","GC09M037262","16.9159259796143","https://www.genecards.org/cgi-bin/carddisp.pl?gene=TPM2"
"U2AF2","U2 Small Nuclear RNA Auxiliary Factor 2","Protein Coding","P26368","52","GC19P055654","16.915096282959","https://www.genecards.org/cgi-bin/carddisp.pl?gene=U2AF2"
"WT1-AS","WT1 Antisense RNA","RNA Gene","Q06250","36","GC11P032434","16.9132671356201","https://www.genecards.org/cgi-bin/carddisp.pl?gene=WT1-AS"
"VIRMA","Vir Like M6A Methyltransferase Associated","Protein Coding","Q69YN4","46","GC08M094496","16.9081573486328","https://www.genecards.org/cgi-bin/carddisp.pl?gene=VIRMA"
"SRSF3","Serine And Arginine Rich Splicing Factor 3","Protein Coding","P84103","52","GC06P199653","16.9071578979492","https://www.genecards.org/cgi-bin/carddisp.pl?gene=SRSF3"
"TBK1","TANK Binding Kinase 1","Protein Coding","Q9UHD2","61","GC12P087253","16.8939838409424","https://www.genecards.org/cgi-bin/carddisp.pl?gene=TBK1"
"PDE7B","Phosphodiesterase 7B","Protein Coding","Q9NP56","51","GC06P200872","16.891429901123","https://www.genecards.org/cgi-bin/carddisp.pl?gene=PDE7B"
"CALM1","Calmodulin 1","Protein Coding","P0DP23","57","GC14P090396","16.8765048980713","https://www.genecards.org/cgi-bin/carddisp.pl?gene=CALM1"
"CCNG2","Cyclin G2","Protein Coding","Q16589","48","GC04P077259","16.873119354248","https://www.genecards.org/cgi-bin/carddisp.pl?gene=CCNG2"
"RPA1","Replication Protein A1","Protein Coding","P27694","60","GC17P001829","16.8559341430664","https://www.genecards.org/cgi-bin/carddisp.pl?gene=RPA1"
"TNK2","Tyrosine Kinase Non Receptor 2","Protein Coding","Q07912","60","GC03M195863","16.8150596618652","https://www.genecards.org/cgi-bin/carddisp.pl?gene=TNK2"
"RPL11","Ribosomal Protein L11","Protein Coding","P62913","60","GC01P023691","16.8088207244873","https://www.genecards.org/cgi-bin/carddisp.pl?gene=RPL11"
"FLI1","Fli-1 Proto-Oncogene, ETS Transcription Factor","Protein Coding","Q01543","59","GC11P132152","16.7971248626709","https://www.genecards.org/cgi-bin/carddisp.pl?gene=FLI1"
"WDFY3","WD Repeat And FYVE Domain Containing 3","Protein Coding","Q8IZQ1","51","GC04M084805","16.7964286804199","https://www.genecards.org/cgi-bin/carddisp.pl?gene=WDFY3"
"SEMA3B","Semaphorin 3B","Protein Coding","Q13214","51","GC03P069290","16.7925891876221","https://www.genecards.org/cgi-bin/carddisp.pl?gene=SEMA3B"
"PPIL4","Peptidylprolyl Isomerase Like 4","Protein Coding","Q8WUA2","47","GC06M149504","16.7902526855469","https://www.genecards.org/cgi-bin/carddisp.pl?gene=PPIL4"
"IRF3","Interferon Regulatory Factor 3","Protein Coding","Q14653","58","GC19M049659","16.7730388641357","https://www.genecards.org/cgi-bin/carddisp.pl?gene=IRF3"
"MTBP","MDM2 Binding Protein","Protein Coding","Q96DY7","47","GC08P120426","16.7687339782715","https://www.genecards.org/cgi-bin/carddisp.pl?gene=MTBP"
"WNT2","Wnt Family Member 2","Protein Coding","P09544","57","GC07M117381","16.7647876739502","https://www.genecards.org/cgi-bin/carddisp.pl?gene=WNT2"
"PPP1R14C","Protein Phosphatase 1 Regulatory Inhibitor Subunit 14C","Protein Coding","Q8TAE6","48","GC06P150143","16.7426509857178","https://www.genecards.org/cgi-bin/carddisp.pl?gene=PPP1R14C"
"CERNA2","Competing Endogenous LncRNA 2 For MicroRNA Let-7b","RNA Gene","","19","GC10M084153","16.7365989685059","https://www.genecards.org/cgi-bin/carddisp.pl?gene=CERNA2"
"MMP17","Matrix Metallopeptidase 17","Protein Coding","Q9ULZ9","56","GC12P131828","16.6921043395996","https://www.genecards.org/cgi-bin/carddisp.pl?gene=MMP17"
"LINC00649","Long Intergenic Non-Protein Coding RNA 649","RNA Gene","","23","GC21P033915","16.6818332672119","https://www.genecards.org/cgi-bin/carddisp.pl?gene=LINC00649"
"RAD23B","RAD23 Nucleotide Excision Repair Protein B","Protein Coding","P54727","58","GC09P107283","16.6563625335693","https://www.genecards.org/cgi-bin/carddisp.pl?gene=RAD23B"
"CUL4A","Cullin 4A","Protein Coding","Q13619","55","GC13P113208","16.6541957855225","https://www.genecards.org/cgi-bin/carddisp.pl?gene=CUL4A"
"FAT3","FAT Atypical Cadherin 3","Protein Coding","Q8TDW7","44","GC11P092224","16.6494255065918","https://www.genecards.org/cgi-bin/carddisp.pl?gene=FAT3"
"NFATC2","Nuclear Factor Of Activated T Cells 2","Protein Coding","Q13469","58","GC20M051386","16.6351432800293","https://www.genecards.org/cgi-bin/carddisp.pl?gene=NFATC2"
"DHX29","DExH-Box Helicase 29","Protein Coding","Q7Z478","52","GC05M055256","16.619140625","https://www.genecards.org/cgi-bin/carddisp.pl?gene=DHX29"
"TLR7","Toll Like Receptor 7","Protein Coding","Q9NYK1","60","GC0XP012867","16.609619140625","https://www.genecards.org/cgi-bin/carddisp.pl?gene=TLR7"
"CEBPD","CCAAT Enhancer Binding Protein Delta","Protein Coding","P49716","53","GC08M047768","16.575704574585","https://www.genecards.org/cgi-bin/carddisp.pl?gene=CEBPD"
"ATAD3A","ATPase Family AAA Domain Containing 3A","Protein Coding","Q9NVI7","51","GC01P091449","16.5664024353027","https://www.genecards.org/cgi-bin/carddisp.pl?gene=ATAD3A"
"RMST","Rhabdomyosarcoma 2 Associated Transcript","RNA Gene","","29","GC12P097110","16.5641555786133","https://www.genecards.org/cgi-bin/carddisp.pl?gene=RMST"
"MIR622","MicroRNA 622","RNA Gene","","20","GC13P090231","16.5245380401611","https://www.genecards.org/cgi-bin/carddisp.pl?gene=MIR622"
"SHOC2","SHOC2 Leucine Rich Repeat Scaffold Protein","Protein Coding","Q9UQ13","52","GC10P135075","16.5093536376953","https://www.genecards.org/cgi-bin/carddisp.pl?gene=SHOC2"
"BRD3","Bromodomain Containing 3","Protein Coding","Q15059","55","GC09M134030","16.4901294708252","https://www.genecards.org/cgi-bin/carddisp.pl?gene=BRD3"
"CALB2","Calbindin 2","Protein Coding","P22676","52","GC16P071358","16.4504051208496","https://www.genecards.org/cgi-bin/carddisp.pl?gene=CALB2"
"MIR181B2","MicroRNA 181b-2","RNA Gene","","28","GC09P124693","16.4376487731934","https://www.genecards.org/cgi-bin/carddisp.pl?gene=MIR181B2"
"MCAM","Melanoma Cell Adhesion Molecule","Protein Coding","P43121","54","GC11M147063","16.4175148010254","https://www.genecards.org/cgi-bin/carddisp.pl?gene=MCAM"
"PHF6","PHD Finger Protein 6","Protein Coding","Q8IWS0","51","GC0XP134373","16.4128856658936","https://www.genecards.org/cgi-bin/carddisp.pl?gene=PHF6"
"PKN1","Protein Kinase N1","Protein Coding","Q16512","61","GC19P014433","16.3746204376221","https://www.genecards.org/cgi-bin/carddisp.pl?gene=PKN1"
"RAD18","RAD18 E3 Ubiquitin Protein Ligase","Protein Coding","Q9NS91","54","GC03M008775","16.361026763916","https://www.genecards.org/cgi-bin/carddisp.pl?gene=RAD18"
"FOXCUT","FOXC1 Upstream Transcript","RNA Gene","","20","GC06P020491","16.3551387786865","https://www.genecards.org/cgi-bin/carddisp.pl?gene=FOXCUT"
"PRDX1","Peroxiredoxin 1","Protein Coding","Q06830","62","GC01M045988","16.355073928833","https://www.genecards.org/cgi-bin/carddisp.pl?gene=PRDX1"
"GPNMB","Glycoprotein Nmb","Protein Coding","Q14956","56","GC07P032239","16.342866897583","https://www.genecards.org/cgi-bin/carddisp.pl?gene=GPNMB"
"CDKN2AIP","CDKN2A Interacting Protein","Protein Coding","Q9NXV6","49","GC04P183444","16.3311157226563","https://www.genecards.org/cgi-bin/carddisp.pl?gene=CDKN2AIP"
"EEF1A1","Eukaryotic Translation Elongation Factor 1 Alpha 1","Protein Coding","P68104","57","GC06M115485","16.3307609558105","https://www.genecards.org/cgi-bin/carddisp.pl?gene=EEF1A1"
"ST8SIA1","ST8 Alpha-N-Acetyl-Neuraminide Alpha-2,8-Sialyltransferase 1","Protein Coding","Q92185","53","GC12M022063","16.3226470947266","https://www.genecards.org/cgi-bin/carddisp.pl?gene=ST8SIA1"
"RPS19","Ribosomal Protein S19","Protein Coding","P39019","58","GC19P171725","16.3154773712158","https://www.genecards.org/cgi-bin/carddisp.pl?gene=RPS19"
"FABP7","Fatty Acid Binding Protein 7","Protein Coding","O15540","56","GC06P200606","16.3031196594238","https://www.genecards.org/cgi-bin/carddisp.pl?gene=FABP7"
"MIR103A2","MicroRNA 103a-2","RNA Gene","","26","GC20P003917","16.2871170043945","https://www.genecards.org/cgi-bin/carddisp.pl?gene=MIR103A2"
"RBM15","RNA Binding Motif Protein 15","Protein Coding","Q96T37","48","GC01P110338","16.2836437225342","https://www.genecards.org/cgi-bin/carddisp.pl?gene=RBM15"
"CLDN6","Claudin 6","Protein Coding","P56747","52","GC16M003014","16.2376842498779","https://www.genecards.org/cgi-bin/carddisp.pl?gene=CLDN6"
"MIR379","MicroRNA 379","RNA Gene","","26","GC14P123649","16.2251205444336","https://www.genecards.org/cgi-bin/carddisp.pl?gene=MIR379"
"SREBF2","Sterol Regulatory Element Binding Transcription Factor 2","Protein Coding","Q12772","55","GC22P041833","16.2032566070557","https://www.genecards.org/cgi-bin/carddisp.pl?gene=SREBF2"
"IL17RD","Interleukin 17 Receptor D","Protein Coding","Q8NFM7","56","GC03M057089","16.1958713531494","https://www.genecards.org/cgi-bin/carddisp.pl?gene=IL17RD"
"ERN1","Endoplasmic Reticulum To Nucleus Signaling 1","Protein Coding","O75460","60","GC17M064039","16.1683483123779","https://www.genecards.org/cgi-bin/carddisp.pl?gene=ERN1"
"MIR302A","MicroRNA 302a","RNA Gene","","29","GC04M113241","16.1590270996094","https://www.genecards.org/cgi-bin/carddisp.pl?gene=MIR302A"
"RPS27","Ribosomal Protein S27","Protein Coding","P42677","55","GC01P183658","16.1445026397705","https://www.genecards.org/cgi-bin/carddisp.pl?gene=RPS27"
"EYA3","EYA Transcriptional Coactivator And Phosphatase 3","Protein Coding","Q99504","50","GC01M027970","16.1425914764404","https://www.genecards.org/cgi-bin/carddisp.pl?gene=EYA3"
"CXCR5","C-X-C Motif Chemokine Receptor 5","Protein Coding","P32302","54","GC11P131788","16.1253185272217","https://www.genecards.org/cgi-bin/carddisp.pl?gene=CXCR5"
"CUEDC2","CUE Domain Containing 2","Protein Coding","Q9H467","46","GC10M102424","16.1170635223389","https://www.genecards.org/cgi-bin/carddisp.pl?gene=CUEDC2"
"PMEPA1","Prostate Transmembrane Protein, Androgen Induced 1","Protein Coding","Q969W9","50","GC20M057648","16.1010074615479","https://www.genecards.org/cgi-bin/carddisp.pl?gene=PMEPA1"
"LIG3","DNA Ligase 3","Protein Coding","P49916","58","GC17P034980","16.0934600830078","https://www.genecards.org/cgi-bin/carddisp.pl?gene=LIG3"
"CSNK1A1","Casein Kinase 1 Alpha 1","Protein Coding","P48729","62","GC05M149492","16.0732517242432","https://www.genecards.org/cgi-bin/carddisp.pl?gene=CSNK1A1"
"MNX1","Motor Neuron And Pancreas Homeobox 1","Protein Coding","P50219","54","GC07M156994","16.0705108642578","https://www.genecards.org/cgi-bin/carddisp.pl?gene=MNX1"
"AMACR","Alpha-Methylacyl-CoA Racemase","Protein Coding","Q9UHK6","57","GC05M033986","16.0702610015869","https://www.genecards.org/cgi-bin/carddisp.pl?gene=AMACR"
"MIR154","MicroRNA 154","RNA Gene","","28","GC14P123634","16.0692367553711","https://www.genecards.org/cgi-bin/carddisp.pl?gene=MIR154"
"PLK4","Polo Like Kinase 4","Protein Coding","O00444","60","GC04P127880","16.0666923522949","https://www.genecards.org/cgi-bin/carddisp.pl?gene=PLK4"
"CXCL13","C-X-C Motif Chemokine Ligand 13","Protein Coding","O43927","53","GC04P077511","16.0456008911133","https://www.genecards.org/cgi-bin/carddisp.pl?gene=CXCL13"
"KHDRBS1","KH RNA Binding Domain Containing, Signal Transduction Associated 1","Protein Coding","Q07666","54","GC01P032013","16.026029586792","https://www.genecards.org/cgi-bin/carddisp.pl?gene=KHDRBS1"
"EBF1","EBF Transcription Factor 1","Protein Coding","Q9UH73","53","GC05M158695","16.0090293884277","https://www.genecards.org/cgi-bin/carddisp.pl?gene=EBF1"
"PLK3","Polo Like Kinase 3","Protein Coding","Q9H4B4","57","GC01P095016","15.9950971603394","https://www.genecards.org/cgi-bin/carddisp.pl?gene=PLK3"
"TEAD1","TEA Domain Transcription Factor 1","Protein Coding","P28347","58","GC11P012674","15.9852075576782","https://www.genecards.org/cgi-bin/carddisp.pl?gene=TEAD1"
"VDAC1","Voltage Dependent Anion Channel 1","Protein Coding","P21796","59","GC05M133975","15.9825611114502","https://www.genecards.org/cgi-bin/carddisp.pl?gene=VDAC1"
"KMT2B","Lysine Methyltransferase 2B","Protein Coding","Q9UMN6","51","GC19P171528","15.981803894043","https://www.genecards.org/cgi-bin/carddisp.pl?gene=KMT2B"
"BUB3","BUB3 Mitotic Checkpoint Protein","Protein Coding","O43684","58","GC10P123154","15.9758033752441","https://www.genecards.org/cgi-bin/carddisp.pl?gene=BUB3"
"IL32","Interleukin 32","Protein Coding","P24001","50","GC16P135971","15.9726181030273","https://www.genecards.org/cgi-bin/carddisp.pl?gene=IL32"
"PRAME","PRAME Nuclear Receptor Transcriptional Regulator","Protein Coding","P78395","50","GC22M022547","15.9715337753296","https://www.genecards.org/cgi-bin/carddisp.pl?gene=PRAME"
"PRKAA2","Protein Kinase AMP-Activated Catalytic Subunit Alpha 2","Protein Coding","P54646","61","GC01P056645","15.9618844985962","https://www.genecards.org/cgi-bin/carddisp.pl?gene=PRKAA2"
"HDAC8","Histone Deacetylase 8","Protein Coding","Q9BY41","60","GC0XM072329","15.9503774642944","https://www.genecards.org/cgi-bin/carddisp.pl?gene=HDAC8"
"PSAT1","Phosphoserine Aminotransferase 1","Protein Coding","Q9Y617","58","GC09P078297","15.9275989532471","https://www.genecards.org/cgi-bin/carddisp.pl?gene=PSAT1"
"MIR744","MicroRNA 744","RNA Gene","","25","GC17P012081","15.9252519607544","https://www.genecards.org/cgi-bin/carddisp.pl?gene=MIR744"
"PSMA3","Proteasome 20S Subunit Alpha 3","Protein Coding","P25788","57","GC14P058244","15.9201574325562","https://www.genecards.org/cgi-bin/carddisp.pl?gene=PSMA3"
"CA12","Carbonic Anhydrase 12","Protein Coding","O43570","60","GC15M063321","15.9164943695068","https://www.genecards.org/cgi-bin/carddisp.pl?gene=CA12"
"PBXIP1","PBX Homeobox Interacting Protein 1","Protein Coding","Q96AQ6","45","GC01M154944","15.9090690612793","https://www.genecards.org/cgi-bin/carddisp.pl?gene=PBXIP1"
"MIR218-2","MicroRNA 218-2","RNA Gene","","25","GC05M168768","15.8851509094238","https://www.genecards.org/cgi-bin/carddisp.pl?gene=MIR218-2"
"PSMB8","Proteasome 20S Subunit Beta 8","Protein Coding","P28062","62","GC06M032840","15.8725166320801","https://www.genecards.org/cgi-bin/carddisp.pl?gene=PSMB8"
"SF3B2","Splicing Factor 3b Subunit 2","Protein Coding","Q13435","52","GC11P066050","15.8608922958374","https://www.genecards.org/cgi-bin/carddisp.pl?gene=SF3B2"
"MYBL1","MYB Proto-Oncogene Like 1","Protein Coding","P10243","51","GC08M066562","15.8491182327271","https://www.genecards.org/cgi-bin/carddisp.pl?gene=MYBL1"
"CDC37","Cell Division Cycle 37, HSP90 Cochaperone","Protein Coding","Q16543","55","GC19M010391","15.8384475708008","https://www.genecards.org/cgi-bin/carddisp.pl?gene=CDC37"
"HLTF","Helicase Like Transcription Factor","Protein Coding","Q14527","53","GC03M149030","15.8184814453125","https://www.genecards.org/cgi-bin/carddisp.pl?gene=HLTF"
"PA2G4","Proliferation-Associated 2G4","Protein Coding","Q9UQ80","53","GC12P087017","15.8078145980835","https://www.genecards.org/cgi-bin/carddisp.pl?gene=PA2G4"
"CCDC26","CCDC26 Long Non-Coding RNA","RNA Gene","","32","GC08M138503","15.7948637008667","https://www.genecards.org/cgi-bin/carddisp.pl?gene=CCDC26"
"CYP2C8","Cytochrome P450 Family 2 Subfamily C Member 8","Protein Coding","P10632","60","GC10M095038","15.7751445770264","https://www.genecards.org/cgi-bin/carddisp.pl?gene=CYP2C8"
"MT-CO2","Mitochondrially Encoded Cytochrome C Oxidase II","Protein Coding","P00403","51","GCMTP007587","15.7630300521851","https://www.genecards.org/cgi-bin/carddisp.pl?gene=MT-CO2"
"PDIA3","Protein Disulfide Isomerase Family A Member 3","Protein Coding","P30101","57","GC15P043746","15.7595643997192","https://www.genecards.org/cgi-bin/carddisp.pl?gene=PDIA3"
"BRD2","Bromodomain Containing 2","Protein Coding","P25440","57","GC06P199563","15.7515687942505","https://www.genecards.org/cgi-bin/carddisp.pl?gene=BRD2"
"UBE3A","Ubiquitin Protein Ligase E3A","Protein Coding","Q05086","60","GC15M025333","15.7476568222046","https://www.genecards.org/cgi-bin/carddisp.pl?gene=UBE3A"
"RAB27A","RAB27A, Member RAS Oncogene Family","Protein Coding","P51159","60","GC15M055202","15.7169361114502","https://www.genecards.org/cgi-bin/carddisp.pl?gene=RAB27A"
"ARRB1","Arrestin Beta 1","Protein Coding","P49407","57","GC11M146483","15.7044668197632","https://www.genecards.org/cgi-bin/carddisp.pl?gene=ARRB1"
"BAG3","BAG Cochaperone 3","Protein Coding","O95817","55","GC10P135309","15.6727743148804","https://www.genecards.org/cgi-bin/carddisp.pl?gene=BAG3"
"CTBP2","C-Terminal Binding Protein 2","Protein Coding","P56545","55","GC10M125149","15.6655797958374","https://www.genecards.org/cgi-bin/carddisp.pl?gene=CTBP2"
"CKAP4","Cytoskeleton Associated Protein 4","Protein Coding","Q07065","49","GC12M106237","15.6563205718994","https://www.genecards.org/cgi-bin/carddisp.pl?gene=CKAP4"
"KLK5","Kallikrein Related Peptidase 5","Protein Coding","Q9Y337","54","GC19M050943","15.6236820220947","https://www.genecards.org/cgi-bin/carddisp.pl?gene=KLK5"
"SNCA","Synuclein Alpha","Protein Coding","P37840","64","GC04M089724","15.6198806762695","https://www.genecards.org/cgi-bin/carddisp.pl?gene=SNCA"
"MSI2","Musashi RNA Binding Protein 2","Protein Coding","Q96DH6","50","GC17P057255","15.6122598648071","https://www.genecards.org/cgi-bin/carddisp.pl?gene=MSI2"
"DHX9","DExH-Box Helicase 9","Protein Coding","Q08211","56","GC01P182839","15.5878486633301","https://www.genecards.org/cgi-bin/carddisp.pl?gene=DHX9"
"DNAJB1","DnaJ Heat Shock Protein Family (Hsp40) Member B1","Protein Coding","P25685","57","GC19M115805","15.5503053665161","https://www.genecards.org/cgi-bin/carddisp.pl?gene=DNAJB1"
"ADNP","Activity Dependent Neuroprotector Homeobox","Protein Coding","Q9H2P0","55","GC20M050888","15.5416088104248","https://www.genecards.org/cgi-bin/carddisp.pl?gene=ADNP"
"PRKCI","Protein Kinase C Iota","Protein Coding","P41743","58","GC03P170222","15.5243978500366","https://www.genecards.org/cgi-bin/carddisp.pl?gene=PRKCI"
"CCAR1","Cell Division Cycle And Apoptosis Regulator 1","Protein Coding","Q8IX12","49","GC10P068721","15.508508682251","https://www.genecards.org/cgi-bin/carddisp.pl?gene=CCAR1"
"PFKFB4","6-Phosphofructo-2-Kinase/Fructose-2,6-Biphosphatase 4","Protein Coding","Q16877","54","GC03M048517","15.5069904327393","https://www.genecards.org/cgi-bin/carddisp.pl?gene=PFKFB4"
"TPM4","Tropomyosin 4","Protein Coding","P67936","52","GC19P171187","15.4393177032471","https://www.genecards.org/cgi-bin/carddisp.pl?gene=TPM4"
"ENTPD1","Ectonucleoside Triphosphate Diphosphohydrolase 1","Protein Coding","P49961","62","GC10P134559","15.4032783508301","https://www.genecards.org/cgi-bin/carddisp.pl?gene=ENTPD1"
"RPL13","Ribosomal Protein L13","Protein Coding","P26373","53","GC16P138715","15.390417098999","https://www.genecards.org/cgi-bin/carddisp.pl?gene=RPL13"
"AKR1B10","Aldo-Keto Reductase Family 1 Member B10","Protein Coding","O60218","55","GC07P134527","15.3736248016357","https://www.genecards.org/cgi-bin/carddisp.pl?gene=AKR1B10"
"RPL15","Ribosomal Protein L15","Protein Coding","P61313","57","GC03P023916","15.3725738525391","https://www.genecards.org/cgi-bin/carddisp.pl?gene=RPL15"
"SMC4","Structural Maintenance Of Chromosomes 4","Protein Coding","Q9NTJ3","54","GC03P160399","15.3721179962158","https://www.genecards.org/cgi-bin/carddisp.pl?gene=SMC4"
"SLC3A2","Solute Carrier Family 3 Member 2","Protein Coding","P08195","57","GC11P129661","15.3466415405273","https://www.genecards.org/cgi-bin/carddisp.pl?gene=SLC3A2"
"LINC01224","Long Intergenic Non-Protein Coding RNA 1224","RNA Gene","","22","GC19M116039","15.3457288742065","https://www.genecards.org/cgi-bin/carddisp.pl?gene=LINC01224"
"NAP1L4","Nucleosome Assembly Protein 1 Like 4","Protein Coding","Q99733","49","GC11M002944","15.3449754714966","https://www.genecards.org/cgi-bin/carddisp.pl?gene=NAP1L4"
"PCBP1","Poly(RC) Binding Protein 1","Protein Coding","Q15365","54","GC02P070087","15.3368091583252","https://www.genecards.org/cgi-bin/carddisp.pl?gene=PCBP1"
"PEA15","Proliferation And Apoptosis Adaptor Protein 15","Protein Coding","Q15121","54","GC01P160205","15.3321857452393","https://www.genecards.org/cgi-bin/carddisp.pl?gene=PEA15"
"TSPAN5","Tetraspanin 5","Protein Coding","P62079","52","GC04M098470","15.3315591812134","https://www.genecards.org/cgi-bin/carddisp.pl?gene=TSPAN5"
"NOP10","NOP10 Ribonucleoprotein","Protein Coding","Q9NPE3","51","GC15M051197","15.3152151107788","https://www.genecards.org/cgi-bin/carddisp.pl?gene=NOP10"
"PPP1CB","Protein Phosphatase 1 Catalytic Subunit Beta","Protein Coding","P62140","58","GC02P030836","15.3119525909424","https://www.genecards.org/cgi-bin/carddisp.pl?gene=PPP1CB"
"DVL3","Dishevelled Segment Polarity Protein 3","Protein Coding","Q92997","58","GC03P184155","15.3021154403687","https://www.genecards.org/cgi-bin/carddisp.pl?gene=DVL3"
"IARS1","Isoleucyl-TRNA Synthetase 1","Protein Coding","P41252","57","GC09M133508","15.3007555007935","https://www.genecards.org/cgi-bin/carddisp.pl?gene=IARS1"
"FUT8","Fucosyltransferase 8","Protein Coding","Q9BYC5","54","GC14P065356","15.2901582717896","https://www.genecards.org/cgi-bin/carddisp.pl?gene=FUT8"
"DRD2","Dopamine Receptor D2","Protein Coding","P14416","63","GC11M113409","15.286340713501","https://www.genecards.org/cgi-bin/carddisp.pl?gene=DRD2"
"TCERG1","Transcription Elongation Regulator 1","Protein Coding","O14776","52","GC05P146447","15.2785158157349","https://www.genecards.org/cgi-bin/carddisp.pl?gene=TCERG1"
"RSPO3","R-Spondin 3","Protein Coding","Q9BXY4","51","GC06P127118","15.2424983978271","https://www.genecards.org/cgi-bin/carddisp.pl?gene=RSPO3"
"TP53BP2","Tumor Protein P53 Binding Protein 2","Protein Coding","Q13625","50","GC01M223779","15.2351684570313","https://www.genecards.org/cgi-bin/carddisp.pl?gene=TP53BP2"
"SULF2","Sulfatase 2","Protein Coding","Q8IWU5","50","GC20M047656","15.2249383926392","https://www.genecards.org/cgi-bin/carddisp.pl?gene=SULF2"
"YTHDF2","YTH N6-Methyladenosine RNA Binding Protein F2","Protein Coding","Q9Y5A9","49","GC01P093457","15.2194356918335","https://www.genecards.org/cgi-bin/carddisp.pl?gene=YTHDF2"
"CD81","CD81 Molecule","Protein Coding","P60033","59","GC11P024811","15.2025489807129","https://www.genecards.org/cgi-bin/carddisp.pl?gene=CD81"
"KIF11","Kinesin Family Member 11","Protein Coding","P52732","60","GC10P092574","15.1973714828491","https://www.genecards.org/cgi-bin/carddisp.pl?gene=KIF11"
"MIR9-2","MicroRNA 9-2","RNA Gene","","27","GC05M088666","15.1943559646606","https://www.genecards.org/cgi-bin/carddisp.pl?gene=MIR9-2"
"CEMIP2","Cell Migration Inducing Hyaluronidase 2","Protein Coding","Q9UHN6","46","GC09M072604","15.1891279220581","https://www.genecards.org/cgi-bin/carddisp.pl?gene=CEMIP2"
"METTL14","Methyltransferase 14, N6-Adenosine-Methyltransferase Non-Catalytic Subunit","Protein Coding","Q9HCE5","50","GC04P118685","15.1860733032227","https://www.genecards.org/cgi-bin/carddisp.pl?gene=METTL14"
"TPT1","Tumor Protein, Translationally-Controlled 1","Protein Coding","P13693","59","GC13M045333","15.1625938415527","https://www.genecards.org/cgi-bin/carddisp.pl?gene=TPT1"
"EFEMP1","EGF-Like Fibulin Extracellular Matrix Protein 1","Protein Coding","Q12805","55","GC02M055865","15.1545877456665","https://www.genecards.org/cgi-bin/carddisp.pl?gene=EFEMP1"
"KAT6A","Lysine Acetyltransferase 6A","Protein Coding","Q92794","57","GC08M041929","15.1538200378418","https://www.genecards.org/cgi-bin/carddisp.pl?gene=KAT6A"
"RBBP6","RB Binding Protein 6, Ubiquitin Ligase","Protein Coding","Q7Z6E9","50","GC16P024537","15.1536111831665","https://www.genecards.org/cgi-bin/carddisp.pl?gene=RBBP6"
"TAF15","TATA-Box Binding Protein Associated Factor 15","Protein Coding","Q92804","54","GC17P175273","15.151050567627","https://www.genecards.org/cgi-bin/carddisp.pl?gene=TAF15"
"SMARCAL1","SNF2 Related Chromatin Remodeling Annealing Helicase 1","Protein Coding","Q9NZC9","57","GC02P216412","15.14928150177","https://www.genecards.org/cgi-bin/carddisp.pl?gene=SMARCAL1"
"ALKBH5","AlkB Homolog 5, RNA Demethylase","Protein Coding","Q6P6C2","47","GC17P018183","15.1448545455933","https://www.genecards.org/cgi-bin/carddisp.pl?gene=ALKBH5"
"EPHB6","EPH Receptor B6","Protein Coding","O15197","52","GC07P170547","15.1323223114014","https://www.genecards.org/cgi-bin/carddisp.pl?gene=EPHB6"
"IL13RA2","Interleukin 13 Receptor Subunit Alpha 2","Protein Coding","Q14627","50","GC0XM115003","15.1269035339355","https://www.genecards.org/cgi-bin/carddisp.pl?gene=IL13RA2"
"SIN3A","SIN3 Transcription Regulator Family Member A","Protein Coding","Q96ST3","58","GC15M075369","15.105001449585","https://www.genecards.org/cgi-bin/carddisp.pl?gene=SIN3A"
"KLK4","Kallikrein Related Peptidase 4","Protein Coding","Q9Y5K2","55","GC19M116664","15.1033716201782","https://www.genecards.org/cgi-bin/carddisp.pl?gene=KLK4"
"CHAF1A","Chromatin Assembly Factor 1 Subunit A","Protein Coding","Q13111","49","GC19P004402","15.1000032424927","https://www.genecards.org/cgi-bin/carddisp.pl?gene=CHAF1A"
"WDR5","WD Repeat Domain 5","Protein Coding","P61964","57","GC09P161206","15.0971593856812","https://www.genecards.org/cgi-bin/carddisp.pl?gene=WDR5"
"TSPO","Translocator Protein","Protein Coding","B1AH88","58","GC22P043151","15.0962114334106","https://www.genecards.org/cgi-bin/carddisp.pl?gene=TSPO"
"RSPO1","R-Spondin 1","Protein Coding","Q2MKA7","54","GC01M041707","15.0933465957642","https://www.genecards.org/cgi-bin/carddisp.pl?gene=RSPO1"
"EIF4A3","Eukaryotic Translation Initiation Factor 4A3","Protein Coding","P38919","55","GC17M105725","15.0869951248169","https://www.genecards.org/cgi-bin/carddisp.pl?gene=EIF4A3"
"DHRS3","Dehydrogenase/Reductase 3","Protein Coding","O75911","52","GC01M012567","15.0678415298462","https://www.genecards.org/cgi-bin/carddisp.pl?gene=DHRS3"
"TLR8","Toll Like Receptor 8","Protein Coding","Q9NR97","61","GC0XP012924","15.0658321380615","https://www.genecards.org/cgi-bin/carddisp.pl?gene=TLR8"
"ATF2","Activating Transcription Factor 2","Protein Coding","P15336","60","GC02M175072","15.0637941360474","https://www.genecards.org/cgi-bin/carddisp.pl?gene=ATF2"
"CDK5","Cyclin Dependent Kinase 5","Protein Coding","Q00535","66","GC07M151053","15.0328779220581","https://www.genecards.org/cgi-bin/carddisp.pl?gene=CDK5"
"RPL3","Ribosomal Protein L3","Protein Coding","P39023","54","GC22M090751","15.0236349105835","https://www.genecards.org/cgi-bin/carddisp.pl?gene=RPL3"
"PTPN2","Protein Tyrosine Phosphatase Non-Receptor Type 2","Protein Coding","P17706","59","GC18M040077","15.0205516815186","https://www.genecards.org/cgi-bin/carddisp.pl?gene=PTPN2"
"CAD","Carbamoyl-Phosphate Synthetase 2, Aspartate Transcarbamylase, And Dihydroorotase","Protein Coding","P27708","61","GC02P027217","15.0186243057251","https://www.genecards.org/cgi-bin/carddisp.pl?gene=CAD"
"NUP98","Nucleoporin 98 And 96 Precursor","Protein Coding","P52948","57","GC11M003671","15.0132284164429","https://www.genecards.org/cgi-bin/carddisp.pl?gene=NUP98"
"GNL3","G Protein Nucleolar 3","Protein Coding","Q9BVP2","53","GC03P052681","15.007417678833","https://www.genecards.org/cgi-bin/carddisp.pl?gene=GNL3"
"FHL2","Four And A Half LIM Domains 2","Protein Coding","Q14192","58","GC02M105357","14.9908266067505","https://www.genecards.org/cgi-bin/carddisp.pl?gene=FHL2"
"SLC2A3","Solute Carrier Family 2 Member 3","Protein Coding","P11169","61","GC12M007919","14.9861469268799","https://www.genecards.org/cgi-bin/carddisp.pl?gene=SLC2A3"
"STIL","STIL Centriolar Assembly Protein","Protein Coding","Q15468","50","GC01M047250","14.9738693237305","https://www.genecards.org/cgi-bin/carddisp.pl?gene=STIL"
"GRHL2","Grainyhead Like Transcription Factor 2","Protein Coding","Q6ISB3","52","GC08P101492","14.9563856124878","https://www.genecards.org/cgi-bin/carddisp.pl?gene=GRHL2"
"ANAPC7","Anaphase Promoting Complex Subunit 7","Protein Coding","Q9UJX3","50","GC12M110372","14.9464673995972","https://www.genecards.org/cgi-bin/carddisp.pl?gene=ANAPC7"
"SCARB1","Scavenger Receptor Class B Member 1","Protein Coding","Q8WTV0","60","GC12M124776","14.9390001296997","https://www.genecards.org/cgi-bin/carddisp.pl?gene=SCARB1"
"BRAT1","BRCA1 Associated ATM Activator 1","Protein Coding","Q6PJG6","49","GC07M004274","14.9352293014526","https://www.genecards.org/cgi-bin/carddisp.pl?gene=BRAT1"
"FXYD3","FXYD Domain Containing Ion Transport Regulator 3","Protein Coding","Q14802","47","GC19P035115","14.9240922927856","https://www.genecards.org/cgi-bin/carddisp.pl?gene=FXYD3"
"NDUFA13","NADH:Ubiquinone Oxidoreductase Subunit A13","Protein Coding","Q9P0J0","55","GC19P019515","14.9214181900024","https://www.genecards.org/cgi-bin/carddisp.pl?gene=NDUFA13"
"CFL1","Cofilin 1","Protein Coding","P23528","58","GC11M065823","14.9161262512207","https://www.genecards.org/cgi-bin/carddisp.pl?gene=CFL1"
"AKR1C2","Aldo-Keto Reductase Family 1 Member C2","Protein Coding","P52895","58","GC10M004987","14.8989610671997","https://www.genecards.org/cgi-bin/carddisp.pl?gene=AKR1C2"
"FCGR1A","Fc Gamma Receptor Ia","Protein Coding","P12314","55","GC01P183382","14.8952150344849","https://www.genecards.org/cgi-bin/carddisp.pl?gene=FCGR1A"
"SCD","Stearoyl-CoA Desaturase","Protein Coding","O00767","62","GC10P134681","14.889554977417","https://www.genecards.org/cgi-bin/carddisp.pl?gene=SCD"
"EHMT1","Euchromatic Histone Lysine Methyltransferase 1","Protein Coding","Q9H9B1","58","GC09P137618","14.8735389709473","https://www.genecards.org/cgi-bin/carddisp.pl?gene=EHMT1"
"DNM1L","Dynamin 1 Like","Protein Coding","O00429","60","GC12P032679","14.8590478897095","https://www.genecards.org/cgi-bin/carddisp.pl?gene=DNM1L"
"RAN","RAN, Member RAS Oncogene Family","Protein Coding","P62826","55","GC12P141969","14.8569412231445","https://www.genecards.org/cgi-bin/carddisp.pl?gene=RAN"
"THY1","Thy-1 Cell Surface Antigen","Protein Coding","P04216","55","GC11M147074","14.8550472259521","https://www.genecards.org/cgi-bin/carddisp.pl?gene=THY1"
"RPLP0","Ribosomal Protein Lateral Stalk Subunit P0","Protein Coding","P05388","54","GC12M120196","14.786548614502","https://www.genecards.org/cgi-bin/carddisp.pl?gene=RPLP0"
"DNM2","Dynamin 2","Protein Coding","P50570","63","GC19P170929","14.7595243453979","https://www.genecards.org/cgi-bin/carddisp.pl?gene=DNM2"
"GNA13","G Protein Subunit Alpha 13","Protein Coding","Q14344","55","GC17M065009","14.758113861084","https://www.genecards.org/cgi-bin/carddisp.pl?gene=GNA13"
"CCDC88A","Coiled-Coil And HOOK Domain Protein 88A","Protein Coding","Q3V6T2","54","GC02M055287","14.7504253387451","https://www.genecards.org/cgi-bin/carddisp.pl?gene=CCDC88A"
"AMFR","Autocrine Motility Factor Receptor","Protein Coding","Q9UKV5","56","GC16M056361","14.7407960891724","https://www.genecards.org/cgi-bin/carddisp.pl?gene=AMFR"
"CEP55","Centrosomal Protein 55","Protein Coding","Q53EZ4","53","GC10P093496","14.73814868927","https://www.genecards.org/cgi-bin/carddisp.pl?gene=CEP55"
"RNF168","Ring Finger Protein 168","Protein Coding","Q8IYW5","54","GC03M196468","14.7313327789307","https://www.genecards.org/cgi-bin/carddisp.pl?gene=RNF168"
"EIF5A","Eukaryotic Translation Initiation Factor 5A","Protein Coding","P63241","55","GC17P007306","14.6940755844116","https://www.genecards.org/cgi-bin/carddisp.pl?gene=EIF5A"
"TRIM37","Tripartite Motif Containing 37","Protein Coding","O94972","53","GC17M105256","14.690089225769","https://www.genecards.org/cgi-bin/carddisp.pl?gene=TRIM37"
"WTAP","WT1 Associated Protein","Protein Coding","Q15007","50","GC06P201516","14.6891269683838","https://www.genecards.org/cgi-bin/carddisp.pl?gene=WTAP"
"AFDN","Afadin, Adherens Junction Formation Factor","Protein Coding","P55196","52","GC06P201725","14.6887464523315","https://www.genecards.org/cgi-bin/carddisp.pl?gene=AFDN"
"ORAI1","ORAI Calcium Release-Activated Calcium Modulator 1","Protein Coding","Q96D31","57","GC12P141811","14.6821603775024","https://www.genecards.org/cgi-bin/carddisp.pl?gene=ORAI1"
"TMEM33","Transmembrane Protein 33","Protein Coding","P57088","44","GC04P041970","14.6593427658081","https://www.genecards.org/cgi-bin/carddisp.pl?gene=TMEM33"
"PTBP1","Polypyrimidine Tract Binding Protein 1","Protein Coding","P26599","55","GC19P000797","14.65283203125","https://www.genecards.org/cgi-bin/carddisp.pl?gene=PTBP1"
"CCL22","C-C Motif Chemokine Ligand 22","Protein Coding","O00626","49","GC16P137393","14.6444978713989","https://www.genecards.org/cgi-bin/carddisp.pl?gene=CCL22"
"ERRFI1","ERBB Receptor Feedback Inhibitor 1","Protein Coding","Q9UJM3","50","GC01M008004","14.6416654586792","https://www.genecards.org/cgi-bin/carddisp.pl?gene=ERRFI1"
"COL5A1","Collagen Type V Alpha 1 Chain","Protein Coding","P20908","59","GC09P134641","14.6317558288574","https://www.genecards.org/cgi-bin/carddisp.pl?gene=COL5A1"
"SIRT2","Sirtuin 2","Protein Coding","Q8IXJ6","60","GC19M038878","14.6285123825073","https://www.genecards.org/cgi-bin/carddisp.pl?gene=SIRT2"
"CLIC1","Chloride Intracellular Channel 1","Protein Coding","O00299","55","GC06M114968","14.6227493286133","https://www.genecards.org/cgi-bin/carddisp.pl?gene=CLIC1"
"RPL6","Ribosomal Protein L6","Protein Coding","Q02878","52","GC12M112320","14.6133260726929","https://www.genecards.org/cgi-bin/carddisp.pl?gene=RPL6"
"SIRT7","Sirtuin 7","Protein Coding","Q9NRC8","56","GC17M081911","14.6063213348389","https://www.genecards.org/cgi-bin/carddisp.pl?gene=SIRT7"
"UBE2N","Ubiquitin Conjugating Enzyme E2 N","Protein Coding","P61088","58","GC12M093406","14.5918970108032","https://www.genecards.org/cgi-bin/carddisp.pl?gene=UBE2N"
"DLL3","Delta Like Canonical Notch Ligand 3","Protein Coding","Q9NYJ7","55","GC19P039498","14.5820980072021","https://www.genecards.org/cgi-bin/carddisp.pl?gene=DLL3"
"NEDD9","Neural Precursor Cell Expressed, Developmentally Down-Regulated 9","Protein Coding","Q14511","54","GC06M011183","14.579794883728","https://www.genecards.org/cgi-bin/carddisp.pl?gene=NEDD9"
"SMURF1","SMAD Specific E3 Ubiquitin Protein Ligase 1","Protein Coding","Q9HCE7","56","GC07M099027","14.5745325088501","https://www.genecards.org/cgi-bin/carddisp.pl?gene=SMURF1"
"PRDX2","Peroxiredoxin 2","Protein Coding","P32119","59","GC19M012796","14.5626430511475","https://www.genecards.org/cgi-bin/carddisp.pl?gene=PRDX2"
"ITGA9","Integrin Subunit Alpha 9","Protein Coding","Q13797","55","GC03P037468","14.5606288909912","https://www.genecards.org/cgi-bin/carddisp.pl?gene=ITGA9"
"HSD17B4","Hydroxysteroid 17-Beta Dehydrogenase 4","Protein Coding","P51659","59","GC05P119452","14.5466318130493","https://www.genecards.org/cgi-bin/carddisp.pl?gene=HSD17B4"
"NOX4","NADPH Oxidase 4","Protein Coding","Q9NPH5","56","GC11M089324","14.5348949432373","https://www.genecards.org/cgi-bin/carddisp.pl?gene=NOX4"
"TRIM29","Tripartite Motif Containing 29","Protein Coding","Q14134","51","GC11M120111","14.523211479187","https://www.genecards.org/cgi-bin/carddisp.pl?gene=TRIM29"
"PCBP2","Poly(RC) Binding Protein 2","Protein Coding","Q15366","53","GC12P086870","14.510703086853","https://www.genecards.org/cgi-bin/carddisp.pl?gene=PCBP2"
"TRERNA1","Translation Regulatory Long Non-Coding RNA 1","RNA Gene","","23","GC20M050040","14.5063962936401","https://www.genecards.org/cgi-bin/carddisp.pl?gene=TRERNA1"
"RANBP2","RAN Binding Protein 2","Protein Coding","P49792","57","GC02P108719","14.4945955276489","https://www.genecards.org/cgi-bin/carddisp.pl?gene=RANBP2"
"PWAR1","Prader Willi/Angelman Region RNA 1","RNA Gene","","22","GC15P025135","14.4641885757446","https://www.genecards.org/cgi-bin/carddisp.pl?gene=PWAR1"
"CTPS1","CTP Synthase 1","Protein Coding","P17812","58","GC01P040979","14.4417886734009","https://www.genecards.org/cgi-bin/carddisp.pl?gene=CTPS1"
"SPTAN1","Spectrin Alpha, Non-Erythrocytic 1","Protein Coding","Q13813","61","GC09P128552","14.4360084533691","https://www.genecards.org/cgi-bin/carddisp.pl?gene=SPTAN1"
"ANXA3","Annexin A3","Protein Coding","P12429","55","GC04P078551","14.3895578384399","https://www.genecards.org/cgi-bin/carddisp.pl?gene=ANXA3"
"MSI1","Musashi RNA Binding Protein 1","Protein Coding","O43347","52","GC12M120341","14.3519401550293","https://www.genecards.org/cgi-bin/carddisp.pl?gene=MSI1"
"MGP","Matrix Gla Protein","Protein Coding","P08493","55","GC12M039046","14.3504257202148","https://www.genecards.org/cgi-bin/carddisp.pl?gene=MGP"
"TLR5","Toll Like Receptor 5","Protein Coding","O60602","58","GC01M223109","14.3362321853638","https://www.genecards.org/cgi-bin/carddisp.pl?gene=TLR5"
"FILIP1L","Filamin A Interacting Protein 1 Like","Protein Coding","Q4L180","44","GC03M099830","14.3209896087646","https://www.genecards.org/cgi-bin/carddisp.pl?gene=FILIP1L"
"UBE2Q2","Ubiquitin Conjugating Enzyme E2 Q2","Protein Coding","Q8WVN8","48","GC15P075843","14.3063430786133","https://www.genecards.org/cgi-bin/carddisp.pl?gene=UBE2Q2"
"BRCC3","BRCA1/BRCA2-Containing Complex Subunit 3","Protein Coding","P46736","55","GC0XP155071","14.2886829376221","https://www.genecards.org/cgi-bin/carddisp.pl?gene=BRCC3"
"BCL2L12","BCL2 Like 12","Protein Coding","Q9HB09","47","GC19P172010","14.2783117294312","https://www.genecards.org/cgi-bin/carddisp.pl?gene=BCL2L12"
"DGCR8","DGCR8 Microprocessor Complex Subunit","Protein Coding","Q8WYQ5","55","GC22P020080","14.2708587646484","https://www.genecards.org/cgi-bin/carddisp.pl?gene=DGCR8"
"USP1","Ubiquitin Specific Peptidase 1","Protein Coding","O94782","57","GC01P062436","14.2591018676758","https://www.genecards.org/cgi-bin/carddisp.pl?gene=USP1"
"CDC45","Cell Division Cycle 45","Protein Coding","O75419","57","GC22P019479","14.2495126724243","https://www.genecards.org/cgi-bin/carddisp.pl?gene=CDC45"
"SUV39H1","SUV39H1 Histone Lysine Methyltransferase","Protein Coding","O43463","55","GC0XP062526","14.2394304275513","https://www.genecards.org/cgi-bin/carddisp.pl?gene=SUV39H1"
"KRT10","Keratin 10","Protein Coding","P13645","55","GC17M040818","14.2364931106567","https://www.genecards.org/cgi-bin/carddisp.pl?gene=KRT10"
"RFC4","Replication Factor C Subunit 4","Protein Coding","P35249","53","GC03M186789","14.2062883377075","https://www.genecards.org/cgi-bin/carddisp.pl?gene=RFC4"
"NR2F2","Nuclear Receptor Subfamily 2 Group F Member 2","Protein Coding","P24468","60","GC15P096325","14.2027597427368","https://www.genecards.org/cgi-bin/carddisp.pl?gene=NR2F2"
"TYRO3","TYRO3 Protein Tyrosine Kinase","Protein Coding","Q06418","61","GC15P041557","14.1928272247314","https://www.genecards.org/cgi-bin/carddisp.pl?gene=TYRO3"
"MTHFD2","Methylenetetrahydrofolate Dehydrogenase (NADP+ Dependent) 2, Methenyltetrahydrofolate Cyclohydrolase","Protein Coding","P13995","55","GC02P074186","14.1908416748047","https://www.genecards.org/cgi-bin/carddisp.pl?gene=MTHFD2"
"MIR885","MicroRNA 885","RNA Gene","","26","GC03M011185","14.1862373352051","https://www.genecards.org/cgi-bin/carddisp.pl?gene=MIR885"
"ASAH1","N-Acylsphingosine Amidohydrolase 1","Protein Coding","Q13510","62","GC08M018055","14.1814298629761","https://www.genecards.org/cgi-bin/carddisp.pl?gene=ASAH1"
"RPS10","Ribosomal Protein S10","Protein Coding","P46783","55","GC06M115082","14.1688032150269","https://www.genecards.org/cgi-bin/carddisp.pl?gene=RPS10"
"LINP1","LncRNA In Non-Homologous End Joining Pathway 1","RNA Gene","","21","GC10P007662","14.1678323745728","https://www.genecards.org/cgi-bin/carddisp.pl?gene=LINP1"
"PRPF40A","Pre-MRNA Processing Factor 40A","Protein Coding","O75400","48","GC02M152651","14.1667928695679","https://www.genecards.org/cgi-bin/carddisp.pl?gene=PRPF40A"
"NOP2","NOP2 Nucleolar Protein","Protein Coding","P46087","50","GC12M006556","14.1667385101318","https://www.genecards.org/cgi-bin/carddisp.pl?gene=NOP2"
"CSE1L","Chromosome Segregation 1 Like","Protein Coding","P55060","52","GC20P049046","14.151421546936","https://www.genecards.org/cgi-bin/carddisp.pl?gene=CSE1L"
"KCNH1","Potassium Voltage-Gated Channel Subfamily H Member 1","Protein Coding","O95259","58","GC01M210678","14.1493806838989","https://www.genecards.org/cgi-bin/carddisp.pl?gene=KCNH1"
"SPAG9","Sperm Associated Antigen 9","Protein Coding","O60271","51","GC17M050962","14.1409816741943","https://www.genecards.org/cgi-bin/carddisp.pl?gene=SPAG9"
"ASPH","Aspartate Beta-Hydroxylase","Protein Coding","Q12797","54","GC08M061500","14.1392097473145","https://www.genecards.org/cgi-bin/carddisp.pl?gene=ASPH"
"TARDBP","TAR DNA Binding Protein","Protein Coding","Q13148","59","GC01P091901","14.1242504119873","https://www.genecards.org/cgi-bin/carddisp.pl?gene=TARDBP"
"BABAM1","BRISC And BRCA1 A Complex Member 1","Protein Coding","Q9NWV8","50","GC19P171213","14.1234130859375","https://www.genecards.org/cgi-bin/carddisp.pl?gene=BABAM1"
"BCL11A","BCL11 Transcription Factor A","Protein Coding","Q9H165","56","GC02M060451","14.1209497451782","https://www.genecards.org/cgi-bin/carddisp.pl?gene=BCL11A"
"TEX14","Testis Expressed 14, Intercellular Bridge Forming Factor","Protein Coding","Q8IWB6","51","GC17M058556","14.1192712783813","https://www.genecards.org/cgi-bin/carddisp.pl?gene=TEX14"
"SERPINF1","Serpin Family F Member 1","Protein Coding","P36955","57","GC17P001761","14.1066036224365","https://www.genecards.org/cgi-bin/carddisp.pl?gene=SERPINF1"
"ATF6","Activating Transcription Factor 6","Protein Coding","P18850","61","GC01P161766","14.1013851165771","https://www.genecards.org/cgi-bin/carddisp.pl?gene=ATF6"
"RPL18","Ribosomal Protein L18","Protein Coding","Q07020","55","GC19M048615","14.0733394622803","https://www.genecards.org/cgi-bin/carddisp.pl?gene=RPL18"
"KAT2A","Lysine Acetyltransferase 2A","Protein Coding","Q92830","63","GC17M042113","14.0732145309448","https://www.genecards.org/cgi-bin/carddisp.pl?gene=KAT2A"
"BABAM2","BRISC And BRCA1 A Complex Member 2","Protein Coding","Q9NXR7","49","GC02P030805","14.0604763031006","https://www.genecards.org/cgi-bin/carddisp.pl?gene=BABAM2"
"EI24","EI24 Autophagy Associated Transmembrane Protein","Protein Coding","O14681","41","GC11P132027","14.0417165756226","https://www.genecards.org/cgi-bin/carddisp.pl?gene=EI24"
"FOXO4","Forkhead Box O4","Protein Coding","P98177","56","GC0XP071095","14.0270071029663","https://www.genecards.org/cgi-bin/carddisp.pl?gene=FOXO4"
"HELLS","Helicase, Lymphoid Specific","Protein Coding","Q9NRZ9","57","GC10P134546","14.0131101608276","https://www.genecards.org/cgi-bin/carddisp.pl?gene=HELLS"
"FOXQ1","Forkhead Box Q1","Protein Coding","Q9C009","42","GC06P001312","14.0015916824341","https://www.genecards.org/cgi-bin/carddisp.pl?gene=FOXQ1"
"TNKS","Tankyrase","Protein Coding","O95271","58","GC08P009555","13.9985761642456","https://www.genecards.org/cgi-bin/carddisp.pl?gene=TNKS"
"ROR1","Receptor Tyrosine Kinase Like Orphan Receptor 1","Protein Coding","Q01973","57","GC01P063774","13.9985609054565","https://www.genecards.org/cgi-bin/carddisp.pl?gene=ROR1"
"CD38","CD38 Molecule","Protein Coding","P28907","60","GC04P034327","13.979211807251","https://www.genecards.org/cgi-bin/carddisp.pl?gene=CD38"
"HNRNPC","Heterogeneous Nuclear Ribonucleoprotein C","Protein Coding","P07910","55","GC14M029590","13.9738006591797","https://www.genecards.org/cgi-bin/carddisp.pl?gene=HNRNPC"
"FTH1","Ferritin Heavy Chain 1","Protein Coding","P02794","63","GC11M061959","13.961615562439","https://www.genecards.org/cgi-bin/carddisp.pl?gene=FTH1"
"TMPRSS4","Transmembrane Serine Protease 4","Protein Coding","Q9NRS4","51","GC11P118077","13.9606866836548","https://www.genecards.org/cgi-bin/carddisp.pl?gene=TMPRSS4"
"FOXP2","Forkhead Box P2","Protein Coding","O15409","56","GC07P114086","13.9206619262695","https://www.genecards.org/cgi-bin/carddisp.pl?gene=FOXP2"
"NALF1","NALCN Channel Auxiliary Factor 1","Protein Coding","B1AL88","41","GC13M107164","13.9177856445313","https://www.genecards.org/cgi-bin/carddisp.pl?gene=NALF1"
"UBA1","Ubiquitin Like Modifier Activating Enzyme 1","Protein Coding","P22314","61","GC0XP047190","13.9147453308105","https://www.genecards.org/cgi-bin/carddisp.pl?gene=UBA1"
"CDR2","Cerebellar Degeneration Related Protein 2","Protein Coding","Q01850","50","GC16M055953","13.910364151001","https://www.genecards.org/cgi-bin/carddisp.pl?gene=CDR2"
"MCM3AP","Minichromosome Maintenance Complex Component 3 Associated Protein","Protein Coding","O60318","53","GC21M046235","13.9102649688721","https://www.genecards.org/cgi-bin/carddisp.pl?gene=MCM3AP"
"RELN","Reelin","Protein Coding","P78509","56","GC07M103471","13.9041814804077","https://www.genecards.org/cgi-bin/carddisp.pl?gene=RELN"
"AKR1B1","Aldo-Keto Reductase Family 1 Member B","Protein Coding","P15121","60","GC07M134442","13.8962774276733","https://www.genecards.org/cgi-bin/carddisp.pl?gene=AKR1B1"
"SLC2A4","Solute Carrier Family 2 Member 4","Protein Coding","P14672","60","GC17P174515","13.8929920196533","https://www.genecards.org/cgi-bin/carddisp.pl?gene=SLC2A4"
"S1PR1","Sphingosine-1-Phosphate Receptor 1","Protein Coding","P21453","58","GC01P101236","13.8877906799316","https://www.genecards.org/cgi-bin/carddisp.pl?gene=S1PR1"
"PRDX5","Peroxiredoxin 5","Protein Coding","P30044","57","GC11P129769","13.887490272522","https://www.genecards.org/cgi-bin/carddisp.pl?gene=PRDX5"
"TRIM27","Tripartite Motif Containing 27","Protein Coding","P14373","51","GC06M028903","13.8820161819458","https://www.genecards.org/cgi-bin/carddisp.pl?gene=TRIM27"
"KRT33A","Keratin 33A","Protein Coding","O76009","48","GC17M041346","13.8784008026123","https://www.genecards.org/cgi-bin/carddisp.pl?gene=KRT33A"
"EPB41L4A-AS1","EPB41L4A Antisense RNA 1","RNA Gene","","25","GC05P112160","13.8722801208496","https://www.genecards.org/cgi-bin/carddisp.pl?gene=EPB41L4A-AS1"
"ILF3","Interleukin Enhancer Binding Factor 3","Protein Coding","Q12906","48","GC19P170928","13.8486976623535","https://www.genecards.org/cgi-bin/carddisp.pl?gene=ILF3"
"ANAPC1","Anaphase Promoting Complex Subunit 1","Protein Coding","Q9H1A4","50","GC02M111611","13.836127281189","https://www.genecards.org/cgi-bin/carddisp.pl?gene=ANAPC1"
"NDC80","NDC80 Kinetochore Complex Component","Protein Coding","O14777","50","GC18P002571","13.8217697143555","https://www.genecards.org/cgi-bin/carddisp.pl?gene=NDC80"
"MIR33B","MicroRNA 33b","RNA Gene","","27","GC17M017813","13.8172121047974","https://www.genecards.org/cgi-bin/carddisp.pl?gene=MIR33B"
"PTK7","Protein Tyrosine Kinase 7 (Inactive)","Protein Coding","Q13308","57","GC06P043076","13.7959432601929","https://www.genecards.org/cgi-bin/carddisp.pl?gene=PTK7"
"FARSA","Phenylalanyl-TRNA Synthetase Subunit Alpha","Protein Coding","Q9Y285","54","GC19M012922","13.788875579834","https://www.genecards.org/cgi-bin/carddisp.pl?gene=FARSA"
"CXCL2","C-X-C Motif Chemokine Ligand 2","Protein Coding","P19875","54","GC04M074097","13.7827234268188","https://www.genecards.org/cgi-bin/carddisp.pl?gene=CXCL2"
"CENPU","Centromere Protein U","Protein Coding","Q71F23","50","GC04M184694","13.7569065093994","https://www.genecards.org/cgi-bin/carddisp.pl?gene=CENPU"
"SOX17","SRY-Box Transcription Factor 17","Protein Coding","Q9H6I2","54","GC08P054457","13.7411909103394","https://www.genecards.org/cgi-bin/carddisp.pl?gene=SOX17"
"HDAC7","Histone Deacetylase 7","Protein Coding","Q8WUI4","57","GC12M047782","13.7405862808228","https://www.genecards.org/cgi-bin/carddisp.pl?gene=HDAC7"
"LINC00273","Long Intergenic Non-Protein Coding RNA 273","RNA Gene","","24","GC16M057468","13.7338514328003","https://www.genecards.org/cgi-bin/carddisp.pl?gene=LINC00273"
"SLC39A7","Solute Carrier Family 39 Member 7","Protein Coding","Q92504","54","GC06P033200","13.7291326522827","https://www.genecards.org/cgi-bin/carddisp.pl?gene=SLC39A7"
"MIR105-1","MicroRNA 105-1","RNA Gene","","23","GC0XM152392","13.7131681442261","https://www.genecards.org/cgi-bin/carddisp.pl?gene=MIR105-1"
"ANGPTL4","Angiopoietin Like 4","Protein Coding","Q9BY76","55","GC19P008363","13.677996635437","https://www.genecards.org/cgi-bin/carddisp.pl?gene=ANGPTL4"
"LIMA1","LIM Domain And Actin Binding 1","Protein Coding","Q9UHB6","48","GC12M050175","13.6645441055298","https://www.genecards.org/cgi-bin/carddisp.pl?gene=LIMA1"
"FOSB","FosB Proto-Oncogene, AP-1 Transcription Factor Subunit","Protein Coding","P53539","57","GC19P045467","13.6453113555908","https://www.genecards.org/cgi-bin/carddisp.pl?gene=FOSB"
"GSDME","Gasdermin E","Protein Coding","O60443","49","GC07M024699","13.5677299499512","https://www.genecards.org/cgi-bin/carddisp.pl?gene=GSDME"
"FOXC2","Forkhead Box C2","Protein Coding","Q99958","56","GC16P138436","13.5654354095459","https://www.genecards.org/cgi-bin/carddisp.pl?gene=FOXC2"
"TRA-TGC7-1","TRNA-Ala (Anticodon TGC) 7-1","RNA Gene","","16","GC06M114794","13.5592813491821","https://www.genecards.org/cgi-bin/carddisp.pl?gene=TRA-TGC7-1"
"SAT1","Spermidine/Spermine N1-Acetyltransferase 1","Protein Coding","P21673","58","GC0XP023784","13.5548257827759","https://www.genecards.org/cgi-bin/carddisp.pl?gene=SAT1"
"E2F5","E2F Transcription Factor 5","Protein Coding","Q15329","51","GC08P085177","13.5539274215698","https://www.genecards.org/cgi-bin/carddisp.pl?gene=E2F5"
"NFATC3","Nuclear Factor Of Activated T Cells 3","Protein Coding","Q12968","54","GC16P068084","13.5455589294434","https://www.genecards.org/cgi-bin/carddisp.pl?gene=NFATC3"
"MYH14","Myosin Heavy Chain 14","Protein Coding","Q7Z406","58","GC19P172039","13.5375499725342","https://www.genecards.org/cgi-bin/carddisp.pl?gene=MYH14"
"ST6GAL1","ST6 Beta-Galactoside Alpha-2,6-Sialyltransferase 1","Protein Coding","P15907","56","GC03P186930","13.5313081741333","https://www.genecards.org/cgi-bin/carddisp.pl?gene=ST6GAL1"
"TNFSF12","TNF Superfamily Member 12","Protein Coding","O43508","51","GC17P174536","13.5262126922607","https://www.genecards.org/cgi-bin/carddisp.pl?gene=TNFSF12"
"SH3GL1","SH3 Domain Containing GRB2 Like 1, Endophilin A2","Protein Coding","Q99961","55","GC19M004360","13.526177406311","https://www.genecards.org/cgi-bin/carddisp.pl?gene=SH3GL1"
"DCLK1","Doublecortin Like Kinase 1","Protein Coding","O15075","59","GC13M035768","13.5232133865356","https://www.genecards.org/cgi-bin/carddisp.pl?gene=DCLK1"
"MED19","Mediator Complex Subunit 19","Protein Coding","A0JLT2","41","GC11M057703","13.5139198303223","https://www.genecards.org/cgi-bin/carddisp.pl?gene=MED19"
"RPS14","Ribosomal Protein S14","Protein Coding","P62263","54","GC05M150443","13.5083560943604","https://www.genecards.org/cgi-bin/carddisp.pl?gene=RPS14"
"ARF6","ARF GTPase 6","Protein Coding","P62330","57","GC14P066241","13.5031290054321","https://www.genecards.org/cgi-bin/carddisp.pl?gene=ARF6"
"ALOX15B","Arachidonate 15-Lipoxygenase Type B","Protein Coding","O15296","54","GC17P008039","13.4993963241577","https://www.genecards.org/cgi-bin/carddisp.pl?gene=ALOX15B"
"SDCBP","Syndecan Binding Protein","Protein Coding","O00560","53","GC08P058539","13.4955224990845","https://www.genecards.org/cgi-bin/carddisp.pl?gene=SDCBP"
"CDC7","Cell Division Cycle 7","Protein Coding","O00311","59","GC01P091500","13.4901666641235","https://www.genecards.org/cgi-bin/carddisp.pl?gene=CDC7"
"LBR","Lamin B Receptor","Protein Coding","Q14739","58","GC01M230908","13.4834079742432","https://www.genecards.org/cgi-bin/carddisp.pl?gene=LBR"
"CD22","CD22 Molecule","Protein Coding","P20273","60","GC19P035319","13.4799251556396","https://www.genecards.org/cgi-bin/carddisp.pl?gene=CD22"
"SART1","Spliceosome Associated Factor 1, Recruiter Of U4/U6.U5 Tri-SnRNP","Protein Coding","O43290","46","GC11P129944","13.4760246276855","https://www.genecards.org/cgi-bin/carddisp.pl?gene=SART1"
"NHEJ1","Non-Homologous End Joining Factor 1","Protein Coding","Q9H9Q4","54","GC02M219304","13.4537677764893","https://www.genecards.org/cgi-bin/carddisp.pl?gene=NHEJ1"
"TPI1","Triosephosphate Isomerase 1","Protein Coding","P60174","59","GC12P006867","13.4502182006836","https://www.genecards.org/cgi-bin/carddisp.pl?gene=TPI1"
"LINC00861","Long Intergenic Non-Protein Coding RNA 861","RNA Gene","","23","GC08M138656","13.4291105270386","https://www.genecards.org/cgi-bin/carddisp.pl?gene=LINC00861"
"DUSP16","Dual Specificity Phosphatase 16","Protein Coding","Q9BY84","51","GC12M012473","13.4187803268433","https://www.genecards.org/cgi-bin/carddisp.pl?gene=DUSP16"
"ZBTB7A","Zinc Finger And BTB Domain Containing 7A","Protein Coding","O95365","51","GC19M115422","13.4156827926636","https://www.genecards.org/cgi-bin/carddisp.pl?gene=ZBTB7A"
"ANTXR1","ANTXR Cell Adhesion Molecule 1","Protein Coding","Q9H6X2","56","GC02P068977","13.4130249023438","https://www.genecards.org/cgi-bin/carddisp.pl?gene=ANTXR1"
"JUNB","JunB Proto-Oncogene, AP-1 Transcription Factor Subunit","Protein Coding","P17275","53","GC19P012791","13.405125617981","https://www.genecards.org/cgi-bin/carddisp.pl?gene=JUNB"
"WNT11","Wnt Family Member 11","Protein Coding","O96014","57","GC11M076186","13.3969879150391","https://www.genecards.org/cgi-bin/carddisp.pl?gene=WNT11"
"MCM5","Minichromosome Maintenance Complex Component 5","Protein Coding","P33992","58","GC22P035400","13.383599281311","https://www.genecards.org/cgi-bin/carddisp.pl?gene=MCM5"
"GAB1","GRB2 Associated Binding Protein 1","Protein Coding","Q13480","56","GC04P143336","13.3751363754272","https://www.genecards.org/cgi-bin/carddisp.pl?gene=GAB1"
"HSPH1","Heat Shock Protein Family H (Hsp110) Member 1","Protein Coding","Q92598","54","GC13M031134","13.3710851669312","https://www.genecards.org/cgi-bin/carddisp.pl?gene=HSPH1"
"DHX15","DEAH-Box Helicase 15","Protein Coding","O43143","51","GC04M024519","13.3391046524048","https://www.genecards.org/cgi-bin/carddisp.pl?gene=DHX15"
"RNF31","Ring Finger Protein 31","Protein Coding","Q96EP0","54","GC14P024146","13.3364534378052","https://www.genecards.org/cgi-bin/carddisp.pl?gene=RNF31"
"LINC01605","Long Intergenic Non-Protein Coding RNA 1605","RNA Gene","","22","GC08M037407","13.3197870254517","https://www.genecards.org/cgi-bin/carddisp.pl?gene=LINC01605"
"H1-0","H1.0 Linker Histone","Protein Coding","P07305","51","GC22P102598","13.3083190917969","https://www.genecards.org/cgi-bin/carddisp.pl?gene=H1-0"
"HAX1","HCLS1 Associated Protein X-1","Protein Coding","O00165","54","GC01P183668","13.3073205947876","https://www.genecards.org/cgi-bin/carddisp.pl?gene=HAX1"
"ATP1A1","ATPase Na+/K+ Transporting Subunit Alpha 1","Protein Coding","P05023","61","GC01P116372","13.3021659851074","https://www.genecards.org/cgi-bin/carddisp.pl?gene=ATP1A1"
"NODAL","Nodal Growth Differentiation Factor","Protein Coding","Q96S42","53","GC10M070431","13.2851114273071","https://www.genecards.org/cgi-bin/carddisp.pl?gene=NODAL"
"DDB1","Damage Specific DNA Binding Protein 1","Protein Coding","Q16531","57","GC11M146012","13.2733612060547","https://www.genecards.org/cgi-bin/carddisp.pl?gene=DDB1"
"PDGFD","Platelet Derived Growth Factor D","Protein Coding","Q9GZP0","55","GC11M103907","13.2729415893555","https://www.genecards.org/cgi-bin/carddisp.pl?gene=PDGFD"
"MCM6","Minichromosome Maintenance Complex Component 6","Protein Coding","Q14566","55","GC02M135839","13.2607755661011","https://www.genecards.org/cgi-bin/carddisp.pl?gene=MCM6"
"COL4A2","Collagen Type IV Alpha 2 Chain","Protein Coding","P08572","58","GC13P110305","13.2506742477417","https://www.genecards.org/cgi-bin/carddisp.pl?gene=COL4A2"
"RPS15","Ribosomal Protein S15","Protein Coding","P62841","50","GC19P001438","13.2472267150879","https://www.genecards.org/cgi-bin/carddisp.pl?gene=RPS15"
"CAVIN1","Caveolae Associated Protein 1","Protein Coding","Q6NZI2","52","GC17M104760","13.2296390533447","https://www.genecards.org/cgi-bin/carddisp.pl?gene=CAVIN1"
"VAV1","Vav Guanine Nucleotide Exchange Factor 1","Protein Coding","P15498","58","GC19P006772","13.2008857727051","https://www.genecards.org/cgi-bin/carddisp.pl?gene=VAV1"
"SMYD3","SET And MYND Domain Containing 3","Protein Coding","Q9H7B4","51","GC01M245749","13.1980428695679","https://www.genecards.org/cgi-bin/carddisp.pl?gene=SMYD3"
"PSMC4","Proteasome 26S Subunit, ATPase 4","Protein Coding","P43686","54","GC19P171631","13.1951913833618","https://www.genecards.org/cgi-bin/carddisp.pl?gene=PSMC4"
"HSPG2","Heparan Sulfate Proteoglycan 2","Protein Coding","P98160","60","GC01M021822","13.1936473846436","https://www.genecards.org/cgi-bin/carddisp.pl?gene=HSPG2"
"CAPN2","Calpain 2","Protein Coding","P17655","60","GC01P223701","13.1826276779175","https://www.genecards.org/cgi-bin/carddisp.pl?gene=CAPN2"
"MIR501","MicroRNA 501","RNA Gene","","26","GC0XP062584","13.1711483001709","https://www.genecards.org/cgi-bin/carddisp.pl?gene=MIR501"
"P2RX7","Purinergic Receptor P2X 7","Protein Coding","Q99572","60","GC12P141807","13.1598062515259","https://www.genecards.org/cgi-bin/carddisp.pl?gene=P2RX7"
"KMT5A","Lysine Methyltransferase 5A","Protein Coding","Q9NQR1","55","GC12P141836","13.1525278091431","https://www.genecards.org/cgi-bin/carddisp.pl?gene=KMT5A"
"MELTF","Melanotransferrin","Protein Coding","P08582","54","GC03M196980","13.1516332626343","https://www.genecards.org/cgi-bin/carddisp.pl?gene=MELTF"
"KPNA2","Karyopherin Subunit Alpha 2","Protein Coding","P52292","57","GC17P068035","13.1408634185791","https://www.genecards.org/cgi-bin/carddisp.pl?gene=KPNA2"
"SH3PXD2A","SH3 And PX Domains 2A","Protein Coding","Q5TCZ1","50","GC10M103594","13.1341257095337","https://www.genecards.org/cgi-bin/carddisp.pl?gene=SH3PXD2A"
"MIR502","MicroRNA 502","RNA Gene","","23","GC0XP050014","13.1248502731323","https://www.genecards.org/cgi-bin/carddisp.pl?gene=MIR502"
"NIPBL","NIPBL Cohesin Loading Factor","Protein Coding","Q6KC79","54","GC05P036876","13.1001691818237","https://www.genecards.org/cgi-bin/carddisp.pl?gene=NIPBL"
"ACLY","ATP Citrate Lyase","Protein Coding","P53396","59","GC17M041866","13.0887641906738","https://www.genecards.org/cgi-bin/carddisp.pl?gene=ACLY"
"GTF2H1","General Transcription Factor IIH Subunit 1","Protein Coding","P32780","53","GC11P025418","13.0882186889648","https://www.genecards.org/cgi-bin/carddisp.pl?gene=GTF2H1"
"SAMHD1","SAM And HD Domain Containing Deoxynucleoside Triphosphate Triphosphohydrolase 1","Protein Coding","Q9Y3Z3","54","GC20M038220","13.0833168029785","https://www.genecards.org/cgi-bin/carddisp.pl?gene=SAMHD1"
"JARID2","Jumonji And AT-Rich Interaction Domain Containing 2","Protein Coding","Q92833","54","GC06P021136","13.0698585510254","https://www.genecards.org/cgi-bin/carddisp.pl?gene=JARID2"
"TAFAZZIN","Tafazzin, Phospholipid-Lysophospholipid Transacylase","Protein Coding","Q16635","52","GC0XP155536","13.064115524292","https://www.genecards.org/cgi-bin/carddisp.pl?gene=TAFAZZIN"
"RPA2","Replication Protein A2","Protein Coding","P15927","57","GC01M041427","13.0584335327148","https://www.genecards.org/cgi-bin/carddisp.pl?gene=RPA2"
"RPL35A","Ribosomal Protein L35a","Protein Coding","P18077","54","GC03P201285","13.0551424026489","https://www.genecards.org/cgi-bin/carddisp.pl?gene=RPL35A"
"SPRY1","Sprouty RTK Signaling Antagonist 1","Protein Coding","O43609","53","GC04P123396","13.0425424575806","https://www.genecards.org/cgi-bin/carddisp.pl?gene=SPRY1"
"ABCB5","ATP Binding Cassette Subfamily B Member 5","Protein Coding","Q2M3G0","55","GC07P020615","13.0299100875854","https://www.genecards.org/cgi-bin/carddisp.pl?gene=ABCB5"
"CLTC","Clathrin Heavy Chain","Protein Coding","Q00610","59","GC17P059619","13.0153818130493","https://www.genecards.org/cgi-bin/carddisp.pl?gene=CLTC"
"MIR218-1","MicroRNA 218-1","RNA Gene","","26","GC04P034393","13.0016174316406","https://www.genecards.org/cgi-bin/carddisp.pl?gene=MIR218-1"
"IL22","Interleukin 22","Protein Coding","Q9GZX6","54","GC12M068248","12.9967727661133","https://www.genecards.org/cgi-bin/carddisp.pl?gene=IL22"
"SFPQ","Splicing Factor Proline And Glutamine Rich","Protein Coding","P23246","55","GC01M035176","12.9946374893188","https://www.genecards.org/cgi-bin/carddisp.pl?gene=SFPQ"
"MAP2K7","Mitogen-Activated Protein Kinase Kinase 7","Protein Coding","O14733","58","GC19P007903","12.9781579971313","https://www.genecards.org/cgi-bin/carddisp.pl?gene=MAP2K7"
"TARBP2","TARBP2 Subunit Of RISC Loading Complex","Protein Coding","Q15633","50","GC12P086879","12.9773168563843","https://www.genecards.org/cgi-bin/carddisp.pl?gene=TARBP2"
"FBP1","Fructose-Bisphosphatase 1","Protein Coding","P09467","61","GC09M094603","12.9751749038696","https://www.genecards.org/cgi-bin/carddisp.pl?gene=FBP1"
"PRDX3","Peroxiredoxin 3","Protein Coding","P30048","57","GC10M119167","12.9739904403687","https://www.genecards.org/cgi-bin/carddisp.pl?gene=PRDX3"
"SPIDR","Scaffold Protein Involved In DNA Repair","Protein Coding","Q14159","45","GC08P047260","12.9543323516846","https://www.genecards.org/cgi-bin/carddisp.pl?gene=SPIDR"
"ANKRD11","Ankyrin Repeat Domain Containing 11","Protein Coding","Q6UB99","49","GC16M089267","12.9523305892944","https://www.genecards.org/cgi-bin/carddisp.pl?gene=ANKRD11"
"CUL5","Cullin 5","Protein Coding","Q93034","55","GC11P108008","12.9483165740967","https://www.genecards.org/cgi-bin/carddisp.pl?gene=CUL5"
"NSD3","Nuclear Receptor Binding SET Domain Protein 3","Protein Coding","Q9BZ95","50","GC08M038269","12.9408531188965","https://www.genecards.org/cgi-bin/carddisp.pl?gene=NSD3"
"POR","Cytochrome P450 Oxidoreductase","Protein Coding","P16435","60","GC07P075899","12.9325428009033","https://www.genecards.org/cgi-bin/carddisp.pl?gene=POR"
"MIR1227","MicroRNA 1227","RNA Gene","","24","GC19M002234","12.926589012146","https://www.genecards.org/cgi-bin/carddisp.pl?gene=MIR1227"
"MAP3K2","Mitogen-Activated Protein Kinase Kinase Kinase 2","Protein Coding","Q9Y2U5","57","GC02M127298","12.9192380905151","https://www.genecards.org/cgi-bin/carddisp.pl?gene=MAP3K2"
"LAMB3","Laminin Subunit Beta 3","Protein Coding","Q13751","58","GC01M209614","12.9147548675537","https://www.genecards.org/cgi-bin/carddisp.pl?gene=LAMB3"
"LAPTM4B","Lysosomal Protein Transmembrane 4 Beta","Protein Coding","Q86VI4","47","GC08P097775","12.8964653015137","https://www.genecards.org/cgi-bin/carddisp.pl?gene=LAPTM4B"
"PTPRA","Protein Tyrosine Phosphatase Receptor Type A","Protein Coding","P18433","59","GC20P002864","12.8959331512451","https://www.genecards.org/cgi-bin/carddisp.pl?gene=PTPRA"
"MERTK","MER Proto-Oncogene, Tyrosine Kinase","Protein Coding","Q12866","63","GC02P111898","12.8883285522461","https://www.genecards.org/cgi-bin/carddisp.pl?gene=MERTK"
"EEF2K","Eukaryotic Elongation Factor 2 Kinase","Protein Coding","O00418","60","GC16P136463","12.8698320388794","https://www.genecards.org/cgi-bin/carddisp.pl?gene=EEF2K"
"MLANA","Melan-A","Protein Coding","Q16655","53","GC09P011262","12.8362197875977","https://www.genecards.org/cgi-bin/carddisp.pl?gene=MLANA"
"CBX5","Chromobox 5","Protein Coding","P45973","53","GC12M054230","12.8259105682373","https://www.genecards.org/cgi-bin/carddisp.pl?gene=CBX5"
"JAG2","Jagged Canonical Notch Ligand 2","Protein Coding","Q9Y219","57","GC14M105140","12.7957582473755","https://www.genecards.org/cgi-bin/carddisp.pl?gene=JAG2"
"CALD1","Caldesmon 1","Protein Coding","Q05682","55","GC07P170260","12.7875919342041","https://www.genecards.org/cgi-bin/carddisp.pl?gene=CALD1"
"ITGB6","Integrin Subunit Beta 6","Protein Coding","P18564","60","GC02M160099","12.7783517837524","https://www.genecards.org/cgi-bin/carddisp.pl?gene=ITGB6"
"HNRNPL","Heterogeneous Nuclear Ribonucleoprotein L","Protein Coding","P14866","52","GC19M038836","12.7769470214844","https://www.genecards.org/cgi-bin/carddisp.pl?gene=HNRNPL"
"IRAK1","Interleukin 1 Receptor Associated Kinase 1","Protein Coding","P51617","61","GC0XM154010","12.7700548171997","https://www.genecards.org/cgi-bin/carddisp.pl?gene=IRAK1"
"MARCKS","Myristoylated Alanine Rich Protein Kinase C Substrate","Protein Coding","P29966","52","GC06P113857","12.766450881958","https://www.genecards.org/cgi-bin/carddisp.pl?gene=MARCKS"
"EEF1G","Eukaryotic Translation Elongation Factor 1 Gamma","Protein Coding","P26641","51","GC11M146052","12.7652635574341","https://www.genecards.org/cgi-bin/carddisp.pl?gene=EEF1G"
"RPS11","Ribosomal Protein S11","Protein Coding","P62280","51","GC19P049496","12.756534576416","https://www.genecards.org/cgi-bin/carddisp.pl?gene=RPS11"
"THBD","Thrombomodulin","Protein Coding","P07204","58","GC20M023026","12.7502956390381","https://www.genecards.org/cgi-bin/carddisp.pl?gene=THBD"
"SRPK1","SRSF Protein Kinase 1","Protein Coding","Q96SB4","56","GC06M115094","12.7502145767212","https://www.genecards.org/cgi-bin/carddisp.pl?gene=SRPK1"
"HOXC6","Homeobox C6","Protein Coding","P09630","49","GC12P053990","12.7498016357422","https://www.genecards.org/cgi-bin/carddisp.pl?gene=HOXC6"
"GPRC5A","G Protein-Coupled Receptor Class C Group 5 Member A","Protein Coding","Q8NFJ5","51","GC12P012890","12.7361927032471","https://www.genecards.org/cgi-bin/carddisp.pl?gene=GPRC5A"
"TLN1","Talin 1","Protein Coding","Q9Y490","55","GC09M035696","12.7311487197876","https://www.genecards.org/cgi-bin/carddisp.pl?gene=TLN1"
"ACSL4","Acyl-CoA Synthetase Long Chain Family Member 4","Protein Coding","O60488","59","GC0XM109624","12.72922706604","https://www.genecards.org/cgi-bin/carddisp.pl?gene=ACSL4"
"XPO5","Exportin 5","Protein Coding","Q9HAV4","52","GC06M043522","12.7270555496216","https://www.genecards.org/cgi-bin/carddisp.pl?gene=XPO5"
"SF1","Splicing Factor 1","Protein Coding","Q15637","50","GC11M064764","12.7262678146362","https://www.genecards.org/cgi-bin/carddisp.pl?gene=SF1"
"LGR6","Leucine Rich Repeat Containing G Protein-Coupled Receptor 6","Protein Coding","Q9HBX8","52","GC01P202193","12.721230506897","https://www.genecards.org/cgi-bin/carddisp.pl?gene=LGR6"
"KDM2A","Lysine Demethylase 2A","Protein Coding","Q9Y2K7","51","GC11P067119","12.7166166305542","https://www.genecards.org/cgi-bin/carddisp.pl?gene=KDM2A"
"TACR1","Tachykinin Receptor 1","Protein Coding","P25103","59","GC02M075992","12.7161836624146","https://www.genecards.org/cgi-bin/carddisp.pl?gene=TACR1"
"CAMKK2","Calcium/Calmodulin Dependent Protein Kinase Kinase 2","Protein Coding","Q96RR4","60","GC12M125318","12.7079648971558","https://www.genecards.org/cgi-bin/carddisp.pl?gene=CAMKK2"
"FMR1","Fragile X Messenger Ribonucleoprotein 1","Protein Coding","Q06787","56","GC0XP148000","12.7077293395996","https://www.genecards.org/cgi-bin/carddisp.pl?gene=FMR1"
"NTF3","Neurotrophin 3","Protein Coding","P20783","57","GC12P085679","12.6743040084839","https://www.genecards.org/cgi-bin/carddisp.pl?gene=NTF3"
"KL","Klotho","Protein Coding","Q9UEF7","60","GC13P033016","12.6726045608521","https://www.genecards.org/cgi-bin/carddisp.pl?gene=KL"
"GINS2","GINS Complex Subunit 2","Protein Coding","Q9Y248","47","GC16M085676","12.6715536117554","https://www.genecards.org/cgi-bin/carddisp.pl?gene=GINS2"
"IRX5","Iroquois Homeobox 5","Protein Coding","P78411","51","GC16P054930","12.6696424484253","https://www.genecards.org/cgi-bin/carddisp.pl?gene=IRX5"
"MAT2A","Methionine Adenosyltransferase 2A","Protein Coding","P31153","60","GC02P101967","12.658182144165","https://www.genecards.org/cgi-bin/carddisp.pl?gene=MAT2A"
"DIS3","DIS3 Exosome Endoribonuclease And 3''''-5'''' Exoribonuclease","Protein Coding","Q9Y2L1","52","GC13M072752","12.6542434692383","https://www.genecards.org/cgi-bin/carddisp.pl?gene=DIS3"
"CTHRC1","Collagen Triple Helix Repeat Containing 1","Protein Coding","Q96CG8","51","GC08P103371","12.6435222625732","https://www.genecards.org/cgi-bin/carddisp.pl?gene=CTHRC1"
"RFC3","Replication Factor C Subunit 3","Protein Coding","P40938","51","GC13P033818","12.6367959976196","https://www.genecards.org/cgi-bin/carddisp.pl?gene=RFC3"
"PLA2G6","Phospholipase A2 Group VI","Protein Coding","O60733","60","GC22M092367","12.6272325515747","https://www.genecards.org/cgi-bin/carddisp.pl?gene=PLA2G6"
"RPL10","Ribosomal Protein L10","Protein Coding","P27635","57","GC0XP154389","12.6088762283325","https://www.genecards.org/cgi-bin/carddisp.pl?gene=RPL10"
"UBA2","Ubiquitin Like Modifier Activating Enzyme 2","Protein Coding","Q9UBT2","55","GC19P034428","12.6071281433105","https://www.genecards.org/cgi-bin/carddisp.pl?gene=UBA2"
"EEF1A2","Eukaryotic Translation Elongation Factor 1 Alpha 2","Protein Coding","Q05639","59","GC20M063479","12.6028470993042","https://www.genecards.org/cgi-bin/carddisp.pl?gene=EEF1A2"
"POLR2A","RNA Polymerase II Subunit A","Protein Coding","P24928","56","GC17P174534","12.5882406234741","https://www.genecards.org/cgi-bin/carddisp.pl?gene=POLR2A"
"ESM1","Endothelial Cell Specific Molecule 1","Protein Coding","Q9NQ30","50","GC05M054977","12.584433555603","https://www.genecards.org/cgi-bin/carddisp.pl?gene=ESM1"
"S100A11","S100 Calcium Binding Protein A11","Protein Coding","P31949","54","GC01M152032","12.5823926925659","https://www.genecards.org/cgi-bin/carddisp.pl?gene=S100A11"
"ACKR1","Atypical Chemokine Receptor 1 (Duffy Blood Group)","Protein Coding","Q16570","54","GC01P183896","12.575831413269","https://www.genecards.org/cgi-bin/carddisp.pl?gene=ACKR1"
"CXCL16","C-X-C Motif Chemokine Ligand 16","Protein Coding","Q9H2A7","50","GC17M004733","12.570520401001","https://www.genecards.org/cgi-bin/carddisp.pl?gene=CXCL16"
"TRPV1","Transient Receptor Potential Cation Channel Subfamily V Member 1","Protein Coding","Q8NER1","61","GC17M003565","12.560754776001","https://www.genecards.org/cgi-bin/carddisp.pl?gene=TRPV1"
"MIR493","MicroRNA 493","RNA Gene","","28","GC14P123661","12.5559158325195","https://www.genecards.org/cgi-bin/carddisp.pl?gene=MIR493"
"RPS26","Ribosomal Protein S26","Protein Coding","P62854","54","GC12P087010","12.5492715835571","https://www.genecards.org/cgi-bin/carddisp.pl?gene=RPS26"
"ITPR3","Inositol 1,4,5-Trisphosphate Receptor Type 3","Protein Coding","Q14573","58","GC06P033620","12.5373992919922","https://www.genecards.org/cgi-bin/carddisp.pl?gene=ITPR3"
"RPS17","Ribosomal Protein S17","Protein Coding","P08708","54","GC15M082536","12.5258350372314","https://www.genecards.org/cgi-bin/carddisp.pl?gene=RPS17"
"CPT1A","Carnitine Palmitoyltransferase 1A","Protein Coding","P50416","61","GC11M068754","12.5244398117065","https://www.genecards.org/cgi-bin/carddisp.pl?gene=CPT1A"
"USP22","Ubiquitin Specific Peptidase 22","Protein Coding","Q9UPT9","52","GC17M020999","12.5136070251465","https://www.genecards.org/cgi-bin/carddisp.pl?gene=USP22"
"BRD7","Bromodomain Containing 7","Protein Coding","Q9NPI1","53","GC16M050313","12.5004558563232","https://www.genecards.org/cgi-bin/carddisp.pl?gene=BRD7"
"IRF7","Interferon Regulatory Factor 7","Protein Coding","Q92985","59","GC11M000612","12.4962530136108","https://www.genecards.org/cgi-bin/carddisp.pl?gene=IRF7"
"RAPH1","Ras Association (RalGDS/AF-6) And Pleckstrin Homology Domains 1","Protein Coding","Q70E73","46","GC02M203394","12.4927339553833","https://www.genecards.org/cgi-bin/carddisp.pl?gene=RAPH1"
"FGF13","Fibroblast Growth Factor 13","Protein Coding","Q92913","55","GC0XM138615","12.4919290542603","https://www.genecards.org/cgi-bin/carddisp.pl?gene=FGF13"
"HDGF","Heparin Binding Growth Factor","Protein Coding","P51858","51","GC01M169854","12.4839181900024","https://www.genecards.org/cgi-bin/carddisp.pl?gene=HDGF"
"HOXB2","Homeobox B2","Protein Coding","P14652","48","GC17M048540","12.4822912216187","https://www.genecards.org/cgi-bin/carddisp.pl?gene=HOXB2"
"MIR545","MicroRNA 545","RNA Gene","","23","GC0XM074287","12.4740715026855","https://www.genecards.org/cgi-bin/carddisp.pl?gene=MIR545"
"H1-4","H1.4 Linker Histone, Cluster Member","Protein Coding","P10412","53","GC06P202362","12.4736347198486","https://www.genecards.org/cgi-bin/carddisp.pl?gene=H1-4"
"MIR124-2","MicroRNA 124-2","RNA Gene","","25","GC08P064379","12.4720849990845","https://www.genecards.org/cgi-bin/carddisp.pl?gene=MIR124-2"
"CHD3","Chromodomain Helicase DNA Binding Protein 3","Protein Coding","Q12873","55","GC17P174551","12.4574632644653","https://www.genecards.org/cgi-bin/carddisp.pl?gene=CHD3"
"RSF1","Remodeling And Spacing Factor 1","Protein Coding","Q96T23","47","GC11M146548","12.4551630020142","https://www.genecards.org/cgi-bin/carddisp.pl?gene=RSF1"
"KDM2B","Lysine Demethylase 2B","Protein Coding","Q8NHM5","55","GC12M125320","12.4440326690674","https://www.genecards.org/cgi-bin/carddisp.pl?gene=KDM2B"
"TPM3","Tropomyosin 3","Protein Coding","P06753","58","GC01M154155","12.439395904541","https://www.genecards.org/cgi-bin/carddisp.pl?gene=TPM3"
"PARN","Poly(A)-Specific Ribonuclease","Protein Coding","O95453","55","GC16M014435","12.4330635070801","https://www.genecards.org/cgi-bin/carddisp.pl?gene=PARN"
"KLK1","Kallikrein 1","Protein Coding","P06870","58","GC19M050819","12.4306192398071","https://www.genecards.org/cgi-bin/carddisp.pl?gene=KLK1"
"PRKD3","Protein Kinase D3","Protein Coding","O94806","57","GC02M037251","12.4269866943359","https://www.genecards.org/cgi-bin/carddisp.pl?gene=PRKD3"
"HYOU1","Hypoxia Up-Regulated 1","Protein Coding","Q9Y4L1","57","GC11M147049","12.4105463027954","https://www.genecards.org/cgi-bin/carddisp.pl?gene=HYOU1"
"KRT1","Keratin 1","Protein Coding","P04264","60","GC12M052674","12.4013977050781","https://www.genecards.org/cgi-bin/carddisp.pl?gene=KRT1"
"PNKP","Polynucleotide Kinase 3''-Phosphatase","Protein Coding","Q96T60","58","GC19M116592","12.4013681411743","https://www.genecards.org/cgi-bin/carddisp.pl?gene=PNKP"
"NEDD4L","NEDD4 Like E3 Ubiquitin Protein Ligase","Protein Coding","Q96PU5","57","GC18P058044","12.3964052200317","https://www.genecards.org/cgi-bin/carddisp.pl?gene=NEDD4L"
"RALB","RAS Like Proto-Oncogene B","Protein Coding","P11234","55","GC02P120240","12.3948373794556","https://www.genecards.org/cgi-bin/carddisp.pl?gene=RALB"
"MRAS","Muscle RAS Oncogene Homolog","Protein Coding","O14807","56","GC03P138347","12.3945970535278","https://www.genecards.org/cgi-bin/carddisp.pl?gene=MRAS"
"LMNB1","Lamin B1","Protein Coding","P20700","58","GC05P126776","12.394248008728","https://www.genecards.org/cgi-bin/carddisp.pl?gene=LMNB1"
"ESRP1","Epithelial Splicing Regulatory Protein 1","Protein Coding","Q6NXG1","49","GC08P095974","12.3905096054077","https://www.genecards.org/cgi-bin/carddisp.pl?gene=ESRP1"
"CHD1L","Chromodomain Helicase DNA Binding Protein 1 Like","Protein Coding","Q86WJ1","52","GC01P183259","12.3884105682373","https://www.genecards.org/cgi-bin/carddisp.pl?gene=CHD1L"
"IRF2BP2","Interferon Regulatory Factor 2 Binding Protein 2","Protein Coding","Q7Z5L9","47","GC01M234604","12.3785037994385","https://www.genecards.org/cgi-bin/carddisp.pl?gene=IRF2BP2"
"SENP1","SUMO Specific Peptidase 1","Protein Coding","Q9P0U3","55","GC12M048042","12.3783655166626","https://www.genecards.org/cgi-bin/carddisp.pl?gene=SENP1"
"PPP1R10","Protein Phosphatase 1 Regulatory Subunit 10","Protein Coding","Q96QC0","52","GC06M030600","12.3778429031372","https://www.genecards.org/cgi-bin/carddisp.pl?gene=PPP1R10"
"PGM3","Phosphoglucomutase 3","Protein Coding","O95394","55","GC06M115622","12.3771419525146","https://www.genecards.org/cgi-bin/carddisp.pl?gene=PGM3"
"RPL27","Ribosomal Protein L27","Protein Coding","P61353","54","GC17P042998","12.3636417388916","https://www.genecards.org/cgi-bin/carddisp.pl?gene=RPL27"
"G3BP1","G3BP Stress Granule Assembly Factor 1","Protein Coding","Q13283","53","GC05P162763","12.3542032241821","https://www.genecards.org/cgi-bin/carddisp.pl?gene=G3BP1"
"LINC01569","Long Intergenic Non-Protein Coding RNA 1569","RNA Gene","","21","GC16M055336","12.3369884490967","https://www.genecards.org/cgi-bin/carddisp.pl?gene=LINC01569"
"CENPA","Centromere Protein A","Protein Coding","P49450","51","GC02P030724","12.3337497711182","https://www.genecards.org/cgi-bin/carddisp.pl?gene=CENPA"
"HNRNPD","Heterogeneous Nuclear Ribonucleoprotein D","Protein Coding","Q14103","55","GC04M082391","12.3126983642578","https://www.genecards.org/cgi-bin/carddisp.pl?gene=HNRNPD"
"SET","SET Nuclear Proto-Oncogene","Protein Coding","Q01105","55","GC09P160921","12.309100151062","https://www.genecards.org/cgi-bin/carddisp.pl?gene=SET"
"ATP2A2","ATPase Sarcoplasmic/Endoplasmic Reticulum Ca2+ Transporting 2","Protein Coding","P16615","63","GC12P110280","12.3085241317749","https://www.genecards.org/cgi-bin/carddisp.pl?gene=ATP2A2"
"PSMA1","Proteasome 20S Subunit Alpha 1","Protein Coding","P25786","55","GC11M018280","12.3017711639404","https://www.genecards.org/cgi-bin/carddisp.pl?gene=PSMA1"
"NEDD8","NEDD8 Ubiquitin Like Modifier","Protein Coding","Q15843","53","GC14M024216","12.2971086502075","https://www.genecards.org/cgi-bin/carddisp.pl?gene=NEDD8"
"LINC03137","Long Intergenic Non-Protein Coding RNA 3137","RNA Gene","","16","GC15M171437","12.2945499420166","https://www.genecards.org/cgi-bin/carddisp.pl?gene=LINC03137"
"SIPA1","Signal-Induced Proliferation-Associated 1","Protein Coding","Q96FS4","51","GC11P065638","12.2930364608765","https://www.genecards.org/cgi-bin/carddisp.pl?gene=SIPA1"
"SERPINH1","Serpin Family H Member 1","Protein Coding","P50454","59","GC11P130650","12.2872829437256","https://www.genecards.org/cgi-bin/carddisp.pl?gene=SERPINH1"
"CHD2","Chromodomain Helicase DNA Binding Protein 2","Protein Coding","O14647","57","GC15P211530","12.2829093933105","https://www.genecards.org/cgi-bin/carddisp.pl?gene=CHD2"
"STRBP","Spermatid Perinuclear RNA Binding Protein","Protein Coding","Q96SI9","47","GC09M134545","12.2684240341187","https://www.genecards.org/cgi-bin/carddisp.pl?gene=STRBP"
"BHLHE41","Basic Helix-Loop-Helix Family Member E41","Protein Coding","Q9C0J9","49","GC12M026120","12.2637252807617","https://www.genecards.org/cgi-bin/carddisp.pl?gene=BHLHE41"
"SETD1A","SET Domain Containing 1A, Histone Lysine Methyltransferase","Protein Coding","O15047","53","GC16P136839","12.259711265564","https://www.genecards.org/cgi-bin/carddisp.pl?gene=SETD1A"
"MIR92B","MicroRNA 92b","RNA Gene","","27","GC01P155195","12.2553958892822","https://www.genecards.org/cgi-bin/carddisp.pl?gene=MIR92B"
"CAVIN3","Caveolae Associated Protein 3","Protein Coding","Q969G5","48","GC11M016799","12.2539281845093","https://www.genecards.org/cgi-bin/carddisp.pl?gene=CAVIN3"
"BPTF","Bromodomain PHD Finger Transcription Factor","Protein Coding","Q12830","54","GC17P067825","12.2365388870239","https://www.genecards.org/cgi-bin/carddisp.pl?gene=BPTF"
"KIF14","Kinesin Family Member 14","Protein Coding","Q15058","52","GC01M200551","12.2316884994507","https://www.genecards.org/cgi-bin/carddisp.pl?gene=KIF14"
"SHMT2","Serine Hydroxymethyltransferase 2","Protein Coding","P34897","58","GC12P087086","12.2292184829712","https://www.genecards.org/cgi-bin/carddisp.pl?gene=SHMT2"
"NUP93","Nucleoporin 93","Protein Coding","Q8N1F7","50","GC16P137371","12.2250804901123","https://www.genecards.org/cgi-bin/carddisp.pl?gene=NUP93"
"KRT15","Keratin 15","Protein Coding","P19012","51","GC17M041513","12.2086963653564","https://www.genecards.org/cgi-bin/carddisp.pl?gene=KRT15"
"TLK1","Tousled Like Kinase 1","Protein Coding","Q9UKI8","53","GC02M170990","12.2060613632202","https://www.genecards.org/cgi-bin/carddisp.pl?gene=TLK1"
"PRDX6","Peroxiredoxin 6","Protein Coding","P30041","59","GC01P184417","12.200234413147","https://www.genecards.org/cgi-bin/carddisp.pl?gene=PRDX6"
"MAGED1","MAGE Family Member D1","Protein Coding","Q9Y5V3","52","GC0XP051803","12.185097694397","https://www.genecards.org/cgi-bin/carddisp.pl?gene=MAGED1"
"NOD1","Nucleotide Binding Oligomerization Domain Containing 1","Protein Coding","Q9Y239","55","GC07M030424","12.172399520874","https://www.genecards.org/cgi-bin/carddisp.pl?gene=NOD1"
"CREB3L4","CAMP Responsive Element Binding Protein 3 Like 4","Protein Coding","Q8TEY5","48","GC01P183632","12.1619186401367","https://www.genecards.org/cgi-bin/carddisp.pl?gene=CREB3L4"
"MZF1","Myeloid Zinc Finger 1","Protein Coding","P28698","44","GC19M116982","12.1575403213501","https://www.genecards.org/cgi-bin/carddisp.pl?gene=MZF1"
"SIK2","Salt Inducible Kinase 2","Protein Coding","Q9H0K1","58","GC11P131489","12.1274271011353","https://www.genecards.org/cgi-bin/carddisp.pl?gene=SIK2"
"EXOSC2","Exosome Component 2","Protein Coding","Q13868","54","GC09P130693","12.1112852096558","https://www.genecards.org/cgi-bin/carddisp.pl?gene=EXOSC2"
"LPL","Lipoprotein Lipase","Protein Coding","P06858","63","GC08P019901","12.1083326339722","https://www.genecards.org/cgi-bin/carddisp.pl?gene=LPL"
"SKI","SKI Proto-Oncogene","Protein Coding","P12755","57","GC01P091478","12.1002807617188","https://www.genecards.org/cgi-bin/carddisp.pl?gene=SKI"
"RPRM","Reprimo, TP53 Dependent G2 Arrest Mediator Homolog","Protein Coding","Q9NS64","45","GC02M153477","12.089545249939","https://www.genecards.org/cgi-bin/carddisp.pl?gene=RPRM"
"RNF135","Ring Finger Protein 135","Protein Coding","Q8IUD6","52","GC17P030958","12.0891466140747","https://www.genecards.org/cgi-bin/carddisp.pl?gene=RNF135"
"RFC1","Replication Factor C Subunit 1","Protein Coding","P35251","58","GC04M039291","12.0879287719727","https://www.genecards.org/cgi-bin/carddisp.pl?gene=RFC1"
"RPS3","Ribosomal Protein S3","Protein Coding","P23396","54","GC11P130648","12.0813980102539","https://www.genecards.org/cgi-bin/carddisp.pl?gene=RPS3"
"RPL35","Ribosomal Protein L35","Protein Coding","P42766","56","GC09M124857","12.0725402832031","https://www.genecards.org/cgi-bin/carddisp.pl?gene=RPL35"
"LINC00908","Long Intergenic Non-Protein Coding RNA 908","RNA Gene","","23","GC18P076528","12.0551538467407","https://www.genecards.org/cgi-bin/carddisp.pl?gene=LINC00908"
"MIR519D","MicroRNA 519d","RNA Gene","","26","GC19P053713","12.0436420440674","https://www.genecards.org/cgi-bin/carddisp.pl?gene=MIR519D"
"CDCA7","Cell Division Cycle Associated 7","Protein Coding","Q9BWT1","50","GC02P173354","12.0390043258667","https://www.genecards.org/cgi-bin/carddisp.pl?gene=CDCA7"
"RBBP7","RB Binding Protein 7, Chromatin Remodeling Factor","Protein Coding","Q16576","52","GC0XM016839","12.0380144119263","https://www.genecards.org/cgi-bin/carddisp.pl?gene=RBBP7"
"HJURP","Holliday Junction Recognition Protein","Protein Coding","Q8NCD3","48","GC02M233908","12.020941734314","https://www.genecards.org/cgi-bin/carddisp.pl?gene=HJURP"
"TCOF1","Treacle Ribosome Biogenesis Factor 1","Protein Coding","Q13428","53","GC05P162713","12.0061178207397","https://www.genecards.org/cgi-bin/carddisp.pl?gene=TCOF1"
"TUSC2","Tumor Suppressor 2, Mitochondrial Calcium Regulator","Protein Coding","O75896","42","GC03M055368","11.9907636642456","https://www.genecards.org/cgi-bin/carddisp.pl?gene=TUSC2"
"MIR16-2","MicroRNA 16-2","RNA Gene","","27","GC03P160418","11.9823541641235","https://www.genecards.org/cgi-bin/carddisp.pl?gene=MIR16-2"
"TGFBI","Transforming Growth Factor Beta Induced","Protein Coding","Q15582","57","GC05P136314","11.9647789001465","https://www.genecards.org/cgi-bin/carddisp.pl?gene=TGFBI"
"SND1","Staphylococcal Nuclease And Tudor Domain Containing 1","Protein Coding","Q7KZF4","50","GC07P127652","11.9563827514648","https://www.genecards.org/cgi-bin/carddisp.pl?gene=SND1"
"KCNH4","Potassium Voltage-Gated Channel Subfamily H Member 4","Protein Coding","Q9UQ05","47","GC17M104752","11.9560174942017","https://www.genecards.org/cgi-bin/carddisp.pl?gene=KCNH4"
"TNFSF9","TNF Superfamily Member 9","Protein Coding","P41273","50","GC19P006531","11.9480104446411","https://www.genecards.org/cgi-bin/carddisp.pl?gene=TNFSF9"
"BAG6","BAG Cochaperone 6","Protein Coding","P46379","50","GC06M114960","11.9434804916382","https://www.genecards.org/cgi-bin/carddisp.pl?gene=BAG6"
"PRKCZ","Protein Kinase C Zeta","Protein Coding","Q05513","61","GC01P091475","11.9415521621704","https://www.genecards.org/cgi-bin/carddisp.pl?gene=PRKCZ"
"PSMB9","Proteasome 20S Subunit Beta 9","Protein Coding","P28065","59","GC06P199560","11.9411563873291","https://www.genecards.org/cgi-bin/carddisp.pl?gene=PSMB9"
"NAT10","N-Acetyltransferase 10","Protein Coding","Q9H0A0","50","GC11P034105","11.9339504241943","https://www.genecards.org/cgi-bin/carddisp.pl?gene=NAT10"
"TOB1","Transducer Of ERBB2, 1","Protein Coding","P50616","51","GC17M050862","11.9317712783813","https://www.genecards.org/cgi-bin/carddisp.pl?gene=TOB1"
"CBX2","Chromobox 2","Protein Coding","Q14781","52","GC17P176510","11.9284677505493","https://www.genecards.org/cgi-bin/carddisp.pl?gene=CBX2"
"S100A10","S100 Calcium Binding Protein A10","Protein Coding","P60903","57","GC01M169645","11.8945426940918","https://www.genecards.org/cgi-bin/carddisp.pl?gene=S100A10"
"ACTG1","Actin Gamma 1","Protein Coding","P63261","61","GC17M081509","11.8864755630493","https://www.genecards.org/cgi-bin/carddisp.pl?gene=ACTG1"
"CKMT2-AS1","CKMT2 Antisense RNA 1","RNA Gene","","22","GC05M082922","11.8862943649292","https://www.genecards.org/cgi-bin/carddisp.pl?gene=CKMT2-AS1"
"DHRS4-AS1","DHRS4 Antisense RNA 1","RNA Gene","Q9P1J3","27","GC14M023938","11.879638671875","https://www.genecards.org/cgi-bin/carddisp.pl?gene=DHRS4-AS1"
"RPL19","Ribosomal Protein L19","Protein Coding","P84098","53","GC17P039200","11.8789653778076","https://www.genecards.org/cgi-bin/carddisp.pl?gene=RPL19"
"PORCN","Porcupine O-Acyltransferase","Protein Coding","Q9H237","54","GC0XP062517","11.8784770965576","https://www.genecards.org/cgi-bin/carddisp.pl?gene=PORCN"
"NACC1","Nucleus Accumbens Associated 1","Protein Coding","Q96RE7","50","GC19P171076","11.8781967163086","https://www.genecards.org/cgi-bin/carddisp.pl?gene=NACC1"
"WNT5B","Wnt Family Member 5B","Protein Coding","Q9H1J7","55","GC12P001529","11.8610897064209","https://www.genecards.org/cgi-bin/carddisp.pl?gene=WNT5B"
"BCL9L","BCL9 Like","Protein Coding","Q86UU0","45","GC11M118893","11.8536720275879","https://www.genecards.org/cgi-bin/carddisp.pl?gene=BCL9L"
"SMARCC1","SWI/SNF Related BAF Chromatin Remodeling Complex Subunit C1","Protein Coding","Q92922","56","GC03M047585","11.852991104126","https://www.genecards.org/cgi-bin/carddisp.pl?gene=SMARCC1"
"RPS7","Ribosomal Protein S7","Protein Coding","P62081","52","GC02P003575","11.827467918396","https://www.genecards.org/cgi-bin/carddisp.pl?gene=RPS7"
"WWP1","WW Domain Containing E3 Ubiquitin Protein Ligase 1","Protein Coding","Q9H0M0","50","GC08P086342","11.8242654800415","https://www.genecards.org/cgi-bin/carddisp.pl?gene=WWP1"
"TBP","TATA-Box Binding Protein","Protein Coding","P20226","61","GC06P170554","11.8182582855225","https://www.genecards.org/cgi-bin/carddisp.pl?gene=TBP"
"KRT4","Keratin 4","Protein Coding","P19013","54","GC12M052806","11.8126697540283","https://www.genecards.org/cgi-bin/carddisp.pl?gene=KRT4"
"RPL10A","Ribosomal Protein L10a","Protein Coding","P62906","55","GC06P199641","11.8015747070313","https://www.genecards.org/cgi-bin/carddisp.pl?gene=RPL10A"
"MIR1-2","MicroRNA 1-2","RNA Gene","","24","GC18M040126","11.8015432357788","https://www.genecards.org/cgi-bin/carddisp.pl?gene=MIR1-2"
"FER","FER Tyrosine Kinase","Protein Coding","P16591","58","GC05P108747","11.798565864563","https://www.genecards.org/cgi-bin/carddisp.pl?gene=FER"
"OGT","O-Linked N-Acetylglucosamine (GlcNAc) Transferase","Protein Coding","O15294","58","GC0XP072499","11.7913084030151","https://www.genecards.org/cgi-bin/carddisp.pl?gene=OGT"
"SNW1","SNW Domain Containing 1","Protein Coding","Q13573","54","GC14M077717","11.7900667190552","https://www.genecards.org/cgi-bin/carddisp.pl?gene=SNW1"
"SERBP1","SERPINE1 MRNA Binding Protein 1","Protein Coding","Q8NC51","42","GC01M067407","11.7678689956665","https://www.genecards.org/cgi-bin/carddisp.pl?gene=SERBP1"
"SMARCD1","SWI/SNF Related BAF Chromatin Remodeling Complex Subunit D1","Protein Coding","Q96GM5","53","GC12P050085","11.7663812637329","https://www.genecards.org/cgi-bin/carddisp.pl?gene=SMARCD1"
"SATB2","SATB Homeobox 2","Protein Coding","Q9UPW6","56","GC02M199269","11.7557001113892","https://www.genecards.org/cgi-bin/carddisp.pl?gene=SATB2"
"TAB2","TGF-Beta Activated Kinase 1 (MAP3K7) Binding Protein 2","Protein Coding","Q9NYJ8","60","GC06P201182","11.7531318664551","https://www.genecards.org/cgi-bin/carddisp.pl?gene=TAB2"
"NUPR1","Nuclear Protein 1, Transcriptional Regulator","Protein Coding","O60356","42","GC16M028532","11.7526617050171","https://www.genecards.org/cgi-bin/carddisp.pl?gene=NUPR1"
"TNKS2","Tankyrase 2","Protein Coding","Q9H2K2","57","GC10P091798","11.751277923584","https://www.genecards.org/cgi-bin/carddisp.pl?gene=TNKS2"
"TRPM7","Transient Receptor Potential Cation Channel Subfamily M Member 7","Protein Coding","Q96QT4","55","GC15M050552","11.7322225570679","https://www.genecards.org/cgi-bin/carddisp.pl?gene=TRPM7"
"FAM201A","Family With Sequence Similarity 201 Member A","RNA Gene","Q5SY85","29","GC09P038620","11.7317180633545","https://www.genecards.org/cgi-bin/carddisp.pl?gene=FAM201A"
"RPL31","Ribosomal Protein L31","Protein Coding","P62899","53","GC02P102672","11.7278671264648","https://www.genecards.org/cgi-bin/carddisp.pl?gene=RPL31"
"KIF23","Kinesin Family Member 23","Protein Coding","Q02241","56","GC15P069414","11.7214260101318","https://www.genecards.org/cgi-bin/carddisp.pl?gene=KIF23"
"BRD9","Bromodomain Containing 9","Protein Coding","Q9H8M2","51","GC05M002700","11.7158422470093","https://www.genecards.org/cgi-bin/carddisp.pl?gene=BRD9"
"IFNAR1","Interferon Alpha And Beta Receptor Subunit 1","Protein Coding","P17181","61","GC21P033324","11.6848974227905","https://www.genecards.org/cgi-bin/carddisp.pl?gene=IFNAR1"
"MIR654","MicroRNA 654","RNA Gene","","28","GC14P123669","11.6669292449951","https://www.genecards.org/cgi-bin/carddisp.pl?gene=MIR654"
"MDH2","Malate Dehydrogenase 2","Protein Coding","P40926","60","GC07P076048","11.6625785827637","https://www.genecards.org/cgi-bin/carddisp.pl?gene=MDH2"
"RIPK3","Receptor Interacting Serine/Threonine Kinase 3","Protein Coding","Q9Y572","56","GC14M024336","11.6552743911743","https://www.genecards.org/cgi-bin/carddisp.pl?gene=RIPK3"
"PDHA1","Pyruvate Dehydrogenase E1 Subunit Alpha 1","Protein Coding","P08559","60","GC0XP019343","11.6493425369263","https://www.genecards.org/cgi-bin/carddisp.pl?gene=PDHA1"
"MEF2C","Myocyte Enhancer Factor 2C","Protein Coding","Q06413","61","GC05M088718","11.645788192749","https://www.genecards.org/cgi-bin/carddisp.pl?gene=MEF2C"
"SLC16A3","Solute Carrier Family 16 Member 3","Protein Coding","O15427","57","GC17P082217","11.6329517364502","https://www.genecards.org/cgi-bin/carddisp.pl?gene=SLC16A3"
"LAMP2","Lysosomal Associated Membrane Protein 2","Protein Coding","P13473","57","GC0XM120426","11.6309080123901","https://www.genecards.org/cgi-bin/carddisp.pl?gene=LAMP2"
"H1-2","H1.2 Linker Histone, Cluster Member","Protein Coding","P16403","52","GC06M114588","11.6298837661743","https://www.genecards.org/cgi-bin/carddisp.pl?gene=H1-2"
"THOC5","THO Complex Subunit 5","Protein Coding","Q13769","47","GC22M029505","11.6260929107666","https://www.genecards.org/cgi-bin/carddisp.pl?gene=THOC5"
"TBXT","T-Box Transcription Factor T","Protein Coding","O15178","57","GC06M166158","11.6228485107422","https://www.genecards.org/cgi-bin/carddisp.pl?gene=TBXT"
"FOXK2","Forkhead Box K2","Protein Coding","Q01167","46","GC17P082519","11.622486114502","https://www.genecards.org/cgi-bin/carddisp.pl?gene=FOXK2"
"CACYBP","Calcyclin Binding Protein","Protein Coding","Q9HB71","48","GC01P184466","11.6210250854492","https://www.genecards.org/cgi-bin/carddisp.pl?gene=CACYBP"
"SYVN1","Synoviolin 1","Protein Coding","Q86TM6","52","GC11M146164","11.6179494857788","https://www.genecards.org/cgi-bin/carddisp.pl?gene=SYVN1"
"RPL22","Ribosomal Protein L22","Protein Coding","P35268","52","GC01M039786","11.6084203720093","https://www.genecards.org/cgi-bin/carddisp.pl?gene=RPL22"
"SLFN11","Schlafen Family Member 11","Protein Coding","Q7Z7L1","46","GC17M035350","11.6064443588257","https://www.genecards.org/cgi-bin/carddisp.pl?gene=SLFN11"
"TNFRSF12A","TNF Receptor Superfamily Member 12A","Protein Coding","Q9NP84","55","GC16P003018","11.5745191574097","https://www.genecards.org/cgi-bin/carddisp.pl?gene=TNFRSF12A"
"MYCNOS","MYCN Opposite Strand","RNA Gene","P40205","33","GC02M015918","11.5495948791504","https://www.genecards.org/cgi-bin/carddisp.pl?gene=MYCNOS"
"IMPDH2","Inosine Monophosphate Dehydrogenase 2","Protein Coding","P12268","60","GC03M055277","11.543683052063","https://www.genecards.org/cgi-bin/carddisp.pl?gene=IMPDH2"
"CBX7","Chromobox 7","Protein Coding","O95931","46","GC22M090750","11.5272407531738","https://www.genecards.org/cgi-bin/carddisp.pl?gene=CBX7"
"ALOX15","Arachidonate 15-Lipoxygenase","Protein Coding","P16050","58","GC17M004630","11.5258359909058","https://www.genecards.org/cgi-bin/carddisp.pl?gene=ALOX15"
"RPL8","Ribosomal Protein L8","Protein Coding","P62917","51","GC08M147822","11.5000381469727","https://www.genecards.org/cgi-bin/carddisp.pl?gene=RPL8"
"CANX","Calnexin","Protein Coding","P27824","58","GC05P179678","11.4987440109253","https://www.genecards.org/cgi-bin/carddisp.pl?gene=CANX"
"ARID5B","AT-Rich Interaction Domain 5B","Protein Coding","Q14865","52","GC10P061901","11.4636106491089","https://www.genecards.org/cgi-bin/carddisp.pl?gene=ARID5B"
"ASNS","Asparagine Synthetase (Glutamine-Hydrolyzing)","Protein Coding","P08243","58","GC07M097854","11.4608287811279","https://www.genecards.org/cgi-bin/carddisp.pl?gene=ASNS"
"DMAP1","DNA Methyltransferase 1 Associated Protein 1","Protein Coding","Q9NPF5","50","GC01P094980","11.4586210250854","https://www.genecards.org/cgi-bin/carddisp.pl?gene=DMAP1"
"DPM1","Dolichyl-Phosphate Mannosyltransferase Subunit 1, Catalytic","Protein Coding","O60762","55","GC20M050934","11.453010559082","https://www.genecards.org/cgi-bin/carddisp.pl?gene=DPM1"
"CCR3","C-C Motif Chemokine Receptor 3","Protein Coding","P51677","59","GC03P069061","11.4437646865845","https://www.genecards.org/cgi-bin/carddisp.pl?gene=CCR3"
"ASAP1","ArfGAP With SH3 Domain, Ankyrin Repeat And PH Domain 1","Protein Coding","Q9ULH1","51","GC08M130052","11.4424562454224","https://www.genecards.org/cgi-bin/carddisp.pl?gene=ASAP1"
"CBR1","Carbonyl Reductase 1","Protein Coding","P16152","57","GC21P036069","11.4311017990112","https://www.genecards.org/cgi-bin/carddisp.pl?gene=CBR1"
"TRE-TTC3-1","TRNA-Glu (Anticodon TTC) 3-1","RNA Gene","","16","GC01P092347","11.4098539352417","https://www.genecards.org/cgi-bin/carddisp.pl?gene=TRE-TTC3-1"
"TP53INP1","Tumor Protein P53 Inducible Nuclear Protein 1","Protein Coding","Q96A56","46","GC08M094925","11.4035415649414","https://www.genecards.org/cgi-bin/carddisp.pl?gene=TP53INP1"
"ATIC","5-Aminoimidazole-4-Carboxamide Ribonucleotide Formyltransferase/IMP Cyclohydrolase","Protein Coding","P31939","58","GC02P215311","11.4021244049072","https://www.genecards.org/cgi-bin/carddisp.pl?gene=ATIC"
"P4HB","Prolyl 4-Hydroxylase Subunit Beta","Protein Coding","P07237","62","GC17M081843","11.4003162384033","https://www.genecards.org/cgi-bin/carddisp.pl?gene=P4HB"
"E2F6","E2F Transcription Factor 6","Protein Coding","O75461","51","GC02M011679","11.3972930908203","https://www.genecards.org/cgi-bin/carddisp.pl?gene=E2F6"
"KIFC1","Kinesin Family Member C1","Protein Coding","Q9BW19","50","GC06P033391","11.3967256546021","https://www.genecards.org/cgi-bin/carddisp.pl?gene=KIFC1"
"PPP1CA","Protein Phosphatase 1 Catalytic Subunit Alpha","Protein Coding","P62136","61","GC11M146268","11.3925342559814","https://www.genecards.org/cgi-bin/carddisp.pl?gene=PPP1CA"
"KRT6A","Keratin 6A","Protein Coding","P02538","54","GC12M053234","11.3876132965088","https://www.genecards.org/cgi-bin/carddisp.pl?gene=KRT6A"
"FZD5","Frizzled Class Receptor 5","Protein Coding","Q13467","59","GC02M207762","11.3800220489502","https://www.genecards.org/cgi-bin/carddisp.pl?gene=FZD5"
"SIRT5","Sirtuin 5","Protein Coding","Q9NXA8","58","GC06P013574","11.372275352478","https://www.genecards.org/cgi-bin/carddisp.pl?gene=SIRT5"
"ADAD2-AS1","ADAD2 Antisense RNA 1","RNA Gene","","17","GC16M084197","11.3705348968506","https://www.genecards.org/cgi-bin/carddisp.pl?gene=ADAD2-AS1"
"CHFR","Checkpoint With Forkhead And Ring Finger Domains","Protein Coding","Q96EP1","43","GC12M132822","11.3695850372314","https://www.genecards.org/cgi-bin/carddisp.pl?gene=CHFR"
"C1QBP","Complement C1q Binding Protein","Protein Coding","Q07021","57","GC17M005432","11.3622531890869","https://www.genecards.org/cgi-bin/carddisp.pl?gene=C1QBP"
"GIPC1","GIPC PDZ Domain Containing Family Member 1","Protein Coding","O14908","54","GC19M115807","11.3590049743652","https://www.genecards.org/cgi-bin/carddisp.pl?gene=GIPC1"
"KIF2C","Kinesin Family Member 2C","Protein Coding","Q99661","56","GC01P044739","11.3555030822754","https://www.genecards.org/cgi-bin/carddisp.pl?gene=KIF2C"
"SLC39A4","Solute Carrier Family 39 Member 4","Protein Coding","Q6P5W5","54","GC08M144409","11.3196468353271","https://www.genecards.org/cgi-bin/carddisp.pl?gene=SLC39A4"
"SMG6","SMG6 Nonsense Mediated MRNA Decay Factor","Protein Coding","Q86US8","50","GC17M002059","11.2874202728271","https://www.genecards.org/cgi-bin/carddisp.pl?gene=SMG6"
"COL10A1","Collagen Type X Alpha 1 Chain","Protein Coding","Q03692","53","GC06M116118","11.2640914916992","https://www.genecards.org/cgi-bin/carddisp.pl?gene=COL10A1"
"LINC01572","Long Intergenic Non-Protein Coding RNA 1572","RNA Gene","","23","GC16M076694","11.2635097503662","https://www.genecards.org/cgi-bin/carddisp.pl?gene=LINC01572"
"TNFSF13","TNF Superfamily Member 13","Protein Coding","O75888","56","GC17P007558","11.2610034942627","https://www.genecards.org/cgi-bin/carddisp.pl?gene=TNFSF13"
"EEF2","Eukaryotic Translation Elongation Factor 2","Protein Coding","P13639","61","GC19M003976","11.2595558166504","https://www.genecards.org/cgi-bin/carddisp.pl?gene=EEF2"
"HNRNPM","Heterogeneous Nuclear Ribonucleoprotein M","Protein Coding","P52272","52","GC19P008444","11.2590227127075","https://www.genecards.org/cgi-bin/carddisp.pl?gene=HNRNPM"
"LMNB2","Lamin B2","Protein Coding","Q03252","55","GC19M115370","11.2398271560669","https://www.genecards.org/cgi-bin/carddisp.pl?gene=LMNB2"
"USP14","Ubiquitin Specific Peptidase 14","Protein Coding","P54578","57","GC18P000158","11.2388858795166","https://www.genecards.org/cgi-bin/carddisp.pl?gene=USP14"
"KHSRP","KH-Type Splicing Regulatory Protein","Protein Coding","Q92945","54","GC19M006413","11.2384691238403","https://www.genecards.org/cgi-bin/carddisp.pl?gene=KHSRP"
"CPA4","Carboxypeptidase A4","Protein Coding","Q9UI42","53","GC07P130293","11.2264261245728","https://www.genecards.org/cgi-bin/carddisp.pl?gene=CPA4"
"PROCR","Protein C Receptor","Protein Coding","Q9UNN8","54","GC20P035171","11.2032642364502","https://www.genecards.org/cgi-bin/carddisp.pl?gene=PROCR"
"MIR509-1","MicroRNA 509-1","RNA Gene","","24","GC0XM147260","11.2031192779541","https://www.genecards.org/cgi-bin/carddisp.pl?gene=MIR509-1"
"RPN1","Ribophorin I","Protein Coding","P04843","56","GC03M128619","11.2028541564941","https://www.genecards.org/cgi-bin/carddisp.pl?gene=RPN1"
"MIR326","MicroRNA 326","RNA Gene","","30","GC11M075335","11.1996479034424","https://www.genecards.org/cgi-bin/carddisp.pl?gene=MIR326"
"PABPC1","Poly(A) Binding Protein Cytoplasmic 1","Protein Coding","P11940","55","GC08M100685","11.1992921829224","https://www.genecards.org/cgi-bin/carddisp.pl?gene=PABPC1"
"IFNGR1","Interferon Gamma Receptor 1","Protein Coding","P15260","64","GC06M137197","11.1989374160767","https://www.genecards.org/cgi-bin/carddisp.pl?gene=IFNGR1"
"BCLAF1","BCL2 Associated Transcription Factor 1","Protein Coding","Q9NYF8","50","GC06M136256","11.1907711029053","https://www.genecards.org/cgi-bin/carddisp.pl?gene=BCLAF1"
"MIR217","MicroRNA 217","RNA Gene","","27","GC02M055982","11.1894359588623","https://www.genecards.org/cgi-bin/carddisp.pl?gene=MIR217"
"SMYD2","SET And MYND Domain Containing 2","Protein Coding","Q9NRG4","55","GC01P214281","11.1626386642456","https://www.genecards.org/cgi-bin/carddisp.pl?gene=SMYD2"
"SDC4","Syndecan 4","Protein Coding","P31431","54","GC20M045325","11.1598310470581","https://www.genecards.org/cgi-bin/carddisp.pl?gene=SDC4"
"CITED2","Cbp/P300 Interacting Transactivator With Glu/Asp Rich Carboxy-Terminal Domain 2","Protein Coding","Q99967","55","GC06M139371","11.1591806411743","https://www.genecards.org/cgi-bin/carddisp.pl?gene=CITED2"
"PLEC","Plectin","Protein Coding","Q15149","55","GC08M147766","11.1565055847168","https://www.genecards.org/cgi-bin/carddisp.pl?gene=PLEC"
"KIF5B","Kinesin Family Member 5B","Protein Coding","P33176","60","GC10M037964","11.1151866912842","https://www.genecards.org/cgi-bin/carddisp.pl?gene=KIF5B"
"INSM1","INSM Transcriptional Repressor 1","Protein Coding","Q01101","47","GC20P020368","11.1114740371704","https://www.genecards.org/cgi-bin/carddisp.pl?gene=INSM1"
"CTNNBIP1","Catenin Beta Interacting Protein 1","Protein Coding","Q9NSA3","52","GC01M009848","11.1066884994507","https://www.genecards.org/cgi-bin/carddisp.pl?gene=CTNNBIP1"
"ALYREF","Aly/REF Export Factor","Protein Coding","Q86V81","50","GC17M081887","11.1038599014282","https://www.genecards.org/cgi-bin/carddisp.pl?gene=ALYREF"
"PYGO2","Pygopus Family PHD Finger 2","Protein Coding","Q9BRQ0","46","GC01M154957","11.102237701416","https://www.genecards.org/cgi-bin/carddisp.pl?gene=PYGO2"
"SLC25A13","Solute Carrier Family 25 Member 13","Protein Coding","Q9UJS0","58","GC07M096120","11.097846031189","https://www.genecards.org/cgi-bin/carddisp.pl?gene=SLC25A13"
"CIRBP","Cold Inducible RNA Binding Protein","Protein Coding","Q14011","45","GC19P001259","11.0958595275879","https://www.genecards.org/cgi-bin/carddisp.pl?gene=CIRBP"
"MAPRE1","Microtubule Associated Protein RP/EB Family Member 1","Protein Coding","Q15691","55","GC20P032819","11.0854148864746","https://www.genecards.org/cgi-bin/carddisp.pl?gene=MAPRE1"
"STAR","Steroidogenic Acute Regulatory Protein","Protein Coding","P49675","57","GC08M038965","11.0852870941162","https://www.genecards.org/cgi-bin/carddisp.pl?gene=STAR"
"MIR299","MicroRNA 299","RNA Gene","","26","GC14P123636","11.08189868927","https://www.genecards.org/cgi-bin/carddisp.pl?gene=MIR299"
"RPS15A","Ribosomal Protein S15a","Protein Coding","P62244","53","GC16M018781","11.0759391784668","https://www.genecards.org/cgi-bin/carddisp.pl?gene=RPS15A"
"DDX18","DEAD-Box Helicase 18","Protein Coding","Q9NVP1","49","GC02P160398","11.0734262466431","https://www.genecards.org/cgi-bin/carddisp.pl?gene=DDX18"
"SLC5A1","Solute Carrier Family 5 Member 1","Protein Coding","P13866","59","GC22P032043","11.0623455047607","https://www.genecards.org/cgi-bin/carddisp.pl?gene=SLC5A1"
"SART3","Spliceosome Associated Factor 3, U4/U6 Recycling Protein","Protein Coding","Q15020","44","GC12M108522","11.0555009841919","https://www.genecards.org/cgi-bin/carddisp.pl?gene=SART3"
"GTF2I","General Transcription Factor IIi","Protein Coding","P78347","52","GC07P115004","11.0366020202637","https://www.genecards.org/cgi-bin/carddisp.pl?gene=GTF2I"
"PSMA7","Proteasome 20S Subunit Alpha 7","Protein Coding","O14818","57","GC20M062136","11.032036781311","https://www.genecards.org/cgi-bin/carddisp.pl?gene=PSMA7"
"CDC5L","Cell Division Cycle 5 Like","Protein Coding","Q99459","50","GC06P044387","11.0314683914185","https://www.genecards.org/cgi-bin/carddisp.pl?gene=CDC5L"
"RPS8","Ribosomal Protein S8","Protein Coding","P62241","50","GC01P044775","11.0278835296631","https://www.genecards.org/cgi-bin/carddisp.pl?gene=RPS8"
"RBCK1","RANBP2-Type And C3HC4-Type Zinc Finger Containing 1","Protein Coding","Q9BYM8","53","GC20P000407","11.0221433639526","https://www.genecards.org/cgi-bin/carddisp.pl?gene=RBCK1"
"AKAP12","A-Kinase Anchoring Protein 12","Protein Coding","Q02952","49","GC06P151239","11.013632774353","https://www.genecards.org/cgi-bin/carddisp.pl?gene=AKAP12"
"PRPS1","Phosphoribosyl Pyrophosphate Synthetase 1","Protein Coding","P60891","58","GC0XP107628","11.0076189041138","https://www.genecards.org/cgi-bin/carddisp.pl?gene=PRPS1"
"AHNAK","AHNAK Nucleoprotein","Protein Coding","Q09666","48","GC11M146047","10.9903125762939","https://www.genecards.org/cgi-bin/carddisp.pl?gene=AHNAK"
"PTPN14","Protein Tyrosine Phosphatase Non-Receptor Type 14","Protein Coding","Q15678","54","GC01M214348","10.9845495223999","https://www.genecards.org/cgi-bin/carddisp.pl?gene=PTPN14"
"MIR652","MicroRNA 652","RNA Gene","","25","GC0XP110055","10.9841146469116","https://www.genecards.org/cgi-bin/carddisp.pl?gene=MIR652"
"RARRES1","Retinoic Acid Receptor Responder 1","Protein Coding","P49788","53","GC03M158696","10.9790868759155","https://www.genecards.org/cgi-bin/carddisp.pl?gene=RARRES1"
"SMAD5","SMAD Family Member 5","Protein Coding","Q99717","54","GC05P136132","10.9708366394043","https://www.genecards.org/cgi-bin/carddisp.pl?gene=SMAD5"
"MAP1B","Microtubule Associated Protein 1B","Protein Coding","P46821","57","GC05P072107","10.9551868438721","https://www.genecards.org/cgi-bin/carddisp.pl?gene=MAP1B"
"RPS16","Ribosomal Protein S16","Protein Coding","P62249","52","GC19M039433","10.9550504684448","https://www.genecards.org/cgi-bin/carddisp.pl?gene=RPS16"
"CSPG4","Chondroitin Sulfate Proteoglycan 4","Protein Coding","Q6UVK1","60","GC15M075674","10.9438285827637","https://www.genecards.org/cgi-bin/carddisp.pl?gene=CSPG4"
"MTSS1","MTSS I-BAR Domain Containing 1","Protein Coding","O43312","49","GC08M124550","10.9412393569946","https://www.genecards.org/cgi-bin/carddisp.pl?gene=MTSS1"
"EEF1D","Eukaryotic Translation Elongation Factor 1 Delta","Protein Coding","P29692","53","GC08M143579","10.9364881515503","https://www.genecards.org/cgi-bin/carddisp.pl?gene=EEF1D"
"FERMT3","FERM Domain Containing Kindlin 3","Protein Coding","Q86UX7","55","GC11P129761","10.9197816848755","https://www.genecards.org/cgi-bin/carddisp.pl?gene=FERMT3"
"VAV2","Vav Guanine Nucleotide Exchange Factor 2","Protein Coding","P52735","52","GC09M133761","10.9185934066772","https://www.genecards.org/cgi-bin/carddisp.pl?gene=VAV2"
"DEPDC1","DEP Domain Containing 1","Protein Coding","Q5TB30","44","GC01M068474","10.9063024520874","https://www.genecards.org/cgi-bin/carddisp.pl?gene=DEPDC1"
"KCNMA1","Potassium Calcium-Activated Channel Subfamily M Alpha 1","Protein Coding","Q12791","60","GC10M076869","10.9045381546021","https://www.genecards.org/cgi-bin/carddisp.pl?gene=KCNMA1"
"UNC45A","Unc-45 Myosin Chaperone A","Protein Coding","Q9H3U1","49","GC15P211508","10.8991098403931","https://www.genecards.org/cgi-bin/carddisp.pl?gene=UNC45A"
"MOK","MOK Protein Kinase","Protein Coding","Q9UQ07","47","GC14M102214","10.8966245651245","https://www.genecards.org/cgi-bin/carddisp.pl?gene=MOK"
"MIR190B","MicroRNA 190b","RNA Gene","","22","GC01M154193","10.8818435668945","https://www.genecards.org/cgi-bin/carddisp.pl?gene=MIR190B"
"MIR543","MicroRNA 543","RNA Gene","","21","GC14P122665","10.8771648406982","https://www.genecards.org/cgi-bin/carddisp.pl?gene=MIR543"
"MYO6","Myosin VI","Protein Coding","Q9UM54","55","GC06P075749","10.8617668151855","https://www.genecards.org/cgi-bin/carddisp.pl?gene=MYO6"
"RNF2","Ring Finger Protein 2","Protein Coding","Q99496","56","GC01P185056","10.8612232208252","https://www.genecards.org/cgi-bin/carddisp.pl?gene=RNF2"
"TLE1","TLE Family Member 1, Transcriptional Corepressor","Protein Coding","Q04724","56","GC09M133196","10.8608531951904","https://www.genecards.org/cgi-bin/carddisp.pl?gene=TLE1"
"UBE2K","Ubiquitin Conjugating Enzyme E2 K","Protein Coding","P61086","55","GC04P040652","10.8354978561401","https://www.genecards.org/cgi-bin/carddisp.pl?gene=UBE2K"
"PTPRG-AS1","PTPRG Antisense RNA 1","RNA Gene","","23","GC03M062248","10.8290576934814","https://www.genecards.org/cgi-bin/carddisp.pl?gene=PTPRG-AS1"
"PDK4","Pyruvate Dehydrogenase Kinase 4","Protein Coding","Q16654","57","GC07M095583","10.827919960022","https://www.genecards.org/cgi-bin/carddisp.pl?gene=PDK4"
"CLDN2","Claudin 2","Protein Coding","P57739","52","GC0XP106900","10.8253583908081","https://www.genecards.org/cgi-bin/carddisp.pl?gene=CLDN2"
"F11R","F11 Receptor","Protein Coding","Q9Y624","53","GC01M160995","10.8244228363037","https://www.genecards.org/cgi-bin/carddisp.pl?gene=F11R"
"PI3","Peptidase Inhibitor 3","Protein Coding","P19957","50","GC20P045174","10.8154325485229","https://www.genecards.org/cgi-bin/carddisp.pl?gene=PI3"
"CRYAB","Crystallin Alpha B","Protein Coding","P02511","58","GC11M111908","10.8061170578003","https://www.genecards.org/cgi-bin/carddisp.pl?gene=CRYAB"
"BCAT1","Branched Chain Amino Acid Transaminase 1","Protein Coding","P54687","57","GC12M024810","10.7972841262817","https://www.genecards.org/cgi-bin/carddisp.pl?gene=BCAT1"
"AHCY","Adenosylhomocysteinase","Protein Coding","P23526","60","GC20M038067","10.7930517196655","https://www.genecards.org/cgi-bin/carddisp.pl?gene=AHCY"
"HNRNPH1","Heterogeneous Nuclear Ribonucleoprotein H1","Protein Coding","P31943","53","GC05M179614","10.7891149520874","https://www.genecards.org/cgi-bin/carddisp.pl?gene=HNRNPH1"
"YTHDC1","YTH N6-Methyladenosine RNA Binding Protein C1","Protein Coding","Q96MU7","49","GC04M068310","10.7889232635498","https://www.genecards.org/cgi-bin/carddisp.pl?gene=YTHDC1"
"SENP3","SUMO Specific Peptidase 3","Protein Coding","Q9H4L4","50","GC17P174538","10.7854509353638","https://www.genecards.org/cgi-bin/carddisp.pl?gene=SENP3"
"TBC1D7","TBC1 Domain Family Member 7","Protein Coding","Q9P0N9","50","GC06M013266","10.7847242355347","https://www.genecards.org/cgi-bin/carddisp.pl?gene=TBC1D7"
"ZMYND11","Zinc Finger MYND-Type Containing 11","Protein Coding","Q15326","52","GC10P000134","10.7840890884399","https://www.genecards.org/cgi-bin/carddisp.pl?gene=ZMYND11"
"AIFM2","AIF Family Member 2","Protein Coding","Q9BRQ8","53","GC10M072671","10.7689657211304","https://www.genecards.org/cgi-bin/carddisp.pl?gene=AIFM2"
"GAS1","Growth Arrest Specific 1","Protein Coding","P54826","53","GC09M086944","10.7631282806396","https://www.genecards.org/cgi-bin/carddisp.pl?gene=GAS1"
"KPNB1","Karyopherin Subunit Beta 1","Protein Coding","Q14974","57","GC17P047649","10.7535743713379","https://www.genecards.org/cgi-bin/carddisp.pl?gene=KPNB1"
"RNH1","Ribonuclease/Angiogenin Inhibitor 1","Protein Coding","P13489","50","GC11M016454","10.752968788147","https://www.genecards.org/cgi-bin/carddisp.pl?gene=RNH1"
"USP2","Ubiquitin Specific Peptidase 2","Protein Coding","O75604","54","GC11M119355","10.7483329772949","https://www.genecards.org/cgi-bin/carddisp.pl?gene=USP2"
"PDS5B","PDS5 Cohesin Associated Factor B","Protein Coding","Q9NTI5","49","GC13P032586","10.7371759414673","https://www.genecards.org/cgi-bin/carddisp.pl?gene=PDS5B"
"CEBPE","CCAAT Enhancer Binding Protein Epsilon","Protein Coding","Q15744","52","GC14M023117","10.7223262786865","https://www.genecards.org/cgi-bin/carddisp.pl?gene=CEBPE"
"G3BP2","G3BP Stress Granule Assembly Factor 2","Protein Coding","Q9UN86","48","GC04M075642","10.7202959060669","https://www.genecards.org/cgi-bin/carddisp.pl?gene=G3BP2"
"PAICS","Phosphoribosylaminoimidazole Carboxylase And Phosphoribosylaminoimidazolesuccinocarboxamide Synthase","Protein Coding","P22234","55","GC04P056435","10.7180233001709","https://www.genecards.org/cgi-bin/carddisp.pl?gene=PAICS"
"PVR","PVR Cell Adhesion Molecule","Protein Coding","P15151","58","GC19P171818","10.7136869430542","https://www.genecards.org/cgi-bin/carddisp.pl?gene=PVR"
"CCL19","C-C Motif Chemokine Ligand 19","Protein Coding","Q99731","52","GC09M037222","10.7126598358154","https://www.genecards.org/cgi-bin/carddisp.pl?gene=CCL19"
"GSDMD","Gasdermin D","Protein Coding","P57764","52","GC08P143553","10.7121229171753","https://www.genecards.org/cgi-bin/carddisp.pl?gene=GSDMD"
"KIF20A","Kinesin Family Member 20A","Protein Coding","O95235","52","GC05P138845","10.709511756897","https://www.genecards.org/cgi-bin/carddisp.pl?gene=KIF20A"
"PRMT6","Protein Arginine Methyltransferase 6","Protein Coding","Q96LA8","52","GC01P107056","10.7017641067505","https://www.genecards.org/cgi-bin/carddisp.pl?gene=PRMT6"
"TUBA1A","Tubulin Alpha 1a","Protein Coding","Q71U36","61","GC12M049184","10.7009925842285","https://www.genecards.org/cgi-bin/carddisp.pl?gene=TUBA1A"
"NIFK-AS1","NIFK Antisense RNA 1","RNA Gene","","23","GC02P121649","10.6973114013672","https://www.genecards.org/cgi-bin/carddisp.pl?gene=NIFK-AS1"
"MIR301B","MicroRNA 301b","RNA Gene","","19","GC22P102102","10.670578956604","https://www.genecards.org/cgi-bin/carddisp.pl?gene=MIR301B"
"PPHLN1","Periphilin 1","Protein Coding","Q8NEY8","48","GC12P042238","10.6602239608765","https://www.genecards.org/cgi-bin/carddisp.pl?gene=PPHLN1"
"ELK3","ETS Transcription Factor ELK3","Protein Coding","P41970","45","GC12P097084","10.6574668884277","https://www.genecards.org/cgi-bin/carddisp.pl?gene=ELK3"
"SMARCD2","SWI/SNF Related BAF Chromatin Remodeling Complex Subunit D2","Protein Coding","Q92925","52","GC17M063832","10.6566600799561","https://www.genecards.org/cgi-bin/carddisp.pl?gene=SMARCD2"
"TAF1","TATA-Box Binding Protein Associated Factor 1","Protein Coding","P21675","60","GC0XP071366","10.6407527923584","https://www.genecards.org/cgi-bin/carddisp.pl?gene=TAF1"
"CREB3L1","CAMP Responsive Element Binding Protein 3 Like 1","Protein Coding","Q96BA8","51","GC11P049877","10.638801574707","https://www.genecards.org/cgi-bin/carddisp.pl?gene=CREB3L1"
"DDX39A","DExD-Box Helicase 39A","Protein Coding","O00148","50","GC19M014408","10.633602142334","https://www.genecards.org/cgi-bin/carddisp.pl?gene=DDX39A"
"CCT2","Chaperonin Containing TCP1 Subunit 2","Protein Coding","P78371","54","GC12P069585","10.6272945404053","https://www.genecards.org/cgi-bin/carddisp.pl?gene=CCT2"
"LCOR","Ligand Dependent Nuclear Receptor Corepressor","Protein Coding","Q96JN0","47","GC10P134578","10.6253356933594","https://www.genecards.org/cgi-bin/carddisp.pl?gene=LCOR"
"TCP1","T-Complex 1","Protein Coding","P17987","56","GC06M159778","10.6098508834839","https://www.genecards.org/cgi-bin/carddisp.pl?gene=TCP1"
"HACE1","HECT Domain And Ankyrin Repeat Containing E3 Ubiquitin Protein Ligase 1","Protein Coding","Q8IYU2","53","GC06M104728","10.6019992828369","https://www.genecards.org/cgi-bin/carddisp.pl?gene=HACE1"
"RPS18","Ribosomal Protein S18","Protein Coding","P62269","49","GC06P199586","10.5930328369141","https://www.genecards.org/cgi-bin/carddisp.pl?gene=RPS18"
"RCN1","Reticulocalbin 1","Protein Coding","Q15293","52","GC11P032090","10.5910730361938","https://www.genecards.org/cgi-bin/carddisp.pl?gene=RCN1"
"RPL13A","Ribosomal Protein L13a","Protein Coding","P40429","54","GC19P049487","10.5813331604004","https://www.genecards.org/cgi-bin/carddisp.pl?gene=RPL13A"
"REG3A","Regenerating Family Member 3 Alpha","Protein Coding","Q06141","48","GC02M079157","10.5802030563354","https://www.genecards.org/cgi-bin/carddisp.pl?gene=REG3A"
"IL2RG","Interleukin 2 Receptor Subunit Gamma","Protein Coding","P31785","60","GC0XM071149","10.5792303085327","https://www.genecards.org/cgi-bin/carddisp.pl?gene=IL2RG"
"MIR551B","MicroRNA 551b","RNA Gene","","25","GC03P168551","10.5784769058228","https://www.genecards.org/cgi-bin/carddisp.pl?gene=MIR551B"
"EPRS1","Glutamyl-Prolyl-TRNA Synthetase 1","Protein Coding","P07814","56","GC01M219969","10.5766267776489","https://www.genecards.org/cgi-bin/carddisp.pl?gene=EPRS1"
"FOXD1","Forkhead Box D1","Protein Coding","Q16676","45","GC05M073444","10.5747108459473","https://www.genecards.org/cgi-bin/carddisp.pl?gene=FOXD1"
"EIF4B","Eukaryotic Translation Initiation Factor 4B","Protein Coding","P23588","54","GC12P053006","10.5720710754395","https://www.genecards.org/cgi-bin/carddisp.pl?gene=EIF4B"
"SNHG29","Small Nucleolar RNA Host Gene 29","RNA Gene","","30","GC17P174770","10.5706329345703","https://www.genecards.org/cgi-bin/carddisp.pl?gene=SNHG29"
"MIR874","MicroRNA 874","RNA Gene","","28","GC05M137647","10.5692930221558","https://www.genecards.org/cgi-bin/carddisp.pl?gene=MIR874"
"ATP6AP1","ATPase H+ Transporting Accessory Protein 1","Protein Coding","Q15904","57","GC0XP154428","10.5641136169434","https://www.genecards.org/cgi-bin/carddisp.pl?gene=ATP6AP1"
"PRP4K","Pre-MRNA Processing Factor Kinase PRP4K","Protein Coding","Q13523","45","GC06P004021","10.5629072189331","https://www.genecards.org/cgi-bin/carddisp.pl?gene=PRP4K"
"KCNN4","Potassium Calcium-Activated Channel Subfamily N Member 4","Protein Coding","O15554","60","GC19M116379","10.5588407516479","https://www.genecards.org/cgi-bin/carddisp.pl?gene=KCNN4"
"RPL18A","Ribosomal Protein L18a","Protein Coding","Q02543","49","GC19P171221","10.5578708648682","https://www.genecards.org/cgi-bin/carddisp.pl?gene=RPL18A"
"PKMYT1","Protein Kinase, Membrane Associated Tyrosine/Threonine 1","Protein Coding","Q99640","54","GC16M055256","10.5514211654663","https://www.genecards.org/cgi-bin/carddisp.pl?gene=PKMYT1"
"HYAL2","Hyaluronidase 2","Protein Coding","Q12891","55","GC03M055359","10.5474519729614","https://www.genecards.org/cgi-bin/carddisp.pl?gene=HYAL2"
"SOAT1","Sterol O-Acyltransferase 1","Protein Coding","P35610","56","GC01P184599","10.5331859588623","https://www.genecards.org/cgi-bin/carddisp.pl?gene=SOAT1"
"BNIP3L","BCL2 Interacting Protein 3 Like","Protein Coding","O60238","55","GC08P026383","10.5321683883667","https://www.genecards.org/cgi-bin/carddisp.pl?gene=BNIP3L"
"LPCAT1","Lysophosphatidylcholine Acyltransferase 1","Protein Coding","Q8NF37","48","GC05M001456","10.5197763442993","https://www.genecards.org/cgi-bin/carddisp.pl?gene=LPCAT1"
"HRH4","Histamine Receptor H4","Protein Coding","Q9H3N8","57","GC18P024460","10.5191307067871","https://www.genecards.org/cgi-bin/carddisp.pl?gene=HRH4"
"HHIP-AS1","HHIP Antisense RNA 1","RNA Gene","","23","GC04M144642","10.5158748626709","https://www.genecards.org/cgi-bin/carddisp.pl?gene=HHIP-AS1"
"IFITM1","Interferon Induced Transmembrane Protein 1","Protein Coding","P13164","53","GC11P024702","10.5115852355957","https://www.genecards.org/cgi-bin/carddisp.pl?gene=IFITM1"
"WWC1","WW And C2 Domain Containing 1","Protein Coding","Q8IX03","52","GC05P168291","10.4911680221558","https://www.genecards.org/cgi-bin/carddisp.pl?gene=WWC1"
"RPL7A","Ribosomal Protein L7a","Protein Coding","P62424","54","GC09P133348","10.4907684326172","https://www.genecards.org/cgi-bin/carddisp.pl?gene=RPL7A"
"CTSS","Cathepsin S","Protein Coding","P25774","58","GC01M150730","10.4890584945679","https://www.genecards.org/cgi-bin/carddisp.pl?gene=CTSS"
"EIF4A2","Eukaryotic Translation Initiation Factor 4A2","Protein Coding","Q14240","57","GC03P186783","10.4828062057495","https://www.genecards.org/cgi-bin/carddisp.pl?gene=EIF4A2"
"API5","Apoptosis Inhibitor 5","Protein Coding","Q9BZZ5","47","GC11P043311","10.4621105194092","https://www.genecards.org/cgi-bin/carddisp.pl?gene=API5"
"PIBF1","Progesterone Immunomodulatory Binding Factor 1","Protein Coding","Q8WXW3","55","GC13P072782","10.4585189819336","https://www.genecards.org/cgi-bin/carddisp.pl?gene=PIBF1"
"HORMAD1","HORMA Domain Containing 1","Protein Coding","Q86X24","45","GC01M169593","10.4509267807007","https://www.genecards.org/cgi-bin/carddisp.pl?gene=HORMAD1"
"ACSL3","Acyl-CoA Synthetase Long Chain Family Member 3","Protein Coding","O95573","54","GC02P222860","10.4433374404907","https://www.genecards.org/cgi-bin/carddisp.pl?gene=ACSL3"
"EIF2AK4","Eukaryotic Translation Initiation Factor 2 Alpha Kinase 4","Protein Coding","Q9P2K8","57","GC15P039934","10.4426622390747","https://www.genecards.org/cgi-bin/carddisp.pl?gene=EIF2AK4"
"HADHA","Hydroxyacyl-CoA Dehydrogenase Trifunctional Multienzyme Complex Subunit Alpha","Protein Coding","P40939","58","GC02M026190","10.4423894882202","https://www.genecards.org/cgi-bin/carddisp.pl?gene=HADHA"
"SRRT","Serrate, RNA Effector Molecule","Protein Coding","Q9BXP5","49","GC07P100875","10.4423551559448","https://www.genecards.org/cgi-bin/carddisp.pl?gene=SRRT"
"ILF2","Interleukin Enhancer Binding Factor 2","Protein Coding","Q12905","50","GC01M153661","10.4392728805542","https://www.genecards.org/cgi-bin/carddisp.pl?gene=ILF2"
"FOXF2","Forkhead Box F2","Protein Coding","Q12947","47","GC06P001389","10.4354839324951","https://www.genecards.org/cgi-bin/carddisp.pl?gene=FOXF2"
"SYNPO2","Synaptopodin 2","Protein Coding","Q9UMS6","49","GC04P118850","10.4318256378174","https://www.genecards.org/cgi-bin/carddisp.pl?gene=SYNPO2"
"HOXC8","Homeobox C8","Protein Coding","P31273","47","GC12P086915","10.4310255050659","https://www.genecards.org/cgi-bin/carddisp.pl?gene=HOXC8"
"STRAP","Serine/Threonine Kinase Receptor Associated Protein","Protein Coding","Q9Y3F4","51","GC12P015882","10.4309606552124","https://www.genecards.org/cgi-bin/carddisp.pl?gene=STRAP"
"FBXO5","F-Box Protein 5","Protein Coding","Q9UKT4","47","GC06M152970","10.4286584854126","https://www.genecards.org/cgi-bin/carddisp.pl?gene=FBXO5"
"NUSAP1","Nucleolar And Spindle Associated Protein 1","Protein Coding","Q9BXS6","47","GC15P210399","10.4253463745117","https://www.genecards.org/cgi-bin/carddisp.pl?gene=NUSAP1"
"CCNT1","Cyclin T1","Protein Coding","O60563","51","GC12M048688","10.411280632019","https://www.genecards.org/cgi-bin/carddisp.pl?gene=CCNT1"
"EPHX2","Epoxide Hydrolase 2","Protein Coding","P34913","59","GC08P027490","10.411262512207","https://www.genecards.org/cgi-bin/carddisp.pl?gene=EPHX2"
"RPS9","Ribosomal Protein S9","Protein Coding","P46781","53","GC19P179964","10.4110145568848","https://www.genecards.org/cgi-bin/carddisp.pl?gene=RPS9"
"LGALS8","Galectin 8","Protein Coding","O00214","51","GC01P236518","10.4098091125488","https://www.genecards.org/cgi-bin/carddisp.pl?gene=LGALS8"
"PLOD1","Procollagen-Lysine,2-Oxoglutarate 5-Dioxygenase 1","Protein Coding","Q02809","58","GC01P011934","10.3982801437378","https://www.genecards.org/cgi-bin/carddisp.pl?gene=PLOD1"
"PWAR4","Prader Willi/Angelman Region RNA 4","RNA Gene","","17","GC15P025211","10.3792533874512","https://www.genecards.org/cgi-bin/carddisp.pl?gene=PWAR4"
"HBB","Hemoglobin Subunit Beta","Protein Coding","P68871","58","GC11M016716","10.3777141571045","https://www.genecards.org/cgi-bin/carddisp.pl?gene=HBB"
"KCMF1","Potassium Channel Modulatory Factor 1","Protein Coding","Q9P0J7","45","GC02P085098","10.376166343689","https://www.genecards.org/cgi-bin/carddisp.pl?gene=KCMF1"
"EGLN2","Egl-9 Family Hypoxia Inducible Factor 2","Protein Coding","Q96KS0","57","GC19P171676","10.3753080368042","https://www.genecards.org/cgi-bin/carddisp.pl?gene=EGLN2"
"CBX3","Chromobox 3","Protein Coding","Q13185","52","GC07P026201","10.3743829727173","https://www.genecards.org/cgi-bin/carddisp.pl?gene=CBX3"
"UBE2D2","Ubiquitin Conjugating Enzyme E2 D2","Protein Coding","P62837","56","GC05P139526","10.3672285079956","https://www.genecards.org/cgi-bin/carddisp.pl?gene=UBE2D2"
"PIWIL2","Piwi Like RNA-Mediated Gene Silencing 2","Protein Coding","Q8TC59","47","GC08P022275","10.3644647598267","https://www.genecards.org/cgi-bin/carddisp.pl?gene=PIWIL2"
"RPL23","Ribosomal Protein L23","Protein Coding","P62829","51","GC17M038847","10.3618354797363","https://www.genecards.org/cgi-bin/carddisp.pl?gene=RPL23"
"KTN1","Kinectin 1","Protein Coding","Q86UP2","52","GC14P055559","10.3549919128418","https://www.genecards.org/cgi-bin/carddisp.pl?gene=KTN1"
"H4C1","H4 Clustered Histone 1","Protein Coding","P62805","48","GC06P199334","10.3506937026978","https://www.genecards.org/cgi-bin/carddisp.pl?gene=H4C1"
"TUBB2A","Tubulin Beta 2A Class IIa","Protein Coding","Q13885","58","GC06M003153","10.3499250411987","https://www.genecards.org/cgi-bin/carddisp.pl?gene=TUBB2A"
"HNRNPUL1","Heterogeneous Nuclear Ribonucleoprotein U Like 1","Protein Coding","Q9BUJ2","48","GC19P041262","10.3492879867554","https://www.genecards.org/cgi-bin/carddisp.pl?gene=HNRNPUL1"
"FZD8","Frizzled Class Receptor 8","Protein Coding","Q9H461","54","GC10M035638","10.3438110351563","https://www.genecards.org/cgi-bin/carddisp.pl?gene=FZD8"
"SOX18","SRY-Box Transcription Factor 18","Protein Coding","P35713","50","GC20M064047","10.3434019088745","https://www.genecards.org/cgi-bin/carddisp.pl?gene=SOX18"
"SRRM2","Serine/Arginine Repetitive Matrix 2","Protein Coding","Q9UQ35","49","GC16P135962","10.3404846191406","https://www.genecards.org/cgi-bin/carddisp.pl?gene=SRRM2"
"LRRFIP2","LRR Binding FLII Interacting Protein 2","Protein Coding","Q9Y608","50","GC03M037052","10.3277568817139","https://www.genecards.org/cgi-bin/carddisp.pl?gene=LRRFIP2"
"YBX3","Y-Box Binding Protein 3","Protein Coding","P16989","51","GC12M038953","10.32057762146","https://www.genecards.org/cgi-bin/carddisp.pl?gene=YBX3"
"PLCB1","Phospholipase C Beta 1","Protein Coding","Q9NQ66","61","GC20P008077","10.3194799423218","https://www.genecards.org/cgi-bin/carddisp.pl?gene=PLCB1"
"CCNC","Cyclin C","Protein Coding","P24863","52","GC06M099542","10.3191900253296","https://www.genecards.org/cgi-bin/carddisp.pl?gene=CCNC"
"ACIN1","Apoptotic Chromatin Condensation Inducer 1","Protein Coding","Q9UKV3","47","GC14M023058","10.3185110092163","https://www.genecards.org/cgi-bin/carddisp.pl?gene=ACIN1"
"RBM14","RNA Binding Motif Protein 14","Protein Coding","Q96PK6","50","GC11P130223","10.3174962997437","https://www.genecards.org/cgi-bin/carddisp.pl?gene=RBM14"
"ANLN","Anillin, Actin Binding Protein","Protein Coding","Q9NQW6","53","GC07P036389","10.3163042068481","https://www.genecards.org/cgi-bin/carddisp.pl?gene=ANLN"
"ENTR1","Endosome Associated Trafficking Regulator 1","Protein Coding","Q96C92","41","GC09M139580","10.3118534088135","https://www.genecards.org/cgi-bin/carddisp.pl?gene=ENTR1"
"MATR3","Matrin 3","Protein Coding","P43243","54","GC05P162492","10.3105802536011","https://www.genecards.org/cgi-bin/carddisp.pl?gene=MATR3"
"SETD7","SET Domain Containing 7, Histone Lysine Methyltransferase","Protein Coding","Q8WTS6","55","GC04M139495","10.2990827560425","https://www.genecards.org/cgi-bin/carddisp.pl?gene=SETD7"
"P4HA1","Prolyl 4-Hydroxylase Subunit Alpha 1","Protein Coding","P13674","57","GC10M073007","10.2748079299927","https://www.genecards.org/cgi-bin/carddisp.pl?gene=P4HA1"
"P2RY2","Purinergic Receptor P2Y2","Protein Coding","P41231","57","GC11P130575","10.2540454864502","https://www.genecards.org/cgi-bin/carddisp.pl?gene=P2RY2"
"PITX2","Paired Like Homeodomain 2","Protein Coding","Q99697","59","GC04M110617","10.2360544204712","https://www.genecards.org/cgi-bin/carddisp.pl?gene=PITX2"
"DUSP5","Dual Specificity Phosphatase 5","Protein Coding","Q16690","52","GC10P110497","10.233510017395","https://www.genecards.org/cgi-bin/carddisp.pl?gene=DUSP5"
"DDIT4","DNA Damage Inducible Transcript 4","Protein Coding","Q9NX09","55","GC10P072273","10.2306613922119","https://www.genecards.org/cgi-bin/carddisp.pl?gene=DDIT4"
"IL15RA","Interleukin 15 Receptor Subunit Alpha","Protein Coding","Q13261","51","GC10M005943","10.2216138839722","https://www.genecards.org/cgi-bin/carddisp.pl?gene=IL15RA"
"LARP1","La Ribonucleoprotein 1, Translational Regulator","Protein Coding","Q6PKG0","49","GC05P154682","10.2184114456177","https://www.genecards.org/cgi-bin/carddisp.pl?gene=LARP1"
"CXCR6","C-X-C Motif Chemokine Receptor 6","Protein Coding","O00574","50","GC03P069057","10.2135400772095","https://www.genecards.org/cgi-bin/carddisp.pl?gene=CXCR6"
"SMCHD1","Structural Maintenance Of Chromosomes Flexible Hinge Domain Containing 1","Protein Coding","A6NHR9","52","GC18P002655","10.2122926712036","https://www.genecards.org/cgi-bin/carddisp.pl?gene=SMCHD1"
"GART","Phosphoribosylglycinamide Formyltransferase, Phosphoribosylglycinamide Synthetase, Phosphoribosylaminoimidazole Synthetase","Protein Coding","P22102","55","GC21M033503","10.2098827362061","https://www.genecards.org/cgi-bin/carddisp.pl?gene=GART"
"SNIP1","Smad Nuclear Interacting Protein 1","Protein Coding","Q8TAD8","52","GC01M037534","10.2042818069458","https://www.genecards.org/cgi-bin/carddisp.pl?gene=SNIP1"
"THRAP3","Thyroid Hormone Receptor Associated Protein 3","Protein Coding","Q9Y2W1","45","GC01P094334","10.203200340271","https://www.genecards.org/cgi-bin/carddisp.pl?gene=THRAP3"
"TDP1","Tyrosyl-DNA Phosphodiesterase 1","Protein Coding","Q9NUW8","57","GC14P089954","10.1929225921631","https://www.genecards.org/cgi-bin/carddisp.pl?gene=TDP1"
"ATF7","Activating Transcription Factor 7","Protein Coding","P17544","50","GC12M053968","10.1789751052856","https://www.genecards.org/cgi-bin/carddisp.pl?gene=ATF7"
"USF1","Upstream Transcription Factor 1","Protein Coding","P22415","55","GC01M161039","10.1740169525146","https://www.genecards.org/cgi-bin/carddisp.pl?gene=USF1"
"RPL9","Ribosomal Protein L9","Protein Coding","P32969","51","GC04M039452","10.170804977417","https://www.genecards.org/cgi-bin/carddisp.pl?gene=RPL9"
"KAT8","Lysine Acetyltransferase 8","Protein Coding","Q9H7Z6","55","GC16P136850","10.1582307815552","https://www.genecards.org/cgi-bin/carddisp.pl?gene=KAT8"
"RNF40","Ring Finger Protein 40","Protein Coding","O75150","47","GC16P136834","10.1549644470215","https://www.genecards.org/cgi-bin/carddisp.pl?gene=RNF40"
"RNF139","Ring Finger Protein 139","Protein Coding","Q8WU17","48","GC08P124474","10.1540546417236","https://www.genecards.org/cgi-bin/carddisp.pl?gene=RNF139"
"EPS8","EGFR Pathway Substrate 8, Signaling Adaptor","Protein Coding","Q12929","55","GC12M039051","10.1475839614868","https://www.genecards.org/cgi-bin/carddisp.pl?gene=EPS8"
"RPS12","Ribosomal Protein S12","Protein Coding","P25398","53","GC06P132814","10.1434593200684","https://www.genecards.org/cgi-bin/carddisp.pl?gene=RPS12"
"CBX4","Chromobox 4","Protein Coding","O00257","50","GC17M079833","10.1361131668091","https://www.genecards.org/cgi-bin/carddisp.pl?gene=CBX4"
"RAB5C","RAB5C, Member RAS Oncogene Family","Protein Coding","P51148","50","GC17M042124","10.1337928771973","https://www.genecards.org/cgi-bin/carddisp.pl?gene=RAB5C"
"MAEA","Macrophage Erythroblast Attacher, E3 Ubiquitin Ligase","Protein Coding","Q7L5Y9","49","GC04P001289","10.1329765319824","https://www.genecards.org/cgi-bin/carddisp.pl?gene=MAEA"
"RING1","Ring Finger Protein 1","Protein Coding","Q06587","54","GC06P033208","10.1208047866821","https://www.genecards.org/cgi-bin/carddisp.pl?gene=RING1"
"C3","Complement C3","Protein Coding","P01024","61","GC19M006677","10.1183185577393","https://www.genecards.org/cgi-bin/carddisp.pl?gene=C3"
"RPL7","Ribosomal Protein L7","Protein Coding","P18124","52","GC08M073290","10.112943649292","https://www.genecards.org/cgi-bin/carddisp.pl?gene=RPL7"
"EXOSC6","Exosome Component 6","Protein Coding","Q5RKV6","44","GC16M070246","10.1123819351196","https://www.genecards.org/cgi-bin/carddisp.pl?gene=EXOSC6"
"HIF1AN","Hypoxia Inducible Factor 1 Subunit Alpha Inhibitor","Protein Coding","Q9NWT6","55","GC10P100529","10.1116952896118","https://www.genecards.org/cgi-bin/carddisp.pl?gene=HIF1AN"
"TUFM","Tu Translation Elongation Factor, Mitochondrial","Protein Coding","P49411","56","GC16M056211","10.1084012985229","https://www.genecards.org/cgi-bin/carddisp.pl?gene=TUFM"
"CREB3L2","CAMP Responsive Element Binding Protein 3 Like 2","Protein Coding","Q70SY1","50","GC07M137874","10.0985260009766","https://www.genecards.org/cgi-bin/carddisp.pl?gene=CREB3L2"
"SUMO1","Small Ubiquitin Like Modifier 1","Protein Coding","P63165","58","GC02M202206","10.0950384140015","https://www.genecards.org/cgi-bin/carddisp.pl?gene=SUMO1"
"PLAC1","Placenta Enriched 1","Protein Coding","Q9HBJ0","44","GC0XM134565","10.0940818786621","https://www.genecards.org/cgi-bin/carddisp.pl?gene=PLAC1"
"H1-3","H1.3 Linker Histone, Cluster Member","Protein Coding","P16402","46","GC06M116283","10.0867700576782","https://www.genecards.org/cgi-bin/carddisp.pl?gene=H1-3"
"PRIM1","DNA Primase Subunit 1","Protein Coding","P49642","55","GC12M060964","10.0839567184448","https://www.genecards.org/cgi-bin/carddisp.pl?gene=PRIM1"
"LZTS2","Leucine Zipper Tumor Suppressor 2","Protein Coding","Q9BRK4","41","GC10P100996","10.0766639709473","https://www.genecards.org/cgi-bin/carddisp.pl?gene=LZTS2"
"STOML2","Stomatin Like 2","Protein Coding","Q9UJZ1","49","GC09M035099","10.0723104476929","https://www.genecards.org/cgi-bin/carddisp.pl?gene=STOML2"
"CRBN","Cereblon","Protein Coding","Q96SW2","58","GC03M003144","10.0666189193726","https://www.genecards.org/cgi-bin/carddisp.pl?gene=CRBN"
"PRPF6","Pre-MRNA Processing Factor 6","Protein Coding","O94906","51","GC20P063981","10.0517358779907","https://www.genecards.org/cgi-bin/carddisp.pl?gene=PRPF6"
"APLF","Aprataxin And PNKP Like Factor","Protein Coding","Q8IW19","45","GC02P068467","10.0505952835083","https://www.genecards.org/cgi-bin/carddisp.pl?gene=APLF"
"AGFG1","ArfGAP With FG Repeats 1","Protein Coding","P52594","52","GC02P227473","10.0470771789551","https://www.genecards.org/cgi-bin/carddisp.pl?gene=AGFG1"
"TUBB6","Tubulin Beta 6 Class V","Protein Coding","Q9BUF5","55","GC18P012307","10.038628578186","https://www.genecards.org/cgi-bin/carddisp.pl?gene=TUBB6"
"ATP5F1B","ATP Synthase F1 Subunit Beta","Protein Coding","P06576","57","GC12M060959","10.0258922576904","https://www.genecards.org/cgi-bin/carddisp.pl?gene=ATP5F1B"
"SUPT5H","SPT5 Homolog, DSIF Elongation Factor Subunit","Protein Coding","O00267","50","GC19P039436","10.0208730697632","https://www.genecards.org/cgi-bin/carddisp.pl?gene=SUPT5H"
"JMJD6","Jumonji Domain Containing 6, Arginine Demethylase And Lysine Hydroxylase","Protein Coding","Q6NYC1","54","GC17M105640","10.0192251205444","https://www.genecards.org/cgi-bin/carddisp.pl?gene=JMJD6"
"BCL9","BCL9 Transcription Coactivator","Protein Coding","O00512","52","GC01P147541","10.0138072967529","https://www.genecards.org/cgi-bin/carddisp.pl?gene=BCL9"
"CYB5A","Cytochrome B5 Type A","Protein Coding","P00167","55","GC18M074250","10.0112762451172","https://www.genecards.org/cgi-bin/carddisp.pl?gene=CYB5A"
"CCN3","Cellular Communication Network Factor 3","Protein Coding","P48745","51","GC08P119416","10.0070676803589","https://www.genecards.org/cgi-bin/carddisp.pl?gene=CCN3"
"OTUB1","OTU Deubiquitinase, Ubiquitin Aldehyde Binding 1","Protein Coding","Q96FW1","51","GC11P063985","10.0038661956787","https://www.genecards.org/cgi-bin/carddisp.pl?gene=OTUB1"
"UBE2D1","Ubiquitin Conjugating Enzyme E2 D1","Protein Coding","P51668","55","GC10P058334","9.99938488006592","https://www.genecards.org/cgi-bin/carddisp.pl?gene=UBE2D1"
"TUBB2B","Tubulin Beta 2B Class IIb","Protein Coding","Q9BVA1","55","GC06M004471","9.984375","https://www.genecards.org/cgi-bin/carddisp.pl?gene=TUBB2B"
"ZSCAN16-AS1","ZSCAN16 Antisense RNA 1","RNA Gene","","22","GC06M114743","9.98396396636963","https://www.genecards.org/cgi-bin/carddisp.pl?gene=ZSCAN16-AS1"
"SPIN1","Spindlin 1","Protein Coding","Q9Y657","45","GC09P159580","9.97860145568848","https://www.genecards.org/cgi-bin/carddisp.pl?gene=SPIN1"
"EIF3D","Eukaryotic Translation Initiation Factor 3 Subunit D","Protein Coding","O15371","48","GC22M036510","9.9769868850708","https://www.genecards.org/cgi-bin/carddisp.pl?gene=EIF3D"
"ELL","Elongation Factor For RNA Polymerase II","Protein Coding","P55199","50","GC19M115945","9.9730920791626","https://www.genecards.org/cgi-bin/carddisp.pl?gene=ELL"
"MYBBP1A","MYB Binding Protein 1a","Protein Coding","Q9BQG0","45","GC17M004538","9.97102069854736","https://www.genecards.org/cgi-bin/carddisp.pl?gene=MYBBP1A"
"FAM83H","Family With Sequence Similarity 83 Member H","Protein Coding","Q6ZRV2","47","GC08M143723","9.96829128265381","https://www.genecards.org/cgi-bin/carddisp.pl?gene=FAM83H"
"IQGAP3","IQ Motif Containing GTPase Activating Protein 3","Protein Coding","Q86VI3","49","GC01M156525","9.96792411804199","https://www.genecards.org/cgi-bin/carddisp.pl?gene=IQGAP3"
"PLIN2","Perilipin 2","Protein Coding","Q99541","54","GC09M019336","9.95977210998535","https://www.genecards.org/cgi-bin/carddisp.pl?gene=PLIN2"
"MIR1246","MicroRNA 1246","RNA Gene","","22","GC02M176600","9.95846176147461","https://www.genecards.org/cgi-bin/carddisp.pl?gene=MIR1246"
"WEE2-AS1","WEE2 Antisense RNA 1","RNA Gene","","25","GC07M141704","9.95586490631104","https://www.genecards.org/cgi-bin/carddisp.pl?gene=WEE2-AS1"
"TRIM32","Tripartite Motif Containing 32","Protein Coding","Q13049","55","GC09P116687","9.94629764556885","https://www.genecards.org/cgi-bin/carddisp.pl?gene=TRIM32"
"TRIB1","Tribbles Pseudokinase 1","Protein Coding","Q96RU8","48","GC08P125430","9.94476222991943","https://www.genecards.org/cgi-bin/carddisp.pl?gene=TRIB1"
"ITGAL","Integrin Subunit Alpha L","Protein Coding","P20701","60","GC16P030472","9.9413948059082","https://www.genecards.org/cgi-bin/carddisp.pl?gene=ITGAL"
"RPL28","Ribosomal Protein L28","Protein Coding","P46779","50","GC19P172263","9.93905448913574","https://www.genecards.org/cgi-bin/carddisp.pl?gene=RPL28"
"IL23A","Interleukin 23 Subunit Alpha","Protein Coding","Q9NPF7","50","GC12P087050","9.93645668029785","https://www.genecards.org/cgi-bin/carddisp.pl?gene=IL23A"
"FIG4","FIG4 Phosphoinositide 5-Phosphatase","Protein Coding","Q92562","55","GC06P200380","9.93288707733154","https://www.genecards.org/cgi-bin/carddisp.pl?gene=FIG4"
"TENT5C","Terminal Nucleotidyltransferase 5C","Protein Coding","Q5VWP2","45","GC01P117606","9.93222522735596","https://www.genecards.org/cgi-bin/carddisp.pl?gene=TENT5C"
"USP39","Ubiquitin Specific Peptidase 39","Protein Coding","Q53GS9","44","GC02P101971","9.93009757995605","https://www.genecards.org/cgi-bin/carddisp.pl?gene=USP39"
"TFAM","Transcription Factor A, Mitochondrial","Protein Coding","Q00059","57","GC10P058385","9.92851066589355","https://www.genecards.org/cgi-bin/carddisp.pl?gene=TFAM"
"PIWIL4","Piwi Like RNA-Mediated Gene Silencing 4","Protein Coding","Q7Z3Z4","49","GC11P094543","9.92463874816895","https://www.genecards.org/cgi-bin/carddisp.pl?gene=PIWIL4"
"FUCA1","Alpha-L-Fucosidase 1","Protein Coding","P04066","60","GC01M023845","9.92355632781982","https://www.genecards.org/cgi-bin/carddisp.pl?gene=FUCA1"
"CCT3","Chaperonin Containing TCP1 Subunit 3","Protein Coding","P49368","54","GC01M156308","9.91441822052002","https://www.genecards.org/cgi-bin/carddisp.pl?gene=CCT3"
"USP44","Ubiquitin Specific Peptidase 44","Protein Coding","Q9H0E7","47","GC12M095516","9.910719871521","https://www.genecards.org/cgi-bin/carddisp.pl?gene=USP44"
"TFCP2","Transcription Factor CP2","Protein Coding","Q12800","52","GC12M051093","9.90999221801758","https://www.genecards.org/cgi-bin/carddisp.pl?gene=TFCP2"
"POLD3","DNA Polymerase Delta 3, Accessory Subunit","Protein Coding","Q15054","54","GC11P130629","9.89416790008545","https://www.genecards.org/cgi-bin/carddisp.pl?gene=POLD3"
"ADORA2A","Adenosine A2a Receptor","Protein Coding","P29274","60","GC22P024417","9.89352893829346","https://www.genecards.org/cgi-bin/carddisp.pl?gene=ADORA2A"
"FLII","FLII Actin Remodeling Protein","Protein Coding","Q13045","54","GC17M018244","9.89327716827393","https://www.genecards.org/cgi-bin/carddisp.pl?gene=FLII"
"TEAD4","TEA Domain Transcription Factor 4","Protein Coding","Q15561","50","GC12P002959","9.8875093460083","https://www.genecards.org/cgi-bin/carddisp.pl?gene=TEAD4"
"FGFBP1","Fibroblast Growth Factor Binding Protein 1","Protein Coding","Q14512","50","GC04M015937","9.87120819091797","https://www.genecards.org/cgi-bin/carddisp.pl?gene=FGFBP1"
"DST","Dystonin","Protein Coding","Q03001","55","GC06M056457","9.85800075531006","https://www.genecards.org/cgi-bin/carddisp.pl?gene=DST"
"RBM8A","RNA Binding Motif Protein 8A","Protein Coding","Q9Y5S9","52","GC01M145921","9.84859752655029","https://www.genecards.org/cgi-bin/carddisp.pl?gene=RBM8A"
"RNF213","Ring Finger Protein 213","Protein Coding","Q63HN8","50","GC17P080260","9.82542991638184","https://www.genecards.org/cgi-bin/carddisp.pl?gene=RNF213"
"MKNK1","MAPK Interacting Serine/Threonine Kinase 1","Protein Coding","Q9BUB5","57","GC01M046557","9.82476425170898","https://www.genecards.org/cgi-bin/carddisp.pl?gene=MKNK1"
"SETX","Senataxin","Protein Coding","Q7Z333","52","GC09M132261","9.82282733917236","https://www.genecards.org/cgi-bin/carddisp.pl?gene=SETX"
"MAP4K4","Mitogen-Activated Protein Kinase Kinase Kinase Kinase 4","Protein Coding","O95819","58","GC02P101696","9.80294322967529","https://www.genecards.org/cgi-bin/carddisp.pl?gene=MAP4K4"
"DDX1","DEAD-Box Helicase 1","Protein Coding","Q92499","55","GC02P015591","9.80013847351074","https://www.genecards.org/cgi-bin/carddisp.pl?gene=DDX1"
"KRT9","Keratin 9","Protein Coding","P35527","51","GC17M041565","9.78961372375488","https://www.genecards.org/cgi-bin/carddisp.pl?gene=KRT9"
"BANF1","Barrier To Autointegration Nuclear Assembly Factor 1","Protein Coding","O75531","54","GC11P066002","9.78701496124268","https://www.genecards.org/cgi-bin/carddisp.pl?gene=BANF1"
"AARS1","Alanyl-TRNA Synthetase 1","Protein Coding","P49588","56","GC16M076634","9.7800989151001","https://www.genecards.org/cgi-bin/carddisp.pl?gene=AARS1"
"PABPN1","Poly(A) Binding Protein Nuclear 1","Protein Coding","Q86U42","57","GC14P068418","9.77987766265869","https://www.genecards.org/cgi-bin/carddisp.pl?gene=PABPN1"
"HHAT","Hedgehog Acyltransferase","Protein Coding","Q5VTY9","52","GC01P210814","9.77877235412598","https://www.genecards.org/cgi-bin/carddisp.pl?gene=HHAT"
"CAPN1","Calpain 1","Protein Coding","P07384","62","GC11P129868","9.77847290039063","https://www.genecards.org/cgi-bin/carddisp.pl?gene=CAPN1"
"RNF126","Ring Finger Protein 126","Protein Coding","Q9BV68","41","GC19M000647","9.77558612823486","https://www.genecards.org/cgi-bin/carddisp.pl?gene=RNF126"
"UBTF","Upstream Binding Transcription Factor","Protein Coding","P17480","56","GC17M044205","9.77046489715576","https://www.genecards.org/cgi-bin/carddisp.pl?gene=UBTF"
"PNPLA2","Patatin Like Domain 2, Triacylglycerol Lipase","Protein Coding","Q96AD5","57","GC11P024751","9.76254463195801","https://www.genecards.org/cgi-bin/carddisp.pl?gene=PNPLA2"
"RCC1","Regulator Of Chromosome Condensation 1","Protein Coding","P18754","54","GC01P028505","9.76076221466064","https://www.genecards.org/cgi-bin/carddisp.pl?gene=RCC1"
"WNT9B","Wnt Family Member 9B","Protein Coding","O14905","54","GC17P046833","9.75813961029053","https://www.genecards.org/cgi-bin/carddisp.pl?gene=WNT9B"
"HADHB","Hydroxyacyl-CoA Dehydrogenase Trifunctional Multienzyme Complex Subunit Beta","Protein Coding","P55084","58","GC02P026243","9.74995517730713","https://www.genecards.org/cgi-bin/carddisp.pl?gene=HADHB"
"CNOT9","CCR4-NOT Transcription Complex Subunit 9","Protein Coding","Q92600","43","GC02P218580","9.74819278717041","https://www.genecards.org/cgi-bin/carddisp.pl?gene=CNOT9"
"FLOT1","Flotillin 1","Protein Coding","O75955","53","GC06M114893","9.72887802124023","https://www.genecards.org/cgi-bin/carddisp.pl?gene=FLOT1"
"PDGFC","Platelet Derived Growth Factor C","Protein Coding","Q9NRA1","54","GC04M156760","9.72825336456299","https://www.genecards.org/cgi-bin/carddisp.pl?gene=PDGFC"
"SOX9-AS1","SOX9 Antisense RNA 1","RNA Gene","","24","GC17M105510","9.72089195251465","https://www.genecards.org/cgi-bin/carddisp.pl?gene=SOX9-AS1"
"CTR9","CTR9 Component Of Paf1/RNA Polymerase II Complex","Protein Coding","Q6PD62","51","GC11P010751","9.72026062011719","https://www.genecards.org/cgi-bin/carddisp.pl?gene=CTR9"
"BATF2","Basic Leucine Zipper ATF-Like Transcription Factor 2","Protein Coding","Q8N1L9","41","GC11M064987","9.71866798400879","https://www.genecards.org/cgi-bin/carddisp.pl?gene=BATF2"
"XAB2","XPA Binding Protein 2~Name Same As:- HGNC:14337","Protein Coding","Q9HCS7","48","GC19M007619","9.71749401092529","https://www.genecards.org/cgi-bin/carddisp.pl?gene=XAB2"
"EIF3B","Eukaryotic Translation Initiation Factor 3 Subunit B","Protein Coding","P55884","49","GC07P002354","9.71224403381348","https://www.genecards.org/cgi-bin/carddisp.pl?gene=EIF3B"
"ALDH1A3","Aldehyde Dehydrogenase 1 Family Member A3","Protein Coding","P47895","59","GC15P211643","9.70950508117676","https://www.genecards.org/cgi-bin/carddisp.pl?gene=ALDH1A3"
"RPRD1B","Regulation Of Nuclear Pre-MRNA Domain Containing 1B","Protein Coding","Q9NQG5","48","GC20P038033","9.69450187683105","https://www.genecards.org/cgi-bin/carddisp.pl?gene=RPRD1B"
"FBXO22","F-Box Protein 22","Protein Coding","Q8NEZ5","41","GC15P075903","9.68422222137451","https://www.genecards.org/cgi-bin/carddisp.pl?gene=FBXO22"
"HCFC1","Host Cell Factor C1","Protein Coding","P51610","58","GC0XM153979","9.67868328094482","https://www.genecards.org/cgi-bin/carddisp.pl?gene=HCFC1"
"MIR1-1","MicroRNA 1-1","RNA Gene","","27","GC20P070480","9.67709064483643","https://www.genecards.org/cgi-bin/carddisp.pl?gene=MIR1-1"
"RPN2","Ribophorin II","Protein Coding","P04844","51","GC20P037178","9.66399765014648","https://www.genecards.org/cgi-bin/carddisp.pl?gene=RPN2"
"MGA","MAX Dimerization Protein MGA","Protein Coding","Q8IWI9","47","GC15P041621","9.66026210784912","https://www.genecards.org/cgi-bin/carddisp.pl?gene=MGA"
"POLR3B","RNA Polymerase III Subunit B","Protein Coding","Q9NW08","55","GC12P106357","9.6587381362915","https://www.genecards.org/cgi-bin/carddisp.pl?gene=POLR3B"
"METTL16","Methyltransferase 16, RNA N6-Adenosine","Protein Coding","Q86W50","44","GC17M002405","9.65713596343994","https://www.genecards.org/cgi-bin/carddisp.pl?gene=METTL16"
"ATP8B1","ATPase Phospholipid Transporting 8B1","Protein Coding","O43520","53","GC18M057646","9.65421581268311","https://www.genecards.org/cgi-bin/carddisp.pl?gene=ATP8B1"
"THOC1","THO Complex Subunit 1","Protein Coding","Q96FV9","47","GC18M000215","9.6482982635498","https://www.genecards.org/cgi-bin/carddisp.pl?gene=THOC1"
"ATG4B","Autophagy Related 4B Cysteine Peptidase","Protein Coding","Q9Y4P1","54","GC02P241637","9.64502048492432","https://www.genecards.org/cgi-bin/carddisp.pl?gene=ATG4B"
"CERS2","Ceramide Synthase 2","Protein Coding","Q96G23","55","GC01M150960","9.63955879211426","https://www.genecards.org/cgi-bin/carddisp.pl?gene=CERS2"
"POLR1C","RNA Polymerase I And III Subunit C","Protein Coding","O15160","54","GC06P199709","9.61788177490234","https://www.genecards.org/cgi-bin/carddisp.pl?gene=POLR1C"
"CDK13","Cyclin Dependent Kinase 13","Protein Coding","Q14004","54","GC07P039950","9.60927677154541","https://www.genecards.org/cgi-bin/carddisp.pl?gene=CDK13"
"RUVBL2","RuvB Like AAA ATPase 2","Protein Coding","Q9Y230","57","GC19P048993","9.60123443603516","https://www.genecards.org/cgi-bin/carddisp.pl?gene=RUVBL2"
"ANXA7","Annexin A7","Protein Coding","P20073","54","GC10M073375","9.5930643081665","https://www.genecards.org/cgi-bin/carddisp.pl?gene=ANXA7"
"RPL36","Ribosomal Protein L36","Protein Coding","Q9Y3U8","50","GC19P005674","9.59294509887695","https://www.genecards.org/cgi-bin/carddisp.pl?gene=RPL36"
"CDC23","Cell Division Cycle 23","Protein Coding","Q9UJX2","47","GC05M138274","9.58806419372559","https://www.genecards.org/cgi-bin/carddisp.pl?gene=CDC23"
"FZD6","Frizzled Class Receptor 6","Protein Coding","O60353","58","GC08P103298","9.58189010620117","https://www.genecards.org/cgi-bin/carddisp.pl?gene=FZD6"
"RBMS1","RNA Binding Motif Single Stranded Interacting Protein 1","Protein Coding","P29558","48","GC02M160272","9.57776832580566","https://www.genecards.org/cgi-bin/carddisp.pl?gene=RBMS1"
"UBA52","Ubiquitin A-52 Residue Ribosomal Protein Fusion Product 1","Protein Coding","P62987","48","GC19P018563","9.57736301422119","https://www.genecards.org/cgi-bin/carddisp.pl?gene=UBA52"
"FXR1","FMR1 Autosomal Homolog 1","Protein Coding","P51114","57","GC03P180868","9.57633876800537","https://www.genecards.org/cgi-bin/carddisp.pl?gene=FXR1"
"TLE3","TLE Family Member 3, Transcriptional Corepressor","Protein Coding","Q04726","51","GC15M070047","9.55863761901855","https://www.genecards.org/cgi-bin/carddisp.pl?gene=TLE3"
"LGR4","Leucine Rich Repeat Containing G Protein-Coupled Receptor 4","Protein Coding","Q9BXB1","51","GC11M027365","9.558349609375","https://www.genecards.org/cgi-bin/carddisp.pl?gene=LGR4"
"ADAM8","ADAM Metallopeptidase Domain 8","Protein Coding","P78325","54","GC10M133262","9.54198265075684","https://www.genecards.org/cgi-bin/carddisp.pl?gene=ADAM8"
"ASS1","Argininosuccinate Synthase 1","Protein Coding","P00966","61","GC09P160995","9.52994632720947","https://www.genecards.org/cgi-bin/carddisp.pl?gene=ASS1"
"SF3A2","Splicing Factor 3a Subunit 2","Protein Coding","Q15428","48","GC19P002236","9.52690601348877","https://www.genecards.org/cgi-bin/carddisp.pl?gene=SF3A2"
"RPL27A","Ribosomal Protein L27a","Protein Coding","P46776","50","GC11P008682","9.52578544616699","https://www.genecards.org/cgi-bin/carddisp.pl?gene=RPL27A"
"POP1","POP1 Ribonuclease P/MRP Subunit","Protein Coding","Q99575","49","GC08P098117","9.51998710632324","https://www.genecards.org/cgi-bin/carddisp.pl?gene=POP1"
"CHTF18","Chromosome Transmission Fidelity Factor 18","Protein Coding","Q8WVB6","47","GC16P135889","9.51841926574707","https://www.genecards.org/cgi-bin/carddisp.pl?gene=CHTF18"
"PPA1","Inorganic Pyrophosphatase 1","Protein Coding","Q15181","52","GC10M070202","9.50957679748535","https://www.genecards.org/cgi-bin/carddisp.pl?gene=PPA1"
"SLC2A2","Solute Carrier Family 2 Member 2","Protein Coding","P11168","63","GC03M171024","9.50575828552246","https://www.genecards.org/cgi-bin/carddisp.pl?gene=SLC2A2"
"RBM4","RNA Binding Motif Protein 4","Protein Coding","Q9BWF3","50","GC11P066638","9.5045747756958","https://www.genecards.org/cgi-bin/carddisp.pl?gene=RBM4"
"UBR4","Ubiquitin Protein Ligase E3 Component N-Recognin 4","Protein Coding","Q5T4S7","52","GC01M019074","9.50192832946777","https://www.genecards.org/cgi-bin/carddisp.pl?gene=UBR4"
"ITGB5","Integrin Subunit Beta 5","Protein Coding","P18084","57","GC03M124761","9.48685359954834","https://www.genecards.org/cgi-bin/carddisp.pl?gene=ITGB5"
"SCYL1","SCY1 Like Pseudokinase 1","Protein Coding","Q96KG9","52","GC11P065525","9.46829414367676","https://www.genecards.org/cgi-bin/carddisp.pl?gene=SCYL1"
"WASF2","WASP Family Member 2","Protein Coding","Q9Y6W5","52","GC01M027404","9.44743824005127","https://www.genecards.org/cgi-bin/carddisp.pl?gene=WASF2"
"RNF115","Ring Finger Protein 115","Protein Coding","Q9Y4L5","42","GC01M145738","9.44151878356934","https://www.genecards.org/cgi-bin/carddisp.pl?gene=RNF115"
"CPSF7","Cleavage And Polyadenylation Specific Factor 7","Protein Coding","Q8N684","42","GC11M061402","9.43782520294189","https://www.genecards.org/cgi-bin/carddisp.pl?gene=CPSF7"
"FOXG1","Forkhead Box G1","Protein Coding","P55316","57","GC14P065492","9.43753814697266","https://www.genecards.org/cgi-bin/carddisp.pl?gene=FOXG1"
"RPA3","Replication Protein A3","Protein Coding","P35244","52","GC07M010162","9.42907619476318","https://www.genecards.org/cgi-bin/carddisp.pl?gene=RPA3"
"MYCBP","MYC Binding Protein","Protein Coding","Q99417","45","GC01M038862","9.42063522338867","https://www.genecards.org/cgi-bin/carddisp.pl?gene=MYCBP"
"DNER","Delta/Notch Like EGF Repeat Containing","Protein Coding","Q8NFT8","53","GC02M229357","9.41672801971436","https://www.genecards.org/cgi-bin/carddisp.pl?gene=DNER"
"ACTR3","Actin Related Protein 3","Protein Coding","P61158","54","GC02P113889","9.4075813293457","https://www.genecards.org/cgi-bin/carddisp.pl?gene=ACTR3"
"LPIN1","Lipin 1","Protein Coding","Q14693","59","GC02P011677","9.40635013580322","https://www.genecards.org/cgi-bin/carddisp.pl?gene=LPIN1"
"SLAMF1","Signaling Lymphocytic Activation Molecule Family Member 1","Protein Coding","Q13291","54","GC01M160608","9.4041748046875","https://www.genecards.org/cgi-bin/carddisp.pl?gene=SLAMF1"
"PIAS4","Protein Inhibitor Of Activated STAT 4","Protein Coding","Q8N2W9","52","GC19P004007","9.40023040771484","https://www.genecards.org/cgi-bin/carddisp.pl?gene=PIAS4"
"PSMD14","Proteasome 26S Subunit, Non-ATPase 14","Protein Coding","O00487","55","GC02P161308","9.39837741851807","https://www.genecards.org/cgi-bin/carddisp.pl?gene=PSMD14"
"EMD","Emerin","Protein Coding","P50402","57","GC0XP154379","9.396803855896","https://www.genecards.org/cgi-bin/carddisp.pl?gene=EMD"
"MIR629","MicroRNA 629","RNA Gene","","25","GC15M070079","9.39449119567871","https://www.genecards.org/cgi-bin/carddisp.pl?gene=MIR629"
"ZBTB33","Zinc Finger And BTB Domain Containing 33","Protein Coding","Q86T24","48","GC0XP120250","9.38803005218506","https://www.genecards.org/cgi-bin/carddisp.pl?gene=ZBTB33"
"RCOR1","REST Corepressor 1","Protein Coding","Q9UKL0","54","GC14P102592","9.38732814788818","https://www.genecards.org/cgi-bin/carddisp.pl?gene=RCOR1"
"SRP54","Signal Recognition Particle 54","Protein Coding","P61011","54","GC14P034981","9.37894916534424","https://www.genecards.org/cgi-bin/carddisp.pl?gene=SRP54"
"SMC2","Structural Maintenance Of Chromosomes 2","Protein Coding","O95347","50","GC09P104088","9.37744522094727","https://www.genecards.org/cgi-bin/carddisp.pl?gene=SMC2"
"GTSE1","G2 And S-Phase Expressed 1","Protein Coding","Q9NYZ3","44","GC22P046296","9.36306762695313","https://www.genecards.org/cgi-bin/carddisp.pl?gene=GTSE1"
"NOLC1","Nucleolar And Coiled-Body Phosphoprotein 1","Protein Coding","Q14978","50","GC10P102152","9.35845947265625","https://www.genecards.org/cgi-bin/carddisp.pl?gene=NOLC1"
"SIAH1","Siah E3 Ubiquitin Protein Ligase 1","Protein Coding","Q8IUQ4","57","GC16M057597","9.34364700317383","https://www.genecards.org/cgi-bin/carddisp.pl?gene=SIAH1"
"PHF8","PHD Finger Protein 8","Protein Coding","Q9UPP1","56","GC0XM053936","9.34181308746338","https://www.genecards.org/cgi-bin/carddisp.pl?gene=PHF8"
"CCL7","C-C Motif Chemokine Ligand 7","Protein Coding","P80098","55","GC17P034270","9.33624267578125","https://www.genecards.org/cgi-bin/carddisp.pl?gene=CCL7"
"HNRNPF","Heterogeneous Nuclear Ribonucleoprotein F","Protein Coding","P52597","52","GC10M043385","9.33401393890381","https://www.genecards.org/cgi-bin/carddisp.pl?gene=HNRNPF"
"RAP1B","RAP1B, Member Of RAS Oncogene Family","Protein Coding","P61224","57","GC12P068610","9.33321189880371","https://www.genecards.org/cgi-bin/carddisp.pl?gene=RAP1B"
"HSPA14","Heat Shock Protein Family A (Hsp70) Member 14","Protein Coding","Q0VDF9","47","GC10P014860","9.33248710632324","https://www.genecards.org/cgi-bin/carddisp.pl?gene=HSPA14"
"GFPT1","Glutamine--Fructose-6-Phosphate Transaminase 1","Protein Coding","Q06210","59","GC02M069319","9.33133029937744","https://www.genecards.org/cgi-bin/carddisp.pl?gene=GFPT1"
"LIMK2","LIM Domain Kinase 2","Protein Coding","P53671","56","GC22P031212","9.33108711242676","https://www.genecards.org/cgi-bin/carddisp.pl?gene=LIMK2"
"PLCB2","Phospholipase C Beta 2","Protein Coding","Q00722","58","GC15M040278","9.33020782470703","https://www.genecards.org/cgi-bin/carddisp.pl?gene=PLCB2"
"MIR876","MicroRNA 876","RNA Gene","","27","GC09M030456","9.32143115997314","https://www.genecards.org/cgi-bin/carddisp.pl?gene=MIR876"
"LIPG","Lipase G, Endothelial Type","Protein Coding","Q9Y5X9","57","GC18P049560","9.31761455535889","https://www.genecards.org/cgi-bin/carddisp.pl?gene=LIPG"
"TM4SF1","Transmembrane 4 L Six Family Member 1","Protein Coding","P30408","44","GC03M149372","9.31474781036377","https://www.genecards.org/cgi-bin/carddisp.pl?gene=TM4SF1"
"RPS2","Ribosomal Protein S2","Protein Coding","P15880","51","GC16M055139","9.30955982208252","https://www.genecards.org/cgi-bin/carddisp.pl?gene=RPS2"
"CPSF1","Cleavage And Polyadenylation Specific Factor 1","Protein Coding","Q10570","52","GC08M144393","9.30867481231689","https://www.genecards.org/cgi-bin/carddisp.pl?gene=CPSF1"
"RIPK2","Receptor Interacting Serine/Threonine Kinase 2","Protein Coding","O43353","58","GC08P090122","9.30619430541992","https://www.genecards.org/cgi-bin/carddisp.pl?gene=RIPK2"
"GABRP","Gamma-Aminobutyric Acid Type A Receptor Subunit Pi","Protein Coding","O00591","49","GC05P170763","9.30542755126953","https://www.genecards.org/cgi-bin/carddisp.pl?gene=GABRP"
"ACTR2","Actin Related Protein 2","Protein Coding","P61160","54","GC02P065227","9.29280662536621","https://www.genecards.org/cgi-bin/carddisp.pl?gene=ACTR2"
"EIF3M","Eukaryotic Translation Initiation Factor 3 Subunit M","Protein Coding","Q7L2H7","49","GC11P032799","9.28338432312012","https://www.genecards.org/cgi-bin/carddisp.pl?gene=EIF3M"
"MFN1","Mitofusin 1","Protein Coding","Q8IWA4","54","GC03P179383","9.27951145172119","https://www.genecards.org/cgi-bin/carddisp.pl?gene=MFN1"
"MACROH2A1","MacroH2A.1 Histone","Protein Coding","O75367","54","GC05M135368","9.27019596099854","https://www.genecards.org/cgi-bin/carddisp.pl?gene=MACROH2A1"
"TXNRD2","Thioredoxin Reductase 2","Protein Coding","Q9NNW7","57","GC22M090212","9.2613353729248","https://www.genecards.org/cgi-bin/carddisp.pl?gene=TXNRD2"
"RNF20","Ring Finger Protein 20","Protein Coding","Q5VTR2","50","GC09P101533","9.2518367767334","https://www.genecards.org/cgi-bin/carddisp.pl?gene=RNF20"
"ITGB7","Integrin Subunit Beta 7","Protein Coding","P26010","57","GC12M053191","9.2438268661499","https://www.genecards.org/cgi-bin/carddisp.pl?gene=ITGB7"
"USP10","Ubiquitin Specific Peptidase 10","Protein Coding","Q14694","55","GC16P138241","9.24295234680176","https://www.genecards.org/cgi-bin/carddisp.pl?gene=USP10"
"UBE2S","Ubiquitin Conjugating Enzyme E2 S","Protein Coding","Q16763","52","GC19M055399","9.2343578338623","https://www.genecards.org/cgi-bin/carddisp.pl?gene=UBE2S"
"ELOB","Elongin B","Protein Coding","Q15370","51","GC16M055219","9.23227214813232","https://www.genecards.org/cgi-bin/carddisp.pl?gene=ELOB"
"SCUBE2","Signal Peptide, CUB Domain And EGF Like Domain Containing 2","Protein Coding","Q9NQ36","50","GC11M009019","9.22492694854736","https://www.genecards.org/cgi-bin/carddisp.pl?gene=SCUBE2"
"DPF2","Double PHD Fingers 2","Protein Coding","Q92785","54","GC11P129887","9.22481918334961","https://www.genecards.org/cgi-bin/carddisp.pl?gene=DPF2"
"GINS1","GINS Complex Subunit 1","Protein Coding","Q14691","51","GC20P027112","9.21311378479004","https://www.genecards.org/cgi-bin/carddisp.pl?gene=GINS1"
"GLUD1","Glutamate Dehydrogenase 1","Protein Coding","P00367","63","GC10M087050","9.20569801330566","https://www.genecards.org/cgi-bin/carddisp.pl?gene=GLUD1"
"DEFB1","Defensin Beta 1","Protein Coding","P60022","51","GC08M006870","9.20364189147949","https://www.genecards.org/cgi-bin/carddisp.pl?gene=DEFB1"
"ABCG1","ATP Binding Cassette Subfamily G Member 1","Protein Coding","P45844","55","GC21P042199","9.20338344573975","https://www.genecards.org/cgi-bin/carddisp.pl?gene=ABCG1"
"NRF1","Nuclear Respiratory Factor 1","Protein Coding","Q16656","56","GC07P129611","9.19494152069092","https://www.genecards.org/cgi-bin/carddisp.pl?gene=NRF1"
"ACTN1","Actinin Alpha 1","Protein Coding","P12814","61","GC14M068874","9.19340324401855","https://www.genecards.org/cgi-bin/carddisp.pl?gene=ACTN1"
"PLCD1","Phospholipase C Delta 1","Protein Coding","P51178","59","GC03M038008","9.19011688232422","https://www.genecards.org/cgi-bin/carddisp.pl?gene=PLCD1"
"WARS1","Tryptophanyl-TRNA Synthetase 1","Protein Coding","P23381","58","GC14M126512","9.18260097503662","https://www.genecards.org/cgi-bin/carddisp.pl?gene=WARS1"
"CD109","CD109 Molecule","Protein Coding","Q6YHK3","51","GC06P199968","9.18021297454834","https://www.genecards.org/cgi-bin/carddisp.pl?gene=CD109"
"ACAT1","Acetyl-CoA Acetyltransferase 1","Protein Coding","P24752","63","GC11P131407","9.17900371551514","https://www.genecards.org/cgi-bin/carddisp.pl?gene=ACAT1"
"H3C1","H3 Clustered Histone 1","Protein Coding","P68431","51","GC06P199333","9.17288684844971","https://www.genecards.org/cgi-bin/carddisp.pl?gene=H3C1"
"KRT2","Keratin 2","Protein Coding","P35908","52","GC12M053241","9.1693172454834","https://www.genecards.org/cgi-bin/carddisp.pl?gene=KRT2"
"PRRX1","Paired Related Homeobox 1","Protein Coding","P54821","52","GC01P170662","9.16154193878174","https://www.genecards.org/cgi-bin/carddisp.pl?gene=PRRX1"
"DBN1","Drebrin 1","Protein Coding","Q16643","54","GC05M177456","9.15924549102783","https://www.genecards.org/cgi-bin/carddisp.pl?gene=DBN1"
"ASF1B","Anti-Silencing Function 1B Histone Chaperone","Protein Coding","Q9NVP2","50","GC19M014119","9.15657043457031","https://www.genecards.org/cgi-bin/carddisp.pl?gene=ASF1B"
"RIF1","Replication Timing Regulatory Factor 1","Protein Coding","Q5UIP0","48","GC02P151409","9.15645503997803","https://www.genecards.org/cgi-bin/carddisp.pl?gene=RIF1"
"PRPF3","Pre-MRNA Processing Factor 3","Protein Coding","O43395","54","GC01P150321","9.15428352355957","https://www.genecards.org/cgi-bin/carddisp.pl?gene=PRPF3"
"MIR1915HG","MIR1915 Host Gene","RNA Gene","Q5T4H9","30","GC10M021484","9.15223598480225","https://www.genecards.org/cgi-bin/carddisp.pl?gene=MIR1915HG"
"CDC16","Cell Division Cycle 16","Protein Coding","Q13042","52","GC13P114234","9.15120220184326","https://www.genecards.org/cgi-bin/carddisp.pl?gene=CDC16"
"DDX6","DEAD-Box Helicase 6","Protein Coding","P26196","57","GC11M147032","9.1426362991333","https://www.genecards.org/cgi-bin/carddisp.pl?gene=DDX6"
"ANP32A","Acidic Nuclear Phosphoprotein 32 Family Member A","Protein Coding","P39687","55","GC15M068778","9.12737274169922","https://www.genecards.org/cgi-bin/carddisp.pl?gene=ANP32A"
"TRIM21","Tripartite Motif Containing 21","Protein Coding","P19474","55","GC11M004384","9.12166213989258","https://www.genecards.org/cgi-bin/carddisp.pl?gene=TRIM21"
"TARS1","Threonyl-TRNA Synthetase 1","Protein Coding","P26639","54","GC05P034079","9.11861896514893","https://www.genecards.org/cgi-bin/carddisp.pl?gene=TARS1"
"GANAB","Glucosidase II Alpha Subunit","Protein Coding","Q14697","59","GC11M146061","9.11287117004395","https://www.genecards.org/cgi-bin/carddisp.pl?gene=GANAB"
"SPAG5","Sperm Associated Antigen 5","Protein Coding","Q96R06","47","GC17M028577","9.11185836791992","https://www.genecards.org/cgi-bin/carddisp.pl?gene=SPAG5"
"ECD","Ecdysoneless Cell Cycle Regulator","Protein Coding","O95905","50","GC10M073130","9.10743045806885","https://www.genecards.org/cgi-bin/carddisp.pl?gene=ECD"
"P4HA2","Prolyl 4-Hydroxylase Subunit Alpha 2","Protein Coding","O15460","56","GC05M132193","9.1053352355957","https://www.genecards.org/cgi-bin/carddisp.pl?gene=P4HA2"
"MYOF","Myoferlin","Protein Coding","Q9NZM1","54","GC10M093306","9.10252380371094","https://www.genecards.org/cgi-bin/carddisp.pl?gene=MYOF"
"MPRIP","Myosin Phosphatase Rho Interacting Protein","Protein Coding","Q6WCQ1","50","GC17P017042","9.10217475891113","https://www.genecards.org/cgi-bin/carddisp.pl?gene=MPRIP"
"DLAT","Dihydrolipoamide S-Acetyltransferase","Protein Coding","P10515","58","GC11P131507","9.08442401885986","https://www.genecards.org/cgi-bin/carddisp.pl?gene=DLAT"
"RBMX","RNA Binding Motif Protein X-Linked","Protein Coding","P38159","53","GC0XM136848","9.07088851928711","https://www.genecards.org/cgi-bin/carddisp.pl?gene=RBMX"
"EP400","E1A Binding Protein P400","Protein Coding","Q96L91","45","GC12P131949","9.06486892700195","https://www.genecards.org/cgi-bin/carddisp.pl?gene=EP400"
"EMP2","Epithelial Membrane Protein 2","Protein Coding","P54851","54","GC16M055494","9.061203956604","https://www.genecards.org/cgi-bin/carddisp.pl?gene=EMP2"
"ZNF750","Zinc Finger Protein 750","Protein Coding","Q32MQ0","45","GC17M082829","9.0531120300293","https://www.genecards.org/cgi-bin/carddisp.pl?gene=ZNF750"
"HEXIM1","HEXIM P-TEFb Complex Subunit 1","Protein Coding","O94992","47","GC17P175708","9.05016899108887","https://www.genecards.org/cgi-bin/carddisp.pl?gene=HEXIM1"
"CALM2","Calmodulin 2","Protein Coding","P0DP24","55","GC02M047160","9.04433631896973","https://www.genecards.org/cgi-bin/carddisp.pl?gene=CALM2"
"HNRNPDL","Heterogeneous Nuclear Ribonucleoprotein D Like","Protein Coding","O14979","54","GC04M082422","9.0405797958374","https://www.genecards.org/cgi-bin/carddisp.pl?gene=HNRNPDL"
"BAIAP2-DT","BAIAP2 Divergent Transcript","RNA Gene","","22","GC17M105765","9.03571128845215","https://www.genecards.org/cgi-bin/carddisp.pl?gene=BAIAP2-DT"
"HOXC13","Homeobox C13","Protein Coding","P31276","50","GC12P053938","9.03076362609863","https://www.genecards.org/cgi-bin/carddisp.pl?gene=HOXC13"
"DIDO1","Death Inducer-Obliterator 1","Protein Coding","Q9BTC0","49","GC20M062877","9.02495861053467","https://www.genecards.org/cgi-bin/carddisp.pl?gene=DIDO1"
"LMO7","LIM Domain 7","Protein Coding","Q8WWI1","50","GC13P075620","9.02420520782471","https://www.genecards.org/cgi-bin/carddisp.pl?gene=LMO7"
"MIR526B","MicroRNA 526b","RNA Gene","","26","GC19P053694","9.01066398620605","https://www.genecards.org/cgi-bin/carddisp.pl?gene=MIR526B"
"GPT2","Glutamic--Pyruvic Transaminase 2","Protein Coding","Q8TD30","58","GC16P137110","9.00771903991699","https://www.genecards.org/cgi-bin/carddisp.pl?gene=GPT2"
"E2F7","E2F Transcription Factor 7","Protein Coding","Q96AV8","48","GC12M077021","9.00629329681396","https://www.genecards.org/cgi-bin/carddisp.pl?gene=E2F7"
"HDC","Histidine Decarboxylase","Protein Coding","P19113","57","GC15M050241","9.00366020202637","https://www.genecards.org/cgi-bin/carddisp.pl?gene=HDC"
"DCD","Dermcidin","Protein Coding","P81605","49","GC12M054644","9.00190830230713","https://www.genecards.org/cgi-bin/carddisp.pl?gene=DCD"
"USP11","Ubiquitin Specific Peptidase 11","Protein Coding","P51784","52","GC0XP047232","8.99242973327637","https://www.genecards.org/cgi-bin/carddisp.pl?gene=USP11"
"RPL12","Ribosomal Protein L12","Protein Coding","P30050","51","GC09M127447","8.99231147766113","https://www.genecards.org/cgi-bin/carddisp.pl?gene=RPL12"
"HNRNPR","Heterogeneous Nuclear Ribonucleoprotein R","Protein Coding","O43390","52","GC01M023303","8.98790168762207","https://www.genecards.org/cgi-bin/carddisp.pl?gene=HNRNPR"
"RRBP1","Ribosome Binding Protein 1","Protein Coding","Q9P2E9","48","GC20M017613","8.98620223999023","https://www.genecards.org/cgi-bin/carddisp.pl?gene=RRBP1"
"RPL34","Ribosomal Protein L34","Protein Coding","P49207","52","GC04P108620","8.98006439208984","https://www.genecards.org/cgi-bin/carddisp.pl?gene=RPL34"
"DYRK2","Dual Specificity Tyrosine Phosphorylation Regulated Kinase 2","Protein Coding","Q92630","56","GC12P087353","8.97647285461426","https://www.genecards.org/cgi-bin/carddisp.pl?gene=DYRK2"
"ZNF24","Zinc Finger Protein 24","Protein Coding","P17028","46","GC18M035332","8.96600914001465","https://www.genecards.org/cgi-bin/carddisp.pl?gene=ZNF24"
"TRA2B","Transformer 2 Beta Homolog","Protein Coding","P62995","52","GC03M185914","8.96236038208008","https://www.genecards.org/cgi-bin/carddisp.pl?gene=TRA2B"
"ATAD5","ATPase Family AAA Domain Containing 5","Protein Coding","Q96QE3","47","GC17P175154","8.96213817596436","https://www.genecards.org/cgi-bin/carddisp.pl?gene=ATAD5"
"PLIN1","Perilipin 1","Protein Coding","O60240","58","GC15M089664","8.960524559021","https://www.genecards.org/cgi-bin/carddisp.pl?gene=PLIN1"
"FADS2","Fatty Acid Desaturase 2","Protein Coding","O95864","54","GC11P061792","8.96025848388672","https://www.genecards.org/cgi-bin/carddisp.pl?gene=FADS2"
"PADI4","Peptidyl Arginine Deiminase 4","Protein Coding","Q9UM07","58","GC01P017308","8.95655250549316","https://www.genecards.org/cgi-bin/carddisp.pl?gene=PADI4"
"MIR769","MicroRNA 769","RNA Gene","","22","GC19P046018","8.94366455078125","https://www.genecards.org/cgi-bin/carddisp.pl?gene=MIR769"
"CDO1","Cysteine Dioxygenase Type 1","Protein Coding","Q16878","51","GC05M115804","8.94135856628418","https://www.genecards.org/cgi-bin/carddisp.pl?gene=CDO1"
"RAB1B","RAB1B, Member RAS Oncogene Family","Protein Coding","Q9H0U4","50","GC11P129959","8.9409875869751","https://www.genecards.org/cgi-bin/carddisp.pl?gene=RAB1B"
"MED24","Mediator Complex Subunit 24","Protein Coding","O75448","44","GC17M040019","8.9254903793335","https://www.genecards.org/cgi-bin/carddisp.pl?gene=MED24"
"SPECC1L","Sperm Antigen With Calponin Homology And Coiled-Coil Domains 1 Like","Protein Coding","Q69YQ0","51","GC22P102244","8.92062473297119","https://www.genecards.org/cgi-bin/carddisp.pl?gene=SPECC1L"
"CYGB","Cytoglobin","Protein Coding","Q8WWM9","51","GC17M076527","8.91014003753662","https://www.genecards.org/cgi-bin/carddisp.pl?gene=CYGB"
"FBLN5","Fibulin 5","Protein Coding","Q9UBX5","59","GC14M091869","8.90387630462646","https://www.genecards.org/cgi-bin/carddisp.pl?gene=FBLN5"
"YWHAH","Tyrosine 3-Monooxygenase/Tryptophan 5-Monooxygenase Activation Protein Eta","Protein Coding","Q04917","59","GC22P031944","8.90371131896973","https://www.genecards.org/cgi-bin/carddisp.pl?gene=YWHAH"
"LOXL4","Lysyl Oxidase Like 4","Protein Coding","Q96JB6","56","GC10M098247","8.90045642852783","https://www.genecards.org/cgi-bin/carddisp.pl?gene=LOXL4"
"SNRPA","Small Nuclear Ribonucleoprotein Polypeptide A","Protein Coding","P09012","52","GC19P040750","8.88616371154785","https://www.genecards.org/cgi-bin/carddisp.pl?gene=SNRPA"
"MIR369","MicroRNA 369","RNA Gene","","28","GC14P123643","8.87705421447754","https://www.genecards.org/cgi-bin/carddisp.pl?gene=MIR369"
"MIR454","MicroRNA 454","RNA Gene","","26","GC17M059137","8.86732387542725","https://www.genecards.org/cgi-bin/carddisp.pl?gene=MIR454"
"ULK2","Unc-51 Like Autophagy Activating Kinase 2","Protein Coding","Q8IYT8","54","GC17M104090","8.8668851852417","https://www.genecards.org/cgi-bin/carddisp.pl?gene=ULK2"
"SAA1","Serum Amyloid A1","Protein Coding","P0DJI8","51","GC11P025414","8.86667251586914","https://www.genecards.org/cgi-bin/carddisp.pl?gene=SAA1"
"RBMS3","RNA Binding Motif Single Stranded Interacting Protein 3","Protein Coding","Q6XE24","45","GC03P030689","8.85982227325439","https://www.genecards.org/cgi-bin/carddisp.pl?gene=RBMS3"
"RALY","RALY Heterogeneous Nuclear Ribonucleoprotein","Protein Coding","Q9UKM9","45","GC20P033993","8.8540735244751","https://www.genecards.org/cgi-bin/carddisp.pl?gene=RALY"
"MED28","Mediator Complex Subunit 28","Protein Coding","Q9H204","47","GC04P034363","8.85156917572021","https://www.genecards.org/cgi-bin/carddisp.pl?gene=MED28"
"EPHA10","EPH Receptor A10","Protein Coding","Q5JZY3","52","GC01M037713","8.85041236877441","https://www.genecards.org/cgi-bin/carddisp.pl?gene=EPHA10"
"EZH1","Enhancer Of Zeste 1 Polycomb Repressive Complex 2 Subunit","Protein Coding","Q92800","58","GC17M042700","8.85030460357666","https://www.genecards.org/cgi-bin/carddisp.pl?gene=EZH1"
"ARHGDIA","Rho GDP Dissociation Inhibitor Alpha","Protein Coding","P52565","58","GC17M081867","8.84654712677002","https://www.genecards.org/cgi-bin/carddisp.pl?gene=ARHGDIA"
"KRT13","Keratin 13","Protein Coding","P13646","55","GC17M041500","8.84622287750244","https://www.genecards.org/cgi-bin/carddisp.pl?gene=KRT13"
"FKBP1A","FKBP Prolyl Isomerase 1A","Protein Coding","P62942","61","GC20M001369","8.84207820892334","https://www.genecards.org/cgi-bin/carddisp.pl?gene=FKBP1A"
"RPL23A","Ribosomal Protein L23a","Protein Coding","P62750","51","GC17P028719","8.83939933776855","https://www.genecards.org/cgi-bin/carddisp.pl?gene=RPL23A"
"RPS4X","Ribosomal Protein S4 X-Linked","Protein Coding","P62701","48","GC0XM072255","8.83680629730225","https://www.genecards.org/cgi-bin/carddisp.pl?gene=RPS4X"
"GOT2","Glutamic-Oxaloacetic Transaminase 2","Protein Coding","P00505","60","GC16M058707","8.82922649383545","https://www.genecards.org/cgi-bin/carddisp.pl?gene=GOT2"
"PRPF4","Pre-MRNA Splicing Tri-SnRNP Complex Factor PRPF4","Protein Coding","O43172","52","GC09P113275","8.82363605499268","https://www.genecards.org/cgi-bin/carddisp.pl?gene=PRPF4"
"SLC38A2","Solute Carrier Family 38 Member 2","Protein Coding","Q96QD8","52","GC12M046358","8.81942462921143","https://www.genecards.org/cgi-bin/carddisp.pl?gene=SLC38A2"
"MIR539","MicroRNA 539","RNA Gene","","26","GC14P123666","8.81213665008545","https://www.genecards.org/cgi-bin/carddisp.pl?gene=MIR539"
"CTAGE1","Cutaneous T Cell Lymphoma-Associated Antigen 1","Protein Coding","Q9HC47","43","GC18M022413","8.81005668640137","https://www.genecards.org/cgi-bin/carddisp.pl?gene=CTAGE1"
"ANKLE1","Ankyrin Repeat And LEM Domain Containing 1","Protein Coding","Q8NAG6","45","GC19P171210","8.80677700042725","https://www.genecards.org/cgi-bin/carddisp.pl?gene=ANKLE1"
"RPL4","Ribosomal Protein L4","Protein Coding","P36578","52","GC15M066498","8.80672645568848","https://www.genecards.org/cgi-bin/carddisp.pl?gene=RPL4"
"LILRB1","Leukocyte Immunoglobulin Like Receptor B1","Protein Coding","Q8NHL6","55","GC19P172240","8.80477333068848","https://www.genecards.org/cgi-bin/carddisp.pl?gene=LILRB1"
"AQP5","Aquaporin 5","Protein Coding","P55064","59","GC12P049961","8.80456733703613","https://www.genecards.org/cgi-bin/carddisp.pl?gene=AQP5"
"RAPGEF3","Rap Guanine Nucleotide Exchange Factor 3","Protein Coding","O95398","57","GC12M047736","8.80128192901611","https://www.genecards.org/cgi-bin/carddisp.pl?gene=RAPGEF3"
"SCNN1A","Sodium Channel Epithelial 1 Subunit Alpha","Protein Coding","P37088","61","GC12M006346","8.79757499694824","https://www.genecards.org/cgi-bin/carddisp.pl?gene=SCNN1A"
"KRT6B","Keratin 6B","Protein Coding","P04259","51","GC12M052446","8.79745674133301","https://www.genecards.org/cgi-bin/carddisp.pl?gene=KRT6B"
"COPA","Coat Protein Complex I Subunit Alpha","Protein Coding","P53621","54","GC01M160288","8.78393840789795","https://www.genecards.org/cgi-bin/carddisp.pl?gene=COPA"
"RPS5","Ribosomal Protein S5","Protein Coding","P46782","53","GC19P172412","8.78277969360352","https://www.genecards.org/cgi-bin/carddisp.pl?gene=RPS5"
"DDX47","DEAD-Box Helicase 47","Protein Coding","Q9H0S4","47","GC12P085929","8.78117370605469","https://www.genecards.org/cgi-bin/carddisp.pl?gene=DDX47"
"CAPRIN1","Cell Cycle Associated Protein 1","Protein Coding","Q14444","51","GC11P034051","8.78020858764648","https://www.genecards.org/cgi-bin/carddisp.pl?gene=CAPRIN1"
"WBP2","WW Domain Binding Protein 2","Protein Coding","Q969T9","48","GC17M075845","8.77589416503906","https://www.genecards.org/cgi-bin/carddisp.pl?gene=WBP2"
"VAPA","VAMP Associated Protein A","Protein Coding","Q9P0L0","55","GC18P009994","8.77329158782959","https://www.genecards.org/cgi-bin/carddisp.pl?gene=VAPA"
"TRIM26","Tripartite Motif Containing 26","Protein Coding","Q12899","42","GC06M030184","8.7692985534668","https://www.genecards.org/cgi-bin/carddisp.pl?gene=TRIM26"
"TRPM4","Transient Receptor Potential Cation Channel Subfamily M Member 4","Protein Coding","Q8TD43","55","GC19P049157","8.76691055297852","https://www.genecards.org/cgi-bin/carddisp.pl?gene=TRPM4"
"FIP1L1","Factor Interacting With PAPOLA And CPSF1","Protein Coding","Q6UN15","50","GC04P054023","8.7648754119873","https://www.genecards.org/cgi-bin/carddisp.pl?gene=FIP1L1"
"FILIP1","Filamin A Interacting Protein 1","Protein Coding","Q7Z7B0","46","GC06M075291","8.75532627105713","https://www.genecards.org/cgi-bin/carddisp.pl?gene=FILIP1"
"DIAPH1","Diaphanous Related Formin 1","Protein Coding","O60610","59","GC05M141516","8.7528657913208","https://www.genecards.org/cgi-bin/carddisp.pl?gene=DIAPH1"
"PUF60","Poly(U) Binding Splicing Factor 60","Protein Coding","Q9UHX1","54","GC08M143816","8.74698352813721","https://www.genecards.org/cgi-bin/carddisp.pl?gene=PUF60"
"CDK19","Cyclin Dependent Kinase 19","Protein Coding","Q9BWU1","55","GC06M110609","8.74033069610596","https://www.genecards.org/cgi-bin/carddisp.pl?gene=CDK19"
"SSB","Small RNA Binding Exonuclease Protection Factor La","Protein Coding","P05455","54","GC02P169791","8.73793792724609","https://www.genecards.org/cgi-bin/carddisp.pl?gene=SSB"
"TGIF2","TGFB Induced Factor Homeobox 2","Protein Coding","Q9GZN2","48","GC20P059579","8.73704147338867","https://www.genecards.org/cgi-bin/carddisp.pl?gene=TGIF2"
"BAZ2A","Bromodomain Adjacent To Zinc Finger Domain 2A","Protein Coding","Q9UIF9","46","GC12M056595","8.73601722717285","https://www.genecards.org/cgi-bin/carddisp.pl?gene=BAZ2A"
"PFN2","Profilin 2","Protein Coding","P35080","51","GC03M149964","8.73275661468506","https://www.genecards.org/cgi-bin/carddisp.pl?gene=PFN2"
"ANXA4","Annexin A4","Protein Coding","P09525","51","GC02P069664","8.73225879669189","https://www.genecards.org/cgi-bin/carddisp.pl?gene=ANXA4"
"NUP133","Nucleoporin 133","Protein Coding","Q8WUM0","52","GC01M231084","8.73001194000244","https://www.genecards.org/cgi-bin/carddisp.pl?gene=NUP133"
"NCAPD2","Non-SMC Condensin I Complex Subunit D2","Protein Coding","Q15021","51","GC12P006493","8.7202672958374","https://www.genecards.org/cgi-bin/carddisp.pl?gene=NCAPD2"
"TUBA1C","Tubulin Alpha 1c","Protein Coding","Q9BQE3","55","GC12P049188","8.70980930328369","https://www.genecards.org/cgi-bin/carddisp.pl?gene=TUBA1C"
"DHX38","DEAH-Box Helicase 38","Protein Coding","Q92620","53","GC16P137868","8.69696521759033","https://www.genecards.org/cgi-bin/carddisp.pl?gene=DHX38"
"TCF20","Transcription Factor 20","Protein Coding","Q9UGU0","49","GC22M042160","8.68959522247314","https://www.genecards.org/cgi-bin/carddisp.pl?gene=TCF20"
"FSTL1","Follistatin Like 1","Protein Coding","Q12841","53","GC03M120392","8.68675518035889","https://www.genecards.org/cgi-bin/carddisp.pl?gene=FSTL1"
"NFYA","Nuclear Transcription Factor Y Subunit Alpha","Protein Coding","P23511","50","GC06P199683","8.68447780609131","https://www.genecards.org/cgi-bin/carddisp.pl?gene=NFYA"
"UACA","Uveal Autoantigen With Coiled-Coil Domains And Ankyrin Repeats","Protein Coding","Q9BZF9","44","GC15M070654","8.67946815490723","https://www.genecards.org/cgi-bin/carddisp.pl?gene=UACA"
"EIF5B","Eukaryotic Translation Initiation Factor 5B","Protein Coding","O60841","51","GC02P099337","8.67702579498291","https://www.genecards.org/cgi-bin/carddisp.pl?gene=EIF5B"
"EIF3I","Eukaryotic Translation Initiation Factor 3 Subunit I","Protein Coding","Q13347","48","GC01P032221","8.67681694030762","https://www.genecards.org/cgi-bin/carddisp.pl?gene=EIF3I"
"PDZK1","PDZ Domain Containing 1","Protein Coding","Q5T2W1","52","GC01M145670","8.67411994934082","https://www.genecards.org/cgi-bin/carddisp.pl?gene=PDZK1"
"RBM47","RNA Binding Motif Protein 47","Protein Coding","A0AV96","44","GC04M040646","8.67187404632568","https://www.genecards.org/cgi-bin/carddisp.pl?gene=RBM47"
"RPS23","Ribosomal Protein S23","Protein Coding","P62266","51","GC05M082273","8.66908836364746","https://www.genecards.org/cgi-bin/carddisp.pl?gene=RPS23"
"KRT16","Keratin 16","Protein Coding","P08779","55","GC17M041609","8.66763782501221","https://www.genecards.org/cgi-bin/carddisp.pl?gene=KRT16"
"DEPTOR","DEP Domain Containing MTOR Interacting Protein","Protein Coding","Q8TB45","53","GC08P119873","8.66337871551514","https://www.genecards.org/cgi-bin/carddisp.pl?gene=DEPTOR"
"RPS3A","Ribosomal Protein S3A","Protein Coding","P61247","51","GC04P151099","8.66192436218262","https://www.genecards.org/cgi-bin/carddisp.pl?gene=RPS3A"
"PPP1R12A","Protein Phosphatase 1 Regulatory Subunit 12A","Protein Coding","O14974","56","GC12M079773","8.6610050201416","https://www.genecards.org/cgi-bin/carddisp.pl?gene=PPP1R12A"
"KCNK9","Potassium Two Pore Domain Channel Subfamily K Member 9","Protein Coding","Q9NPC2","57","GC08M139585","8.65935325622559","https://www.genecards.org/cgi-bin/carddisp.pl?gene=KCNK9"
"PABPC4","Poly(A) Binding Protein Cytoplasmic 4","Protein Coding","Q13310","52","GC01M039560","8.64906597137451","https://www.genecards.org/cgi-bin/carddisp.pl?gene=PABPC4"
"MIR655","MicroRNA 655","RNA Gene","","17","GC14P123670","8.64483642578125","https://www.genecards.org/cgi-bin/carddisp.pl?gene=MIR655"
"PTGER3","Prostaglandin E Receptor 3","Protein Coding","P43115","58","GC01M070852","8.63789081573486","https://www.genecards.org/cgi-bin/carddisp.pl?gene=PTGER3"
"SUMO2","Small Ubiquitin Like Modifier 2","Protein Coding","P61956","54","GC17M075165","8.63755798339844","https://www.genecards.org/cgi-bin/carddisp.pl?gene=SUMO2"
"ACTBL2","Actin Beta Like 2","Protein Coding","Q562R1","44","GC05M057480","8.6292142868042","https://www.genecards.org/cgi-bin/carddisp.pl?gene=ACTBL2"
"BOD1L1","Biorientation Of Chromosomes In Cell Division 1 Like 1","Protein Coding","Q8NFC6","45","GC04M013571","8.62737941741943","https://www.genecards.org/cgi-bin/carddisp.pl?gene=BOD1L1"
"ARPC2","Actin Related Protein 2/3 Complex Subunit 2","Protein Coding","O15144","54","GC02P218217","8.6198034286499","https://www.genecards.org/cgi-bin/carddisp.pl?gene=ARPC2"
"SRSF5","Serine And Arginine Rich Splicing Factor 5","Protein Coding","Q13243","46","GC14P069727","8.61614990234375","https://www.genecards.org/cgi-bin/carddisp.pl?gene=SRSF5"
"ARHGAP42","Rho GTPase Activating Protein 42","Protein Coding","A6NI28","47","GC11P100687","8.61142635345459","https://www.genecards.org/cgi-bin/carddisp.pl?gene=ARHGAP42"
"USP21","Ubiquitin Specific Peptidase 21","Protein Coding","Q9UK80","48","GC01P161159","8.60919857025146","https://www.genecards.org/cgi-bin/carddisp.pl?gene=USP21"
"FUCA2","Alpha-L-Fucosidase 2","Protein Coding","Q9BTY2","52","GC06M143494","8.60178279876709","https://www.genecards.org/cgi-bin/carddisp.pl?gene=FUCA2"
"UFL1","UFM1 Specific Ligase 1","Protein Coding","O94874","45","GC06P096521","8.60144233703613","https://www.genecards.org/cgi-bin/carddisp.pl?gene=UFL1"
"NAP1L1","Nucleosome Assembly Protein 1 Like 1","Protein Coding","P55209","49","GC12M076036","8.59576416015625","https://www.genecards.org/cgi-bin/carddisp.pl?gene=NAP1L1"
"TRPC6","Transient Receptor Potential Cation Channel Subfamily C Member 6","Protein Coding","Q9Y210","62","GC11M101451","8.59422779083252","https://www.genecards.org/cgi-bin/carddisp.pl?gene=TRPC6"
"CD2BP2","CD2 Cytoplasmic Tail Binding Protein 2","Protein Coding","O95400","43","GC16M030350","8.5810604095459","https://www.genecards.org/cgi-bin/carddisp.pl?gene=CD2BP2"
"EDIL3","EGF Like And Discoidin Domains 3","Protein Coding","O43854","48","GC05M083940","8.57848167419434","https://www.genecards.org/cgi-bin/carddisp.pl?gene=EDIL3"
"POLR1A","RNA Polymerase I Subunit A","Protein Coding","O95602","56","GC02M086021","8.57185459136963","https://www.genecards.org/cgi-bin/carddisp.pl?gene=POLR1A"
"MGLL","Monoglyceride Lipase","Protein Coding","Q99685","57","GC03M127689","8.56965446472168","https://www.genecards.org/cgi-bin/carddisp.pl?gene=MGLL"
"ERO1A","Endoplasmic Reticulum Oxidoreductase 1 Alpha","Protein Coding","Q96HE7","53","GC14M052640","8.56937503814697","https://www.genecards.org/cgi-bin/carddisp.pl?gene=ERO1A"
"MIR1224","MicroRNA 1224","RNA Gene","","27","GC03P184241","8.56363868713379","https://www.genecards.org/cgi-bin/carddisp.pl?gene=MIR1224"
"SOX8","SRY-Box Transcription Factor 8","Protein Coding","P57073","50","GC16P000981","8.56091690063477","https://www.genecards.org/cgi-bin/carddisp.pl?gene=SOX8"
"F2RL3","F2R Like Thrombin Or Trypsin Receptor 3","Protein Coding","Q96RI0","55","GC19P016888","8.56065845489502","https://www.genecards.org/cgi-bin/carddisp.pl?gene=F2RL3"
"OIP5","Opa Interacting Protein 5","Protein Coding","O43482","40","GC15M041309","8.56058979034424","https://www.genecards.org/cgi-bin/carddisp.pl?gene=OIP5"
"STK38","Serine/Threonine Kinase 38","Protein Coding","Q15208","49","GC06M036493","8.55867195129395","https://www.genecards.org/cgi-bin/carddisp.pl?gene=STK38"
"LETM1","Leucine Zipper And EF-Hand Containing Transmembrane Protein 1","Protein Coding","O95202","55","GC04M001811","8.5520544052124","https://www.genecards.org/cgi-bin/carddisp.pl?gene=LETM1"
"DSG1","Desmoglein 1","Protein Coding","Q02413","54","GC18P031318","8.55205249786377","https://www.genecards.org/cgi-bin/carddisp.pl?gene=DSG1"
"TJP2","Tight Junction Protein 2","Protein Coding","Q9UDY2","57","GC09P069121","8.55013370513916","https://www.genecards.org/cgi-bin/carddisp.pl?gene=TJP2"
"OPTN","Optineurin","Protein Coding","Q96CV9","55","GC10P013099","8.54708003997803","https://www.genecards.org/cgi-bin/carddisp.pl?gene=OPTN"
"ERCC6L","ERCC Excision Repair 6 Like, Spindle Assembly Checkpoint Helicase","Protein Coding","Q2NKX8","49","GC0XM072204","8.53859615325928","https://www.genecards.org/cgi-bin/carddisp.pl?gene=ERCC6L"
"GPX8","Glutathione Peroxidase 8 (Putative)","Protein Coding","Q8TED1","51","GC05P055160","8.53303718566895","https://www.genecards.org/cgi-bin/carddisp.pl?gene=GPX8"
"IRS4","Insulin Receptor Substrate 4","Protein Coding","O14654","53","GC0XM108720","8.53158092498779","https://www.genecards.org/cgi-bin/carddisp.pl?gene=IRS4"
"FADS1","Fatty Acid Desaturase 1","Protein Coding","O60427","55","GC11M061799","8.52158737182617","https://www.genecards.org/cgi-bin/carddisp.pl?gene=FADS1"
"WDR48","WD Repeat Domain 48","Protein Coding","Q8TAF3","51","GC03P068725","8.51783561706543","https://www.genecards.org/cgi-bin/carddisp.pl?gene=WDR48"
"RPLP1","Ribosomal Protein Lateral Stalk Subunit P1","Protein Coding","P05386","52","GC15P210906","8.51371479034424","https://www.genecards.org/cgi-bin/carddisp.pl?gene=RPLP1"
"FERMT2","FERM Domain Containing Kindlin 2","Protein Coding","Q96AC1","50","GC14M052857","8.50573635101318","https://www.genecards.org/cgi-bin/carddisp.pl?gene=FERMT2"
"GRK5","G Protein-Coupled Receptor Kinase 5","Protein Coding","P34947","57","GC10P119207","8.50265407562256","https://www.genecards.org/cgi-bin/carddisp.pl?gene=GRK5"
"OGN","Osteoglycin","Protein Coding","P20774","52","GC09M092383","8.497878074646","https://www.genecards.org/cgi-bin/carddisp.pl?gene=OGN"
"MAL2","Mal, T Cell Differentiation Protein 2","Protein Coding","Q969L2","41","GC08P119165","8.49534320831299","https://www.genecards.org/cgi-bin/carddisp.pl?gene=MAL2"
"MIR524","MicroRNA 524","RNA Gene","","23","GC19P053711","8.4910192489624","https://www.genecards.org/cgi-bin/carddisp.pl?gene=MIR524"
"TGM3","Transglutaminase 3","Protein Coding","Q08188","52","GC20P002296","8.48800182342529","https://www.genecards.org/cgi-bin/carddisp.pl?gene=TGM3"
"LRPPRC","Leucine Rich Pentatricopeptide Repeat Containing","Protein Coding","P42704","54","GC02M043886","8.47305679321289","https://www.genecards.org/cgi-bin/carddisp.pl?gene=LRPPRC"
"RASGRF2","Ras Protein Specific Guanine Nucleotide Releasing Factor 2","Protein Coding","O14827","44","GC05P080960","8.47196960449219","https://www.genecards.org/cgi-bin/carddisp.pl?gene=RASGRF2"
"IGKC","Immunoglobulin Kappa Constant","Protein Coding","P01834","42","GC02M093176","8.47161483764648","https://www.genecards.org/cgi-bin/carddisp.pl?gene=IGKC"
"FLNC","Filamin C","Protein Coding","Q14315","57","GC07P128830","8.45949554443359","https://www.genecards.org/cgi-bin/carddisp.pl?gene=FLNC"
"NELFA","Negative Elongation Factor Complex Member A","Protein Coding","Q9H3P2","50","GC04M007172","8.453444480896","https://www.genecards.org/cgi-bin/carddisp.pl?gene=NELFA"
"HMGB2","High Mobility Group Box 2","Protein Coding","P26583","54","GC04M173331","8.44826221466064","https://www.genecards.org/cgi-bin/carddisp.pl?gene=HMGB2"
"CDC42BPB","CDC42 Binding Protein Kinase Beta","Protein Coding","Q9Y5S2","54","GC14M102932","8.43388843536377","https://www.genecards.org/cgi-bin/carddisp.pl?gene=CDC42BPB"
"TNFRSF25","TNF Receptor Superfamily Member 25","Protein Coding","Q93038","55","GC01M006460","8.43095016479492","https://www.genecards.org/cgi-bin/carddisp.pl?gene=TNFRSF25"
"SPI1","Spi-1 Proto-Oncogene","Protein Coding","P17947","57","GC11M145858","8.43010425567627","https://www.genecards.org/cgi-bin/carddisp.pl?gene=SPI1"
"HMGN1","High Mobility Group Nucleosome Binding Domain 1","Protein Coding","P05114","51","GC21M039342","8.41573619842529","https://www.genecards.org/cgi-bin/carddisp.pl?gene=HMGN1"
"LILRB2","Leukocyte Immunoglobulin Like Receptor B2","Protein Coding","Q8N423","52","GC19M116793","8.40892601013184","https://www.genecards.org/cgi-bin/carddisp.pl?gene=LILRB2"
"SLC25A11","Solute Carrier Family 25 Member 11","Protein Coding","Q02978","54","GC17M103607","8.40748023986816","https://www.genecards.org/cgi-bin/carddisp.pl?gene=SLC25A11"
"DNAJB6","DnaJ Heat Shock Protein Family (Hsp40) Member B6","Protein Coding","O75190","52","GC07P157335","8.39774227142334","https://www.genecards.org/cgi-bin/carddisp.pl?gene=DNAJB6"
"SSRP1","Structure Specific Recognition Protein 1","Protein Coding","Q08945","50","GC11M145911","8.3969259262085","https://www.genecards.org/cgi-bin/carddisp.pl?gene=SSRP1"
"USP5","Ubiquitin Specific Peptidase 5","Protein Coding","P45974","54","GC12P085723","8.39469432830811","https://www.genecards.org/cgi-bin/carddisp.pl?gene=USP5"
"YWHAB","Tyrosine 3-Monooxygenase/Tryptophan 5-Monooxygenase Activation Protein Beta","Protein Coding","P31946","60","GC20P044885","8.39069938659668","https://www.genecards.org/cgi-bin/carddisp.pl?gene=YWHAB"
"TBX21","T-Box Transcription Factor 21","Protein Coding","Q9UL17","59","GC17P047733","8.39067363739014","https://www.genecards.org/cgi-bin/carddisp.pl?gene=TBX21"
"DNAJA1","DnaJ Heat Shock Protein Family (Hsp40) Member A1","Protein Coding","P31689","54","GC09P033025","8.39009284973145","https://www.genecards.org/cgi-bin/carddisp.pl?gene=DNAJA1"
"CPSF3","Cleavage And Polyadenylation Specific Factor 3","Protein Coding","Q9UKF6","52","GC02P009423","8.38323402404785","https://www.genecards.org/cgi-bin/carddisp.pl?gene=CPSF3"
"LRG1","Leucine Rich Alpha-2-Glycoprotein 1","Protein Coding","P02750","50","GC19M115439","8.38173580169678","https://www.genecards.org/cgi-bin/carddisp.pl?gene=LRG1"
"IFI30","IFI30 Lysosomal Thiol Reductase","Protein Coding","P13284","48","GC19P018173","8.38040351867676","https://www.genecards.org/cgi-bin/carddisp.pl?gene=IFI30"
"DLST","Dihydrolipoamide S-Succinyltransferase","Protein Coding","P36957","57","GC14P074881","8.37066555023193","https://www.genecards.org/cgi-bin/carddisp.pl?gene=DLST"
"RPS25","Ribosomal Protein S25","Protein Coding","P62851","48","GC11M119015","8.36569595336914","https://www.genecards.org/cgi-bin/carddisp.pl?gene=RPS25"
"BAALC","BAALC Binder Of MAP3K1 And KLF4","Protein Coding","Q8WXS3","46","GC08P103950","8.36569499969482","https://www.genecards.org/cgi-bin/carddisp.pl?gene=BAALC"
"PSMB4","Proteasome 20S Subunit Beta 4","Protein Coding","P28070","58","GC01P151399","8.36380672454834","https://www.genecards.org/cgi-bin/carddisp.pl?gene=PSMB4"
"RFC5","Replication Factor C Subunit 5","Protein Coding","P40937","51","GC12P118013","8.36127948760986","https://www.genecards.org/cgi-bin/carddisp.pl?gene=RFC5"
"NXF1","Nuclear RNA Export Factor 1","Protein Coding","Q9UBU9","52","GC11M146072","8.36096954345703","https://www.genecards.org/cgi-bin/carddisp.pl?gene=NXF1"
"RSRC2","Arginine And Serine Rich Coiled-Coil 2","Protein Coding","Q7L4I2","43","GC12M122503","8.35617828369141","https://www.genecards.org/cgi-bin/carddisp.pl?gene=RSRC2"
"MIR520G","MicroRNA 520g","RNA Gene","","23","GC19P053722","8.35401630401611","https://www.genecards.org/cgi-bin/carddisp.pl?gene=MIR520G"
"WDHD1","WD Repeat And HMG-Box DNA Binding Protein 1","Protein Coding","O75717","48","GC14M054938","8.34684944152832","https://www.genecards.org/cgi-bin/carddisp.pl?gene=WDHD1"
"RAB7A","RAB7A, Member RAS Oncogene Family","Protein Coding","P51149","61","GC03P145145","8.34605407714844","https://www.genecards.org/cgi-bin/carddisp.pl?gene=RAB7A"
"GNAI3","G Protein Subunit Alpha I3","Protein Coding","P08754","56","GC01P109548","8.33705139160156","https://www.genecards.org/cgi-bin/carddisp.pl?gene=GNAI3"
"MIR101-2","MicroRNA 101-2","RNA Gene","","25","GC09P004867","8.33541202545166","https://www.genecards.org/cgi-bin/carddisp.pl?gene=MIR101-2"
"PHF5A","PHD Finger Protein 5A","Protein Coding","Q7RTV0","46","GC22M041459","8.33509731292725","https://www.genecards.org/cgi-bin/carddisp.pl?gene=PHF5A"
"TOLLIP","Toll Interacting Protein","Protein Coding","Q9H0E2","54","GC11M001274","8.33045196533203","https://www.genecards.org/cgi-bin/carddisp.pl?gene=TOLLIP"
"POLR3A","RNA Polymerase III Subunit A","Protein Coding","O14802","57","GC10M085035","8.32954883575439","https://www.genecards.org/cgi-bin/carddisp.pl?gene=POLR3A"
"TGFB2-AS1","TGFB2 Antisense RNA 1","RNA Gene","","22","GC01M218344","8.32877063751221","https://www.genecards.org/cgi-bin/carddisp.pl?gene=TGFB2-AS1"
"SEPTIN2","Septin 2","Protein Coding","Q15019","50","GC02P243128","8.3259391784668","https://www.genecards.org/cgi-bin/carddisp.pl?gene=SEPTIN2"
"USP17L2","Ubiquitin Specific Peptidase 17 Like Family Member 2","Protein Coding","Q6R6M4","35","GC08M014250","8.31619071960449","https://www.genecards.org/cgi-bin/carddisp.pl?gene=USP17L2"
"CCT6A","Chaperonin Containing TCP1 Subunit 6A","Protein Coding","P40227","47","GC07P056051","8.31535720825195","https://www.genecards.org/cgi-bin/carddisp.pl?gene=CCT6A"
"PTPRZ1","Protein Tyrosine Phosphatase Receptor Type Z1","Protein Coding","P23471","58","GC07P121873","8.31321239471436","https://www.genecards.org/cgi-bin/carddisp.pl?gene=PTPRZ1"
"TALDO1","Transaldolase 1","Protein Coding","P37837","58","GC11P024748","8.31302738189697","https://www.genecards.org/cgi-bin/carddisp.pl?gene=TALDO1"
"RPL14","Ribosomal Protein L14","Protein Coding","P50914","50","GC03P068797","8.31259346008301","https://www.genecards.org/cgi-bin/carddisp.pl?gene=RPL14"
"PTGES3","Prostaglandin E Synthase 3","Protein Coding","Q15185","57","GC12M060961","8.30460929870605","https://www.genecards.org/cgi-bin/carddisp.pl?gene=PTGES3"
"SLC25A5","Solute Carrier Family 25 Member 5","Protein Coding","P05141","55","GC0XP119468","8.30216979980469","https://www.genecards.org/cgi-bin/carddisp.pl?gene=SLC25A5"
"SON","SON DNA And RNA Binding Protein","Protein Coding","P18583","51","GC21P033542","8.29869270324707","https://www.genecards.org/cgi-bin/carddisp.pl?gene=SON"
"RAI14","Retinoic Acid Induced 14","Protein Coding","Q9P0K7","47","GC05P034656","8.29744529724121","https://www.genecards.org/cgi-bin/carddisp.pl?gene=RAI14"
"PSME3","Proteasome Activator Subunit 3","Protein Coding","P61289","51","GC17P042824","8.29616165161133","https://www.genecards.org/cgi-bin/carddisp.pl?gene=PSME3"
"WRNIP1","WRN Helicase Interacting Protein 1","Protein Coding","Q96S55","47","GC06P020543","8.29219055175781","https://www.genecards.org/cgi-bin/carddisp.pl?gene=WRNIP1"
"GATAD2A","GATA Zinc Finger Domain Containing 2A","Protein Coding","Q86YP4","48","GC19P171244","8.28682327270508","https://www.genecards.org/cgi-bin/carddisp.pl?gene=GATAD2A"
"MIR492","MicroRNA 492","RNA Gene","","24","GC12P094834","8.27710914611816","https://www.genecards.org/cgi-bin/carddisp.pl?gene=MIR492"
"CHRNA9","Cholinergic Receptor Nicotinic Alpha 9 Subunit","Protein Coding","Q9UGM1","51","GC04P040736","8.27586841583252","https://www.genecards.org/cgi-bin/carddisp.pl?gene=CHRNA9"
"CCL8","C-C Motif Chemokine Ligand 8","Protein Coding","P80075","48","GC17P034319","8.27502346038818","https://www.genecards.org/cgi-bin/carddisp.pl?gene=CCL8"
"CPNE1","Copine 1","Protein Coding","Q99829","50","GC20M035626","8.27401256561279","https://www.genecards.org/cgi-bin/carddisp.pl?gene=CPNE1"
"MIR522","MicroRNA 522","RNA Gene","","19","GC19P053751","8.27241706848145","https://www.genecards.org/cgi-bin/carddisp.pl?gene=MIR522"
"H1-5","H1.5 Linker Histone, Cluster Member","Protein Coding","P16401","50","GC06M116286","8.26843738555908","https://www.genecards.org/cgi-bin/carddisp.pl?gene=H1-5"
"MEPCE","Methylphosphate Capping Enzyme","Protein Coding","Q7L2J0","39","GC07P100428","8.26673412322998","https://www.genecards.org/cgi-bin/carddisp.pl?gene=MEPCE"
"MIR589","MicroRNA 589","RNA Gene","","27","GC07M005495","8.2623291015625","https://www.genecards.org/cgi-bin/carddisp.pl?gene=MIR589"
"ATP5F1A","ATP Synthase F1 Subunit Alpha","Protein Coding","P25705","58","GC18M046081","8.26045703887939","https://www.genecards.org/cgi-bin/carddisp.pl?gene=ATP5F1A"
"ING5","Inhibitor Of Growth Family Member 5","Protein Coding","Q8WYH8","48","GC02P243176","8.25835227966309","https://www.genecards.org/cgi-bin/carddisp.pl?gene=ING5"
"FSIP1","Fibrous Sheath Interacting Protein 1","Protein Coding","Q8NA03","47","GC15M169550","8.25610256195068","https://www.genecards.org/cgi-bin/carddisp.pl?gene=FSIP1"
"ACAA1","Acetyl-CoA Acyltransferase 1","Protein Coding","P09110","55","GC03M038103","8.25515842437744","https://www.genecards.org/cgi-bin/carddisp.pl?gene=ACAA1"
"MYO1C","Myosin IC","Protein Coding","O00159","51","GC17M001464","8.23524856567383","https://www.genecards.org/cgi-bin/carddisp.pl?gene=MYO1C"
"PDIA6","Protein Disulfide Isomerase Family A Member 6","Protein Coding","Q15084","51","GC02M010784","8.23488712310791","https://www.genecards.org/cgi-bin/carddisp.pl?gene=PDIA6"
"NOXA1","NADPH Oxidase Activator 1","Protein Coding","Q86UR1","45","GC09P137423","8.2341947555542","https://www.genecards.org/cgi-bin/carddisp.pl?gene=NOXA1"
"RBBP5","RB Binding Protein 5, Histone Lysine Methyltransferase Complex Subunit","Protein Coding","Q15291","50","GC01M205055","8.22828006744385","https://www.genecards.org/cgi-bin/carddisp.pl?gene=RBBP5"
"AP3D1","Adaptor Related Protein Complex 3 Subunit Delta 1","Protein Coding","O14617","54","GC19M115354","8.22787284851074","https://www.genecards.org/cgi-bin/carddisp.pl?gene=AP3D1"
"TAF4","TATA-Box Binding Protein Associated Factor 4","Protein Coding","O00268","54","GC20M062012","8.22576141357422","https://www.genecards.org/cgi-bin/carddisp.pl?gene=TAF4"
"DAAM1","Dishevelled Associated Activator Of Morphogenesis 1","Protein Coding","Q9Y4D1","54","GC14P059188","8.22455883026123","https://www.genecards.org/cgi-bin/carddisp.pl?gene=DAAM1"
"RPL38","Ribosomal Protein L38","Protein Coding","P63173","48","GC17P176326","8.22231769561768","https://www.genecards.org/cgi-bin/carddisp.pl?gene=RPL38"
"MEOX1","Mesenchyme Homeobox 1","Protein Coding","P50221","51","GC17M043640","8.2218770980835","https://www.genecards.org/cgi-bin/carddisp.pl?gene=MEOX1"
"DUSP9","Dual Specificity Phosphatase 9","Protein Coding","Q99956","50","GC0XP153642","8.22062969207764","https://www.genecards.org/cgi-bin/carddisp.pl?gene=DUSP9"
"ZC3H11A","Zinc Finger CCCH-Type Containing 11A","Protein Coding","O75152","45","GC01P203795","8.21998977661133","https://www.genecards.org/cgi-bin/carddisp.pl?gene=ZC3H11A"
"ZNF687","Zinc Finger Protein 687","Protein Coding","Q8N1G0","47","GC01P151281","8.21842670440674","https://www.genecards.org/cgi-bin/carddisp.pl?gene=ZNF687"
"CAPG","Capping Actin Protein, Gelsolin Like","Protein Coding","P40121","47","GC02M085391","8.21315956115723","https://www.genecards.org/cgi-bin/carddisp.pl?gene=CAPG"
"POLA2","DNA Polymerase Alpha 2, Accessory Subunit","Protein Coding","Q14181","51","GC11P129882","8.21257019042969","https://www.genecards.org/cgi-bin/carddisp.pl?gene=POLA2"
"H2BC11","H2B Clustered Histone 11","Protein Coding","P06899","43","GC06M114660","8.21154499053955","https://www.genecards.org/cgi-bin/carddisp.pl?gene=H2BC11"
"STT3A","STT3 Oligosaccharyltransferase Complex Catalytic Subunit A","Protein Coding","P46977","57","GC11P132031","8.2075080871582","https://www.genecards.org/cgi-bin/carddisp.pl?gene=STT3A"
"ACTL6A","Actin Like 6A","Protein Coding","O96019","53","GC03P179562","8.2036304473877","https://www.genecards.org/cgi-bin/carddisp.pl?gene=ACTL6A"
"TMCO1","Transmembrane And Coiled-Coil Domains 1","Protein Coding","Q9UM00","48","GC01M165724","8.17782402038574","https://www.genecards.org/cgi-bin/carddisp.pl?gene=TMCO1"
"PF4","Platelet Factor 4","Protein Coding","P02776","52","GC04M073980","8.17776107788086","https://www.genecards.org/cgi-bin/carddisp.pl?gene=PF4"
"ADA2","Adenosine Deaminase 2","Protein Coding","Q9NZK5","53","GC22M090116","8.17431640625","https://www.genecards.org/cgi-bin/carddisp.pl?gene=ADA2"
"MIR576","MicroRNA 576","RNA Gene","","24","GC04P109488","8.17260551452637","https://www.genecards.org/cgi-bin/carddisp.pl?gene=MIR576"
"MIR942","MicroRNA 942","RNA Gene","","25","GC01P117094","8.16799449920654","https://www.genecards.org/cgi-bin/carddisp.pl?gene=MIR942"
"EIF2S2","Eukaryotic Translation Initiation Factor 2 Subunit Beta","Protein Coding","P20042","51","GC20M034088","8.16616344451904","https://www.genecards.org/cgi-bin/carddisp.pl?gene=EIF2S2"
"CDK20","Cyclin Dependent Kinase 20","Protein Coding","Q8IZL9","54","GC09M133329","8.16371631622314","https://www.genecards.org/cgi-bin/carddisp.pl?gene=CDK20"
"RTRAF","RNA Transcription, Translation And Transport Factor","Protein Coding","Q9Y224","45","GC14P066328","8.16304683685303","https://www.genecards.org/cgi-bin/carddisp.pl?gene=RTRAF"
"USP18","Ubiquitin Specific Peptidase 18","Protein Coding","Q9UMW8","51","GC22P101969","8.16192722320557","https://www.genecards.org/cgi-bin/carddisp.pl?gene=USP18"
"EFTUD2","Elongation Factor Tu GTP Binding Domain Containing 2","Protein Coding","Q15029","54","GC17M104861","8.16168022155762","https://www.genecards.org/cgi-bin/carddisp.pl?gene=EFTUD2"
"CRISP3","Cysteine Rich Secretory Protein 3","Protein Coding","P54108","48","GC06M049727","8.15876770019531","https://www.genecards.org/cgi-bin/carddisp.pl?gene=CRISP3"
"MIR4732","MicroRNA 4732","RNA Gene","","20","GC17M104250","8.15830612182617","https://www.genecards.org/cgi-bin/carddisp.pl?gene=MIR4732"
"MED13L","Mediator Complex Subunit 13L","Protein Coding","Q71F56","51","GC12M115953","8.15823268890381","https://www.genecards.org/cgi-bin/carddisp.pl?gene=MED13L"
"NGDN","Neuroguidin","Protein Coding","Q8NEJ9","44","GC14P023469","8.15746116638184","https://www.genecards.org/cgi-bin/carddisp.pl?gene=NGDN"
"RFC2","Replication Factor C Subunit 2","Protein Coding","P35250","55","GC07M083138","8.15230655670166","https://www.genecards.org/cgi-bin/carddisp.pl?gene=RFC2"
"H2AC11","H2A Clustered Histone 11","Protein Coding","P0C0S8","44","GC06P202363","8.14975738525391","https://www.genecards.org/cgi-bin/carddisp.pl?gene=H2AC11"
"INCENP","Inner Centromere Protein","Protein Coding","Q9NQS7","50","GC11P062123","8.14628601074219","https://www.genecards.org/cgi-bin/carddisp.pl?gene=INCENP"
"HNRNPA0","Heterogeneous Nuclear Ribonucleoprotein A0","Protein Coding","Q13151","46","GC05M137750","8.14482593536377","https://www.genecards.org/cgi-bin/carddisp.pl?gene=HNRNPA0"
"ZNF268","Zinc Finger Protein 268","Protein Coding","Q14587","45","GC12P133181","8.1414680480957","https://www.genecards.org/cgi-bin/carddisp.pl?gene=ZNF268"
"NUP62","Nucleoporin 62","Protein Coding","P37198","57","GC19M049906","8.14120864868164","https://www.genecards.org/cgi-bin/carddisp.pl?gene=NUP62"
"RPS13","Ribosomal Protein S13","Protein Coding","P62277","52","GC11M018285","8.13461589813232","https://www.genecards.org/cgi-bin/carddisp.pl?gene=RPS13"
"NR1H3","Nuclear Receptor Subfamily 1 Group H Member 3","Protein Coding","Q13133","59","GC11P047248","8.12681770324707","https://www.genecards.org/cgi-bin/carddisp.pl?gene=NR1H3"
"CCL25","C-C Motif Chemokine Ligand 25","Protein Coding","O15444","48","GC19P008052","8.12215614318848","https://www.genecards.org/cgi-bin/carddisp.pl?gene=CCL25"
"PSMA4","Proteasome 20S Subunit Alpha 4","Protein Coding","P25789","55","GC15P078540","8.11018943786621","https://www.genecards.org/cgi-bin/carddisp.pl?gene=PSMA4"
"PGD","Phosphogluconate Dehydrogenase","Protein Coding","P52209","59","GC01P010398","8.09976387023926","https://www.genecards.org/cgi-bin/carddisp.pl?gene=PGD"
"VGLL4","Vestigial Like Family Member 4","Protein Coding","Q14135","43","GC03M012245","8.09758186340332","https://www.genecards.org/cgi-bin/carddisp.pl?gene=VGLL4"
"UHRF2","Ubiquitin Like With PHD And Ring Finger Domains 2","Protein Coding","Q96PU4","45","GC09P006413","8.09396553039551","https://www.genecards.org/cgi-bin/carddisp.pl?gene=UHRF2"
"GTF2B","General Transcription Factor IIB","Protein Coding","Q00403","52","GC01M088853","8.08959770202637","https://www.genecards.org/cgi-bin/carddisp.pl?gene=GTF2B"
"WDR1","WD Repeat Domain 1","Protein Coding","O75083","51","GC04M010073","8.08148097991943","https://www.genecards.org/cgi-bin/carddisp.pl?gene=WDR1"
"PRICKLE1","Prickle Planar Cell Polarity Protein 1","Protein Coding","Q96MT3","55","GC12M042456","8.07898139953613","https://www.genecards.org/cgi-bin/carddisp.pl?gene=PRICKLE1"
"IL4I1","Interleukin 4 Induced 1","Protein Coding","Q96RQ9","50","GC19M116597","8.07697772979736","https://www.genecards.org/cgi-bin/carddisp.pl?gene=IL4I1"
"EDC3","Enhancer Of MRNA Decapping 3","Protein Coding","Q96F86","52","GC15M170322","8.07241535186768","https://www.genecards.org/cgi-bin/carddisp.pl?gene=EDC3"
"DYNC1H1","Dynein Cytoplasmic 1 Heavy Chain 1","Protein Coding","Q14204","57","GC14P122670","8.07136535644531","https://www.genecards.org/cgi-bin/carddisp.pl?gene=DYNC1H1"
"ITGAX","Integrin Subunit Alpha X","Protein Coding","P20702","59","GC16P136869","8.07047367095947","https://www.genecards.org/cgi-bin/carddisp.pl?gene=ITGAX"
"ABCF2","ATP Binding Cassette Subfamily F Member 2","Protein Coding","Q9UG63","51","GC07M151211","8.06419849395752","https://www.genecards.org/cgi-bin/carddisp.pl?gene=ABCF2"
"CAPZB","Capping Actin Protein Of Muscle Z-Line Subunit Beta","Protein Coding","P47756","50","GC01M041007","8.05555057525635","https://www.genecards.org/cgi-bin/carddisp.pl?gene=CAPZB"
"ATXN2L","Ataxin 2 Like","Protein Coding","Q8WWM7","51","GC16P136671","8.05382823944092","https://www.genecards.org/cgi-bin/carddisp.pl?gene=ATXN2L"
"GOLGA4","Golgin A4","Protein Coding","Q13439","48","GC03P037243","8.05189037322998","https://www.genecards.org/cgi-bin/carddisp.pl?gene=GOLGA4"
"COPS2","COP9 Signalosome Subunit 2","Protein Coding","P61201","48","GC15M049106","8.04051780700684","https://www.genecards.org/cgi-bin/carddisp.pl?gene=COPS2"
"DHX16","DEAH-Box Helicase 16","Protein Coding","O60231","52","GC06M030653","8.03525924682617","https://www.genecards.org/cgi-bin/carddisp.pl?gene=DHX16"
"HMGN2","High Mobility Group Nucleosomal Binding Domain 2","Protein Coding","P05204","49","GC01P092928","8.03043460845947","https://www.genecards.org/cgi-bin/carddisp.pl?gene=HMGN2"
"MYL6","Myosin Light Chain 6","Protein Coding","P60660","51","GC12P056158","8.02936172485352","https://www.genecards.org/cgi-bin/carddisp.pl?gene=MYL6"
"MAU2","MAU2 Sister Chromatid Cohesion Factor","Protein Coding","Q9Y6X3","47","GC19P019320","8.01999092102051","https://www.genecards.org/cgi-bin/carddisp.pl?gene=MAU2"
"H2AZ1","H2A.Z Variant Histone 1","Protein Coding","P0C0S5","52","GC04M099949","8.01743793487549","https://www.genecards.org/cgi-bin/carddisp.pl?gene=H2AZ1"
"MAGEB2","MAGE Family Member B2","Protein Coding","O15479","45","GC0XP030215","8.01229095458984","https://www.genecards.org/cgi-bin/carddisp.pl?gene=MAGEB2"
"PELI1","Pellino E3 Ubiquitin Protein Ligase 1","Protein Coding","Q96FA3","50","GC02M064092","8.00969886779785","https://www.genecards.org/cgi-bin/carddisp.pl?gene=PELI1"
"MCOLN1","Mucolipin TRP Cation Channel 1","Protein Coding","Q9GZU1","55","GC19P170763","8.00907421112061","https://www.genecards.org/cgi-bin/carddisp.pl?gene=MCOLN1"
"DAP3","Death Associated Protein 3","Protein Coding","P51398","52","GC01P183767","8.00492095947266","https://www.genecards.org/cgi-bin/carddisp.pl?gene=DAP3"
"PAK2","P21 (RAC1) Activated Kinase 2","Protein Coding","Q13177","59","GC03P196739","8.00143432617188","https://www.genecards.org/cgi-bin/carddisp.pl?gene=PAK2"
"ETFA","Electron Transfer Flavoprotein Subunit Alpha","Protein Coding","P13804","58","GC15M170399","8.00138282775879","https://www.genecards.org/cgi-bin/carddisp.pl?gene=ETFA"
"SYNCRIP","Synaptotagmin Binding Cytoplasmic RNA Interacting Protein","Protein Coding","O60506","50","GC06M085607","7.98149108886719","https://www.genecards.org/cgi-bin/carddisp.pl?gene=SYNCRIP"
"UBE2D3","Ubiquitin Conjugating Enzyme E2 D3","Protein Coding","P61077","55","GC04M102820","7.97139739990234","https://www.genecards.org/cgi-bin/carddisp.pl?gene=UBE2D3"
"GDF11","Growth Differentiation Factor 11","Protein Coding","O95390","55","GC12P055743","7.97006940841675","https://www.genecards.org/cgi-bin/carddisp.pl?gene=GDF11"
"MDH1","Malate Dehydrogenase 1","Protein Coding","P40925","55","GC02P063557","7.96931648254395","https://www.genecards.org/cgi-bin/carddisp.pl?gene=MDH1"
"PPM1B","Protein Phosphatase, Mg2+/Mn2+ Dependent 1B","Protein Coding","O75688","54","GC02P044167","7.96744441986084","https://www.genecards.org/cgi-bin/carddisp.pl?gene=PPM1B"
"EN1","Engrailed Homeobox 1","Protein Coding","Q05925","53","GC02M118842","7.96575164794922","https://www.genecards.org/cgi-bin/carddisp.pl?gene=EN1"
"MAP4","Microtubule Associated Protein 4","Protein Coding","P27816","52","GC03M047850","7.95647478103638","https://www.genecards.org/cgi-bin/carddisp.pl?gene=MAP4"
"STK11IP","Serine/Threonine Kinase 11 Interacting Protein","Protein Coding","Q8N1F8","44","GC02P220883","7.95555448532104","https://www.genecards.org/cgi-bin/carddisp.pl?gene=STK11IP"
"CHAF1B","Chromatin Assembly Factor 1 Subunit B","Protein Coding","Q13112","52","GC21P036385","7.95496320724487","https://www.genecards.org/cgi-bin/carddisp.pl?gene=CHAF1B"
"BACH2","BACH Transcriptional Regulator 2","Protein Coding","Q9BYV9","54","GC06M089926","7.95266008377075","https://www.genecards.org/cgi-bin/carddisp.pl?gene=BACH2"
"CSDE1","Cold Shock Domain Containing E1","Protein Coding","O75534","52","GC01M114716","7.95136070251465","https://www.genecards.org/cgi-bin/carddisp.pl?gene=CSDE1"
"CCT8","Chaperonin Containing TCP1 Subunit 8","Protein Coding","P50990","51","GC21M029055","7.94749927520752","https://www.genecards.org/cgi-bin/carddisp.pl?gene=CCT8"
"TRP-AGG2-6","TRNA-Pro (Anticodon AGG) 2-6","RNA Gene","","14","GC14M029547","7.9465799331665","https://www.genecards.org/cgi-bin/carddisp.pl?gene=TRP-AGG2-6"
"PPP4R3A","Protein Phosphatase 4 Regulatory Subunit 3A","Protein Coding","Q6IN85","44","GC14M126419","7.94650793075562","https://www.genecards.org/cgi-bin/carddisp.pl?gene=PPP4R3A"
"NOL11","Nucleolar Protein 11","Protein Coding","Q9H8H0","44","GC17P067717","7.94550561904907","https://www.genecards.org/cgi-bin/carddisp.pl?gene=NOL11"
"TRIM65","Tripartite Motif Containing 65","Protein Coding","Q6PJ69","45","GC17M105616","7.93808317184448","https://www.genecards.org/cgi-bin/carddisp.pl?gene=TRIM65"
"UCP1","Uncoupling Protein 1","Protein Coding","P25874","57","GC04M140559","7.93494033813477","https://www.genecards.org/cgi-bin/carddisp.pl?gene=UCP1"
"ZC3H12A","Zinc Finger CCCH-Type Containing 12A","Protein Coding","Q5D1E8","50","GC01P037474","7.92664813995361","https://www.genecards.org/cgi-bin/carddisp.pl?gene=ZC3H12A"
"LY6D","Lymphocyte Antigen 6 Family Member D","Protein Coding","Q14210","48","GC08M142784","7.92172336578369","https://www.genecards.org/cgi-bin/carddisp.pl?gene=LY6D"
"POU2F2","POU Class 2 Homeobox 2","Protein Coding","P09086","54","GC19M042086","7.91556453704834","https://www.genecards.org/cgi-bin/carddisp.pl?gene=POU2F2"
"IPO9","Importin 9","Protein Coding","Q96P70","42","GC01P201829","7.91493606567383","https://www.genecards.org/cgi-bin/carddisp.pl?gene=IPO9"
"ATG3","Autophagy Related 3","Protein Coding","Q9NT62","53","GC03M112532","7.90574884414673","https://www.genecards.org/cgi-bin/carddisp.pl?gene=ATG3"
"MAPK4","Mitogen-Activated Protein Kinase 4","Protein Coding","P31152","50","GC18P050660","7.90328407287598","https://www.genecards.org/cgi-bin/carddisp.pl?gene=MAPK4"
"PSMD2","Proteasome 26S Subunit Ubiquitin Receptor, Non-ATPase 2","Protein Coding","Q13200","55","GC03P186776","7.90024137496948","https://www.genecards.org/cgi-bin/carddisp.pl?gene=PSMD2"
"OTUD5","OTU Deubiquitinase 5","Protein Coding","Q96G74","50","GC0XM048922","7.89777278900146","https://www.genecards.org/cgi-bin/carddisp.pl?gene=OTUD5"
"PAF1","PAF1 Component Of Paf1/RNA Polymerase II Complex","Protein Coding","Q8N7H5","48","GC19M039385","7.88303709030151","https://www.genecards.org/cgi-bin/carddisp.pl?gene=PAF1"
"ATP6V0A2","ATPase H+ Transporting V0 Subunit A2","Protein Coding","Q9Y487","55","GC12P123712","7.87505626678467","https://www.genecards.org/cgi-bin/carddisp.pl?gene=ATP6V0A2"
"RPL21","Ribosomal Protein L21","Protein Coding","P46778","54","GC13P027251","7.86869525909424","https://www.genecards.org/cgi-bin/carddisp.pl?gene=RPL21"
"SUB1","SUB1 Regulator Of Transcription","Protein Coding","P53999","47","GC05P034061","7.86775636672974","https://www.genecards.org/cgi-bin/carddisp.pl?gene=SUB1"
"NOP58","NOP58 Ribonucleoprotein","Protein Coding","Q9Y2X3","48","GC02P202265","7.86772298812866","https://www.genecards.org/cgi-bin/carddisp.pl?gene=NOP58"
"SVIL","Supervillin","Protein Coding","O95425","52","GC10M037913","7.86386156082153","https://www.genecards.org/cgi-bin/carddisp.pl?gene=SVIL"
"PDS5A","PDS5 Cohesin Associated Factor A","Protein Coding","Q29RF7","47","GC04M039824","7.86315298080444","https://www.genecards.org/cgi-bin/carddisp.pl?gene=PDS5A"
"CKAP2","Cytoskeleton Associated Protein 2","Protein Coding","Q8WWK9","48","GC13P052455","7.85714530944824","https://www.genecards.org/cgi-bin/carddisp.pl?gene=CKAP2"
"EFL1","Elongation Factor Like GTPase 1","Protein Coding","Q7Z2Z2","50","GC15M170505","7.84603548049927","https://www.genecards.org/cgi-bin/carddisp.pl?gene=EFL1"
"POLR2L","RNA Polymerase II, I And III Subunit L","Protein Coding","P62875","51","GC11M016478","7.83769559860229","https://www.genecards.org/cgi-bin/carddisp.pl?gene=POLR2L"
"MIR939","MicroRNA 939","RNA Gene","","25","GC08M144394","7.83310174942017","https://www.genecards.org/cgi-bin/carddisp.pl?gene=MIR939"
"SUPT6H","SPT6 Homolog, Histone Chaperone And Transcription Elongation Factor","Protein Coding","Q7KZ85","46","GC17P175080","7.8292760848999","https://www.genecards.org/cgi-bin/carddisp.pl?gene=SUPT6H"
"PDHB","Pyruvate Dehydrogenase E1 Subunit Beta","Protein Coding","P11177","59","GC03M058522","7.82898044586182","https://www.genecards.org/cgi-bin/carddisp.pl?gene=PDHB"
"MED14","Mediator Complex Subunit 14","Protein Coding","O60244","45","GC0XM040648","7.82309198379517","https://www.genecards.org/cgi-bin/carddisp.pl?gene=MED14"
"CKMT1B","Creatine Kinase, Mitochondrial 1B","Protein Coding","P12532","49","GC15P210471","7.81645774841309","https://www.genecards.org/cgi-bin/carddisp.pl?gene=CKMT1B"
"STAMBP","STAM Binding Protein","Protein Coding","O95630","56","GC02P073828","7.81330490112305","https://www.genecards.org/cgi-bin/carddisp.pl?gene=STAMBP"
"CCNT2","Cyclin T2","Protein Coding","O60583","47","GC02P134918","7.81195259094238","https://www.genecards.org/cgi-bin/carddisp.pl?gene=CCNT2"
"ZNF326","Zinc Finger Protein 326","Protein Coding","Q5BKZ1","42","GC01P089995","7.80860233306885","https://www.genecards.org/cgi-bin/carddisp.pl?gene=ZNF326"
"HLF","HLF Transcription Factor, PAR BZIP Family Member","Protein Coding","Q16534","50","GC17P055264","7.79451036453247","https://www.genecards.org/cgi-bin/carddisp.pl?gene=HLF"
"BCL2L14","BCL2 Like 14","Protein Coding","Q9BZR8","45","GC12P012049","7.78961801528931","https://www.genecards.org/cgi-bin/carddisp.pl?gene=BCL2L14"
"CCT5","Chaperonin Containing TCP1 Subunit 5","Protein Coding","P48643","55","GC05P010249","7.78005075454712","https://www.genecards.org/cgi-bin/carddisp.pl?gene=CCT5"
"CDK14","Cyclin Dependent Kinase 14","Protein Coding","O94921","48","GC07P115271","7.77781009674072","https://www.genecards.org/cgi-bin/carddisp.pl?gene=CDK14"
"PARD6A","Par-6 Family Cell Polarity Regulator Alpha","Protein Coding","Q9NPB6","50","GC16P137655","7.76996755599976","https://www.genecards.org/cgi-bin/carddisp.pl?gene=PARD6A"
"PSMD1","Proteasome 26S Subunit, Non-ATPase 1","Protein Coding","Q99460","52","GC02P231056","7.76888227462769","https://www.genecards.org/cgi-bin/carddisp.pl?gene=PSMD1"
"CHTOP","Chromatin Target Of PRMT1","Protein Coding","Q9Y3Y2","44","GC01P153633","7.76808214187622","https://www.genecards.org/cgi-bin/carddisp.pl?gene=CHTOP"
"DFFA","DNA Fragmentation Factor Subunit Alpha","Protein Coding","O00273","56","GC01M010456","7.7598237991333","https://www.genecards.org/cgi-bin/carddisp.pl?gene=DFFA"
"CACTIN","Cactin, Spliceosome C Complex Subunit","Protein Coding","Q8WUQ7","37","GC19M003610","7.75979900360107","https://www.genecards.org/cgi-bin/carddisp.pl?gene=CACTIN"
"MEX3A","Mex-3 RNA Binding Family Member A","Protein Coding","A1L020","39","GC01M156072","7.75908279418945","https://www.genecards.org/cgi-bin/carddisp.pl?gene=MEX3A"
"MCTS1","MCTS1 Re-Initiation And Release Factor","Protein Coding","Q9ULC4","47","GC0XP120594","7.75639486312866","https://www.genecards.org/cgi-bin/carddisp.pl?gene=MCTS1"
"GNG2","G Protein Subunit Gamma 2","Protein Coding","P59768","52","GC14P051826","7.75314474105835","https://www.genecards.org/cgi-bin/carddisp.pl?gene=GNG2"
"EHD2","EH Domain Containing 2","Protein Coding","Q9NZN4","47","GC19P047713","7.75173091888428","https://www.genecards.org/cgi-bin/carddisp.pl?gene=EHD2"
"NMT1","N-Myristoyltransferase 1","Protein Coding","P30419","53","GC17P175698","7.75043249130249","https://www.genecards.org/cgi-bin/carddisp.pl?gene=NMT1"
"NFIC","Nuclear Factor I C","Protein Coding","P08651","51","GC19P003314","7.74869632720947","https://www.genecards.org/cgi-bin/carddisp.pl?gene=NFIC"
"TADA2A","Transcriptional Adaptor 2A","Protein Coding","O75478","48","GC17P037406","7.74375581741333","https://www.genecards.org/cgi-bin/carddisp.pl?gene=TADA2A"
"RPL24","Ribosomal Protein L24","Protein Coding","P83731","47","GC03M101681","7.74291896820068","https://www.genecards.org/cgi-bin/carddisp.pl?gene=RPL24"
"PPP1CC","Protein Phosphatase 1 Catalytic Subunit Gamma","Protein Coding","P36873","57","GC12M112174","7.73939371109009","https://www.genecards.org/cgi-bin/carddisp.pl?gene=PPP1CC"
"PGAM1","Phosphoglycerate Mutase 1","Protein Coding","P18669","55","GC10P097426","7.73877334594727","https://www.genecards.org/cgi-bin/carddisp.pl?gene=PGAM1"
"GABRA3","Gamma-Aminobutyric Acid Type A Receptor Subunit Alpha3","Protein Coding","P34903","59","GC0XM152166","7.73785877227783","https://www.genecards.org/cgi-bin/carddisp.pl?gene=GABRA3"
"JPT2","Jupiter Microtubule Associated Homolog 2","Protein Coding","Q9H910","42","GC16P135919","7.7355637550354","https://www.genecards.org/cgi-bin/carddisp.pl?gene=JPT2"
"LDHB","Lactate Dehydrogenase B","Protein Coding","P07195","54","GC12M021635","7.73364448547363","https://www.genecards.org/cgi-bin/carddisp.pl?gene=LDHB"
"SIM2","SIM BHLH Transcription Factor 2","Protein Coding","Q14190","50","GC21P036699","7.73318147659302","https://www.genecards.org/cgi-bin/carddisp.pl?gene=SIM2"
"CCT7","Chaperonin Containing TCP1 Subunit 7","Protein Coding","Q99832","52","GC02P073233","7.72337245941162","https://www.genecards.org/cgi-bin/carddisp.pl?gene=CCT7"
"CFP","Complement Factor Properdin","Protein Coding","P27918","54","GC0XM050164","7.72074413299561","https://www.genecards.org/cgi-bin/carddisp.pl?gene=CFP"
"KARS1","Lysyl-TRNA Synthetase 1","Protein Coding","Q15046","57","GC16M076765","7.72023439407349","https://www.genecards.org/cgi-bin/carddisp.pl?gene=KARS1"
"CALCOCO1","Calcium Binding And Coiled-Coil Domain 1","Protein Coding","Q9P1Z2","47","GC12M053978","7.71244478225708","https://www.genecards.org/cgi-bin/carddisp.pl?gene=CALCOCO1"
"ERH","ERH MRNA Splicing And Mitosis Factor","Protein Coding","P84090","43","GC14M069380","7.71137094497681","https://www.genecards.org/cgi-bin/carddisp.pl?gene=ERH"
"SCO2","Synthesis Of Cytochrome C Oxidase 2","Protein Coding","O43819","58","GC22M050523","7.70951843261719","https://www.genecards.org/cgi-bin/carddisp.pl?gene=SCO2"
"DSTN","Destrin, Actin Depolymerizing Factor","Protein Coding","P60981","49","GC20P017570","7.70525407791138","https://www.genecards.org/cgi-bin/carddisp.pl?gene=DSTN"
"RSU1","Ras Suppressor Protein 1","Protein Coding","Q15404","51","GC10M016672","7.70381355285645","https://www.genecards.org/cgi-bin/carddisp.pl?gene=RSU1"
"CCNK","Cyclin K","Protein Coding","O75909","54","GC14P099483","7.70364999771118","https://www.genecards.org/cgi-bin/carddisp.pl?gene=CCNK"
"CTH","Cystathionine Gamma-Lyase","Protein Coding","P32929","61","GC01P096023","7.70271968841553","https://www.genecards.org/cgi-bin/carddisp.pl?gene=CTH"
"CDK11B","Cyclin Dependent Kinase 11B","Protein Coding","P21127","52","GC01M039106","7.69843816757202","https://www.genecards.org/cgi-bin/carddisp.pl?gene=CDK11B"
"GDI2","GDP Dissociation Inhibitor 2","Protein Coding","P50395","50","GC10M005765","7.68986368179321","https://www.genecards.org/cgi-bin/carddisp.pl?gene=GDI2"
"RPL30","Ribosomal Protein L30","Protein Coding","P62888","50","GC08M098024","7.688401222229","https://www.genecards.org/cgi-bin/carddisp.pl?gene=RPL30"
"MED16","Mediator Complex Subunit 16","Protein Coding","Q9Y2X0","42","GC19M115267","7.68781471252441","https://www.genecards.org/cgi-bin/carddisp.pl?gene=MED16"
"PNMA2","PNMA Family Member 2","Protein Coding","Q9UL42","48","GC08M026504","7.6847996711731","https://www.genecards.org/cgi-bin/carddisp.pl?gene=PNMA2"
"NFE2L1","NFE2 Like BZIP Transcription Factor 1","Protein Coding","Q14494","55","GC17P175839","7.68076086044312","https://www.genecards.org/cgi-bin/carddisp.pl?gene=NFE2L1"
"H2BC12","H2B Clustered Histone 12","Protein Coding","O60814","41","GC06M114663","7.67969369888306","https://www.genecards.org/cgi-bin/carddisp.pl?gene=H2BC12"
"LAS1L","LAS1 Like Ribosome Biogenesis Factor","Protein Coding","Q9Y4W2","48","GC0XM065440","7.67928695678711","https://www.genecards.org/cgi-bin/carddisp.pl?gene=LAS1L"
"PRDX4","Peroxiredoxin 4","Protein Coding","Q13162","52","GC0XP023665","7.67603969573975","https://www.genecards.org/cgi-bin/carddisp.pl?gene=PRDX4"
"TIFAB","TIFA Inhibitor","Protein Coding","Q6ZNK6","38","GC05M135580","7.6619291305542","https://www.genecards.org/cgi-bin/carddisp.pl?gene=TIFAB"
"UTS2","Urotensin 2","Protein Coding","O95399","51","GC01M007843","7.66060876846313","https://www.genecards.org/cgi-bin/carddisp.pl?gene=UTS2"
"MYL9","Myosin Light Chain 9","Protein Coding","P24844","57","GC20P036541","7.66030025482178","https://www.genecards.org/cgi-bin/carddisp.pl?gene=MYL9"
"CHAMP1","Chromosome Alignment Maintaining Phosphoprotein 1","Protein Coding","Q96JM3","50","GC13P114314","7.6590723991394","https://www.genecards.org/cgi-bin/carddisp.pl?gene=CHAMP1"
"MIR410","MicroRNA 410","RNA Gene","","26","GC14P123655","7.65588140487671","https://www.genecards.org/cgi-bin/carddisp.pl?gene=MIR410"
"U2SURP","U2 SnRNP Associated SURP Domain Containing","Protein Coding","O15042","42","GC03P142964","7.65248584747314","https://www.genecards.org/cgi-bin/carddisp.pl?gene=U2SURP"
"EIF3F","Eukaryotic Translation Initiation Factor 3 Subunit F","Protein Coding","O00303","51","GC11P007970","7.64629125595093","https://www.genecards.org/cgi-bin/carddisp.pl?gene=EIF3F"
"PARP3","Poly(ADP-Ribose) Polymerase Family Member 3","Protein Coding","Q9Y6F1","52","GC03P069352","7.63554954528809","https://www.genecards.org/cgi-bin/carddisp.pl?gene=PARP3"
"PPP1R8","Protein Phosphatase 1 Regulatory Subunit 8","Protein Coding","Q12972","49","GC01P027830","7.63400650024414","https://www.genecards.org/cgi-bin/carddisp.pl?gene=PPP1R8"
"HSPA1L","Heat Shock Protein Family A (Hsp70) Member 1 Like","Protein Coding","P34931","56","GC06M031809","7.6215033531189","https://www.genecards.org/cgi-bin/carddisp.pl?gene=HSPA1L"
"TIPIN","TIMELESS Interacting Protein","Protein Coding","Q9BVW5","50","GC15M066336","7.61837816238403","https://www.genecards.org/cgi-bin/carddisp.pl?gene=TIPIN"
"E4F1","E4F Transcription Factor 1","Protein Coding","Q66K89","46","GC16P002223","7.61775827407837","https://www.genecards.org/cgi-bin/carddisp.pl?gene=E4F1"
"RPL32","Ribosomal Protein L32","Protein Coding","P62910","50","GC03M012834","7.61448860168457","https://www.genecards.org/cgi-bin/carddisp.pl?gene=RPL32"
"KRT76","Keratin 76","Protein Coding","Q01546","47","GC12M052768","7.60915231704712","https://www.genecards.org/cgi-bin/carddisp.pl?gene=KRT76"
"UCHL3","Ubiquitin C-Terminal Hydrolase L3","Protein Coding","P15374","56","GC13P075595","7.60908222198486","https://www.genecards.org/cgi-bin/carddisp.pl?gene=UCHL3"
"EIF3G","Eukaryotic Translation Initiation Factor 3 Subunit G","Protein Coding","O75821","50","GC19M010115","7.60869407653809","https://www.genecards.org/cgi-bin/carddisp.pl?gene=EIF3G"
"ARHGAP24","Rho GTPase Activating Protein 24","Protein Coding","Q8N264","50","GC04P085475","7.60860109329224","https://www.genecards.org/cgi-bin/carddisp.pl?gene=ARHGAP24"
"HRNR","Hornerin","Protein Coding","Q86YZ3","47","GC01M152212","7.60599899291992","https://www.genecards.org/cgi-bin/carddisp.pl?gene=HRNR"
"MIR2355","MicroRNA 2355","RNA Gene","","25","GC02M207109","7.60471439361572","https://www.genecards.org/cgi-bin/carddisp.pl?gene=MIR2355"
"ZFX","Zinc Finger Protein X-Linked","Protein Coding","P17010","49","GC0XP024148","7.6033673286438","https://www.genecards.org/cgi-bin/carddisp.pl?gene=ZFX"
"TAF6","TATA-Box Binding Protein Associated Factor 6","Protein Coding","P49848","51","GC07M107359","7.60197305679321","https://www.genecards.org/cgi-bin/carddisp.pl?gene=TAF6"
"BAZ1B","Bromodomain Adjacent To Zinc Finger Domain 1B","Protein Coding","Q9UIG0","51","GC07M073440","7.59412860870361","https://www.genecards.org/cgi-bin/carddisp.pl?gene=BAZ1B"
"B3GALNT2","Beta-1,3-N-Acetylgalactosaminyltransferase 2","Protein Coding","Q8NCR0","51","GC01M235440","7.59412288665771","https://www.genecards.org/cgi-bin/carddisp.pl?gene=B3GALNT2"
"IRF2BPL","Interferon Regulatory Factor 2 Binding Protein Like","Protein Coding","Q9H1B7","50","GC14M077024","7.58929586410522","https://www.genecards.org/cgi-bin/carddisp.pl?gene=IRF2BPL"
"UBE2B","Ubiquitin Conjugating Enzyme E2 B","Protein Coding","P63146","54","GC05P134371","7.58790493011475","https://www.genecards.org/cgi-bin/carddisp.pl?gene=UBE2B"
"GTF2E2","General Transcription Factor IIE Subunit 2","Protein Coding","P29084","51","GC08M030578","7.58371210098267","https://www.genecards.org/cgi-bin/carddisp.pl?gene=GTF2E2"
"KCTD5","Potassium Channel Tetramerization Domain Containing 5","Protein Coding","Q9NXV2","47","GC16P002682","7.58368539810181","https://www.genecards.org/cgi-bin/carddisp.pl?gene=KCTD5"
"FUBP3","Far Upstream Element Binding Protein 3","Protein Coding","Q96I24","43","GC09P161014","7.58350133895874","https://www.genecards.org/cgi-bin/carddisp.pl?gene=FUBP3"
"SNRPD3","Small Nuclear Ribonucleoprotein D3 Polypeptide","Protein Coding","P62318","48","GC22P024555","7.58240032196045","https://www.genecards.org/cgi-bin/carddisp.pl?gene=SNRPD3"
"RIN2","Ras And Rab Interactor 2","Protein Coding","Q8WYP3","50","GC20P020289","7.57200765609741","https://www.genecards.org/cgi-bin/carddisp.pl?gene=RIN2"
"ANKHD1","Ankyrin Repeat And KH Domain Containing 1","Protein Coding","Q8IWZ3","41","GC05P162537","7.56884527206421","https://www.genecards.org/cgi-bin/carddisp.pl?gene=ANKHD1"
"ST8SIA6","ST8 Alpha-N-Acetyl-Neuraminide Alpha-2,8-Sialyltransferase 6","Protein Coding","P61647","41","GC10M017315","7.56562232971191","https://www.genecards.org/cgi-bin/carddisp.pl?gene=ST8SIA6"
"NR2F6","Nuclear Receptor Subfamily 2 Group F Member 6","Protein Coding","P10588","50","GC19M017231","7.56492519378662","https://www.genecards.org/cgi-bin/carddisp.pl?gene=NR2F6"
"RAB10","RAB10, Member RAS Oncogene Family","Protein Coding","P61026","53","GC02P026033","7.56323146820068","https://www.genecards.org/cgi-bin/carddisp.pl?gene=RAB10"
"PDCD5","Programmed Cell Death 5","Protein Coding","O14737","45","GC19P032581","7.56182050704956","https://www.genecards.org/cgi-bin/carddisp.pl?gene=PDCD5"
"LONP1","Lon Peptidase 1, Mitochondrial","Protein Coding","P36776","58","GC19M005691","7.56109619140625","https://www.genecards.org/cgi-bin/carddisp.pl?gene=LONP1"
"VAC14","VAC14 Component Of PIKFYVE Complex","Protein Coding","Q08AM6","55","GC16M076649","7.56082344055176","https://www.genecards.org/cgi-bin/carddisp.pl?gene=VAC14"
"BCCIP","BRCA2 And CDKN1A Interacting Protein","Protein Coding","Q9P287","41","GC10P125823","7.54941082000732","https://www.genecards.org/cgi-bin/carddisp.pl?gene=BCCIP"
"NFE2L3","NFE2 Like BZIP Transcription Factor 3","Protein Coding","Q9Y4A8","47","GC07P026152","7.54862403869629","https://www.genecards.org/cgi-bin/carddisp.pl?gene=NFE2L3"
"ATOX1","Antioxidant 1 Copper Chaperone","Protein Coding","O00244","52","GC05M151743","7.54673528671265","https://www.genecards.org/cgi-bin/carddisp.pl?gene=ATOX1"
"S1PR3","Sphingosine-1-Phosphate Receptor 3","Protein Coding","Q99500","55","GC09P159606","7.53748273849487","https://www.genecards.org/cgi-bin/carddisp.pl?gene=S1PR3"
"KCNH8","Potassium Voltage-Gated Channel Subfamily H Member 8","Protein Coding","Q96L42","54","GC03P030494","7.53261041641235","https://www.genecards.org/cgi-bin/carddisp.pl?gene=KCNH8"
"KRT6C","Keratin 6C","Protein Coding","P48668","50","GC12M052468","7.53130102157593","https://www.genecards.org/cgi-bin/carddisp.pl?gene=KRT6C"
"MED15","Mediator Complex Subunit 15","Protein Coding","Q96RN5","52","GC22P102048","7.52899885177612","https://www.genecards.org/cgi-bin/carddisp.pl?gene=MED15"
"SMC6","Structural Maintenance Of Chromosomes 6","Protein Coding","Q96SB8","46","GC02M017663","7.51970291137695","https://www.genecards.org/cgi-bin/carddisp.pl?gene=SMC6"
"TUBA4A","Tubulin Alpha 4a","Protein Coding","P68366","60","GC02M219249","7.51906204223633","https://www.genecards.org/cgi-bin/carddisp.pl?gene=TUBA4A"
"RAB11A","RAB11A, Member RAS Oncogene Family","Protein Coding","P62491","58","GC15P210894","7.50980234146118","https://www.genecards.org/cgi-bin/carddisp.pl?gene=RAB11A"
"PWP2","PWP2 Small Subunit Processome Component","Protein Coding","Q15269","47","GC21P044107","7.50367450714111","https://www.genecards.org/cgi-bin/carddisp.pl?gene=PWP2"
"FAM20C","FAM20C Golgi Associated Secretory Pathway Kinase","Protein Coding","Q8IXL6","55","GC07P000192","7.50306940078735","https://www.genecards.org/cgi-bin/carddisp.pl?gene=FAM20C"
"NCK1","NCK Adaptor Protein 1","Protein Coding","P16333","55","GC03P136862","7.49952602386475","https://www.genecards.org/cgi-bin/carddisp.pl?gene=NCK1"
"NRBP1","Nuclear Receptor Binding Protein 1","Protein Coding","Q9UHY1","44","GC02P027427","7.49832391738892","https://www.genecards.org/cgi-bin/carddisp.pl?gene=NRBP1"
"MIR4443","MicroRNA 4443","RNA Gene","","13","GC03P069197","7.49619007110596","https://www.genecards.org/cgi-bin/carddisp.pl?gene=MIR4443"
"SPANXB1","SPANX Family Member B1","Protein Coding","Q9NS25","33","GC0XP141002","7.49197912216187","https://www.genecards.org/cgi-bin/carddisp.pl?gene=SPANXB1"
"MKNK2","MAPK Interacting Serine/Threonine Kinase 2","Protein Coding","Q9HBH9","54","GC19M002037","7.49046897888184","https://www.genecards.org/cgi-bin/carddisp.pl?gene=MKNK2"
"RPL37A","Ribosomal Protein L37a","Protein Coding","P61513","48","GC02P216498","7.48227024078369","https://www.genecards.org/cgi-bin/carddisp.pl?gene=RPL37A"
"COPB2","Coat Protein Complex I Subunit Beta 2","Protein Coding","P35606","54","GC03M139355","7.4813346862793","https://www.genecards.org/cgi-bin/carddisp.pl?gene=COPB2"
"WDR26","WD Repeat Domain 26","Protein Coding","Q9H7D7","52","GC01M224385","7.47517538070679","https://www.genecards.org/cgi-bin/carddisp.pl?gene=WDR26"
"TNFAIP2","TNF Alpha Induced Protein 2","Protein Coding","Q03169","47","GC14P122677","7.47484159469604","https://www.genecards.org/cgi-bin/carddisp.pl?gene=TNFAIP2"
"H2AC4","H2A Clustered Histone 4","Protein Coding","P04908","45","GC06M114611","7.46955299377441","https://www.genecards.org/cgi-bin/carddisp.pl?gene=H2AC4"
"RNF114","Ring Finger Protein 114","Protein Coding","Q9Y508","47","GC20P049936","7.4651780128479","https://www.genecards.org/cgi-bin/carddisp.pl?gene=RNF114"
"VEZT","Vezatin, Adherens Junctions Transmembrane Protein","Protein Coding","Q9HBM0","45","GC12P095217","7.45900201797485","https://www.genecards.org/cgi-bin/carddisp.pl?gene=VEZT"
"TNIK","TRAF2 And NCK Interacting Kinase","Protein Coding","Q9UKE5","55","GC03M171105","7.45405340194702","https://www.genecards.org/cgi-bin/carddisp.pl?gene=TNIK"
"SUPT16H","SPT16 Homolog, Facilitates Chromatin Remodeling Subunit","Protein Coding","Q9Y5B9","51","GC14M021351","7.4402060508728","https://www.genecards.org/cgi-bin/carddisp.pl?gene=SUPT16H"
"CNDP2","Carnosine Dipeptidase 2","Protein Coding","Q96KP4","54","GC18P074495","7.43973636627197","https://www.genecards.org/cgi-bin/carddisp.pl?gene=CNDP2"
"COPB1","Coat Protein Complex I Subunit Beta 1","Protein Coding","P53618","52","GC11M018277","7.4359188079834","https://www.genecards.org/cgi-bin/carddisp.pl?gene=COPB1"
"SUN2","Sad1 And UNC84 Domain Containing 2","Protein Coding","Q9UH99","51","GC22M090747","7.43414068222046","https://www.genecards.org/cgi-bin/carddisp.pl?gene=SUN2"
"SRP14","Signal Recognition Particle 14","Protein Coding","P37108","45","GC15M040035","7.43041849136353","https://www.genecards.org/cgi-bin/carddisp.pl?gene=SRP14"
"DCAF7","DDB1 And CUL4 Associated Factor 7","Protein Coding","P61962","47","GC17P063550","7.42283058166504","https://www.genecards.org/cgi-bin/carddisp.pl?gene=DCAF7"
"YME1L1","YME1 Like 1 ATPase","Protein Coding","Q96TA2","55","GC10M027110","7.42204666137695","https://www.genecards.org/cgi-bin/carddisp.pl?gene=YME1L1"
"ASPN","Asporin","Protein Coding","Q9BXN1","52","GC09M133535","7.41989183425903","https://www.genecards.org/cgi-bin/carddisp.pl?gene=ASPN"
"GGNBP2","Gametogenetin Binding Protein 2","Protein Coding","Q9H3C7","42","GC17P036544","7.41986131668091","https://www.genecards.org/cgi-bin/carddisp.pl?gene=GGNBP2"
"SYMPK","Symplekin Scaffold Protein","Protein Coding","Q92797","45","GC19M045815","7.4163966178894","https://www.genecards.org/cgi-bin/carddisp.pl?gene=SYMPK"
"BTN3A2","Butyrophilin Subfamily 3 Member A2","Protein Coding","P78410","47","GC06P026365","7.40656328201294","https://www.genecards.org/cgi-bin/carddisp.pl?gene=BTN3A2"
"TUBB4B","Tubulin Beta 4B Class IVb","Protein Coding","P68371","57","GC09P137241","7.39612436294556","https://www.genecards.org/cgi-bin/carddisp.pl?gene=TUBB4B"
"RO60","Ro60, Y RNA Binding Protein","Protein Coding","P10155","47","GC01P193059","7.39423418045044","https://www.genecards.org/cgi-bin/carddisp.pl?gene=RO60"
"NUCKS1","Nuclear Casein Kinase And Cyclin Dependent Kinase Substrate 1","Protein Coding","Q9H1E3","47","GC01M205712","7.39235687255859","https://www.genecards.org/cgi-bin/carddisp.pl?gene=NUCKS1"
"ZNF469","Zinc Finger Protein 469","Protein Coding","Q96JG9","42","GC16P138541","7.37799692153931","https://www.genecards.org/cgi-bin/carddisp.pl?gene=ZNF469"
"MYH10","Myosin Heavy Chain 10","Protein Coding","P35580","58","GC17M008474","7.37466526031494","https://www.genecards.org/cgi-bin/carddisp.pl?gene=MYH10"
"CYP4B1","Cytochrome P450 Family 4 Subfamily B Member 1","Protein Coding","P13584","52","GC01P046757","7.37434911727905","https://www.genecards.org/cgi-bin/carddisp.pl?gene=CYP4B1"
"ATG2B","Autophagy Related 2B","Protein Coding","Q96BY7","49","GC14M126472","7.37388181686401","https://www.genecards.org/cgi-bin/carddisp.pl?gene=ATG2B"
"MTREX","Mtr4 Exosome RNA Helicase","Protein Coding","P42285","48","GC05P055344","7.37348222732544","https://www.genecards.org/cgi-bin/carddisp.pl?gene=MTREX"
"GSDMC","Gasdermin C","Protein Coding","Q9BYG8","44","GC08M129705","7.36955833435059","https://www.genecards.org/cgi-bin/carddisp.pl?gene=GSDMC"
"DDX46","DEAD-Box Helicase 46","Protein Coding","Q7L014","50","GC05P134758","7.36945962905884","https://www.genecards.org/cgi-bin/carddisp.pl?gene=DDX46"
"GRIN2D","Glutamate Ionotropic Receptor NMDA Type Subunit 2D","Protein Coding","O15399","62","GC19P171953","7.36928939819336","https://www.genecards.org/cgi-bin/carddisp.pl?gene=GRIN2D"
"CETN2","Centrin 2","Protein Coding","P41208","54","GC0XM152827","7.36311197280884","https://www.genecards.org/cgi-bin/carddisp.pl?gene=CETN2"
"PWP1","PWP1 Homolog, Endonuclein","Protein Coding","Q13610","45","GC12P107685","7.3615403175354","https://www.genecards.org/cgi-bin/carddisp.pl?gene=PWP1"
"RAD23A","RAD23 Nucleotide Excision Repair Protein A","Protein Coding","P54725","55","GC19P171070","7.3592963218689","https://www.genecards.org/cgi-bin/carddisp.pl?gene=RAD23A"
"CELF2","CUGBP Elav-Like Family Member 2","Protein Coding","O95319","55","GC10P010462","7.35827255249023","https://www.genecards.org/cgi-bin/carddisp.pl?gene=CELF2"
"NELFCD","Negative Elongation Factor Complex Member C/D","Protein Coding","Q8IXH7","48","GC20P058981","7.35657930374146","https://www.genecards.org/cgi-bin/carddisp.pl?gene=NELFCD"
"TRIP10","Thyroid Hormone Receptor Interactor 10","Protein Coding","Q15642","49","GC19P006737","7.35044193267822","https://www.genecards.org/cgi-bin/carddisp.pl?gene=TRIP10"
"PRPF38B","Pre-MRNA Processing Factor 38B","Protein Coding","Q5VTL8","40","GC01P108692","7.35035037994385","https://www.genecards.org/cgi-bin/carddisp.pl?gene=PRPF38B"
"LRRC59","Leucine Rich Repeat Containing 59","Protein Coding","Q96AG4","44","GC17M050375","7.3423957824707","https://www.genecards.org/cgi-bin/carddisp.pl?gene=LRRC59"
"H2AC12","H2A Clustered Histone 12","Protein Coding","Q96KK5","42","GC06P202364","7.3420672416687","https://www.genecards.org/cgi-bin/carddisp.pl?gene=H2AC12"
"SMARCAD1","SNF2 Related Chromatin Remodeling ATPase With DExD Box 1","Protein Coding","Q9H4L7","53","GC04P094207","7.33996343612671","https://www.genecards.org/cgi-bin/carddisp.pl?gene=SMARCAD1"
"HMGN4","High Mobility Group Nucleosomal Binding Domain 4","Protein Coding","O00479","41","GC06P026538","7.33699798583984","https://www.genecards.org/cgi-bin/carddisp.pl?gene=HMGN4"
"LIN9","Lin-9 DREAM MuvB Core Complex Component","Protein Coding","Q5TKA1","47","GC01M226231","7.33273077011108","https://www.genecards.org/cgi-bin/carddisp.pl?gene=LIN9"
"BCAP31","B Cell Receptor Associated Protein 31","Protein Coding","P51572","53","GC0XM153701","7.32881784439087","https://www.genecards.org/cgi-bin/carddisp.pl?gene=BCAP31"
"CAPZA1","Capping Actin Protein Of Muscle Z-Line Subunit Alpha 1","Protein Coding","P52907","51","GC01P112619","7.32342863082886","https://www.genecards.org/cgi-bin/carddisp.pl?gene=CAPZA1"
"CNP","2'''',3''''-Cyclic Nucleotide 3'''' Phosphodiesterase","Protein Coding","P09543","56","GC17P041966","7.32205438613892","https://www.genecards.org/cgi-bin/carddisp.pl?gene=CNP"
"PCMT1","Protein-L-Isoaspartate (D-Aspartate) O-Methyltransferase","Protein Coding","P22061","51","GC06P149749","7.30981588363647","https://www.genecards.org/cgi-bin/carddisp.pl?gene=PCMT1"
"HSP90AA2P","Heat Shock Protein 90 Alpha Family Class A Member 2, Pseudogene","Pseudogene","Q14568","29","GC11M027888","7.30799961090088","https://www.genecards.org/cgi-bin/carddisp.pl?gene=HSP90AA2P"
"DIAPH3","Diaphanous Related Formin 3","Protein Coding","Q9NSV4","54","GC13M059665","7.30604553222656","https://www.genecards.org/cgi-bin/carddisp.pl?gene=DIAPH3"
"GRID1","Glutamate Ionotropic Receptor Delta Type Subunit 1","Protein Coding","Q9ULK0","54","GC10M085599","7.30443334579468","https://www.genecards.org/cgi-bin/carddisp.pl?gene=GRID1"
"ADK","Adenosine Kinase","Protein Coding","P55263","63","GC10P077015","7.29091310501099","https://www.genecards.org/cgi-bin/carddisp.pl?gene=ADK"
"H2BC5","H2B Clustered Histone 5","Protein Coding","P58876","47","GC06P202370","7.28600740432739","https://www.genecards.org/cgi-bin/carddisp.pl?gene=H2BC5"
"SLC25A6","Solute Carrier Family 25 Member 6","Protein Coding","P12236","53","GC0XM001386","7.28543090820313","https://www.genecards.org/cgi-bin/carddisp.pl?gene=SLC25A6"
"DPYSL2","Dihydropyrimidinase Like 2","Protein Coding","Q16555","58","GC08P026514","7.28362703323364","https://www.genecards.org/cgi-bin/carddisp.pl?gene=DPYSL2"
"TWF1","Twinfilin Actin Binding Protein 1","Protein Coding","Q12792","50","GC12M043793","7.27641296386719","https://www.genecards.org/cgi-bin/carddisp.pl?gene=TWF1"
"ZHX2","Zinc Fingers And Homeoboxes 2","Protein Coding","Q9Y6X8","49","GC08P122783","7.27320623397827","https://www.genecards.org/cgi-bin/carddisp.pl?gene=ZHX2"
"TPP1","Tripeptidyl Peptidase 1","Protein Coding","O14773","58","GC11M016821","7.27067136764526","https://www.genecards.org/cgi-bin/carddisp.pl?gene=TPP1"
"HP1BP3","Heterochromatin Protein 1 Binding Protein 3","Protein Coding","Q5SSJ5","45","GC01M041041","7.26813936233521","https://www.genecards.org/cgi-bin/carddisp.pl?gene=HP1BP3"
"TNPO1","Transportin 1","Protein Coding","Q92973","53","GC05P072816","7.26655673980713","https://www.genecards.org/cgi-bin/carddisp.pl?gene=TNPO1"
"EIF2B1","Eukaryotic Translation Initiation Factor 2B Subunit Alpha","Protein Coding","Q14232","55","GC12M123620","7.26275396347046","https://www.genecards.org/cgi-bin/carddisp.pl?gene=EIF2B1"
"CREB5","CAMP Responsive Element Binding Protein 5","Protein Coding","Q02930","49","GC07P032475","7.26145029067993","https://www.genecards.org/cgi-bin/carddisp.pl?gene=CREB5"
"SLC2A12","Solute Carrier Family 2 Member 12","Protein Coding","Q8TD20","48","GC06M133987","7.25985431671143","https://www.genecards.org/cgi-bin/carddisp.pl?gene=SLC2A12"
"WDR18","WD Repeat Domain 18","Protein Coding","Q9BV38","46","GC19P170505","7.25863027572632","https://www.genecards.org/cgi-bin/carddisp.pl?gene=WDR18"
"MTNR1A","Melatonin Receptor 1A","Protein Coding","P48039","53","GC04M186533","7.25227165222168","https://www.genecards.org/cgi-bin/carddisp.pl?gene=MTNR1A"
"H1-10","H1.10 Linker Histone","Protein Coding","Q92522","41","GC03M132832","7.24874877929688","https://www.genecards.org/cgi-bin/carddisp.pl?gene=H1-10"
"PSPC1","Paraspeckle Component 1","Protein Coding","Q8WXF1","46","GC13M026676","7.24521493911743","https://www.genecards.org/cgi-bin/carddisp.pl?gene=PSPC1"
"SRRM1","Serine And Arginine Repetitive Matrix 1","Protein Coding","Q8IYB3","49","GC01P024631","7.24241352081299","https://www.genecards.org/cgi-bin/carddisp.pl?gene=SRRM1"
"ST7-OT3","ST7 Overlapping Transcript 3","RNA Gene","","20","GC07P118666","7.23961353302002","https://www.genecards.org/cgi-bin/carddisp.pl?gene=ST7-OT3"
"MIR767","MicroRNA 767","RNA Gene","","23","GC0XM152393","7.23812437057495","https://www.genecards.org/cgi-bin/carddisp.pl?gene=MIR767"
"SAE1","SUMO1 Activating Enzyme Subunit 1","Protein Coding","Q9UBE0","53","GC19P171901","7.23693799972534","https://www.genecards.org/cgi-bin/carddisp.pl?gene=SAE1"
"RBM25","RNA Binding Motif Protein 25","Protein Coding","P49756","47","GC14P073058","7.23664474487305","https://www.genecards.org/cgi-bin/carddisp.pl?gene=RBM25"
"DARS1","Aspartyl-TRNA Synthetase 1","Protein Coding","P14868","55","GC02M135905","7.23336219787598","https://www.genecards.org/cgi-bin/carddisp.pl?gene=DARS1"
"SRSF9","Serine And Arginine Rich Splicing Factor 9","Protein Coding","Q13242","53","GC12M120461","7.2287449836731","https://www.genecards.org/cgi-bin/carddisp.pl?gene=SRSF9"
"BAG2","BAG Cochaperone 2","Protein Coding","O95816","52","GC06P057172","7.22624254226685","https://www.genecards.org/cgi-bin/carddisp.pl?gene=BAG2"
"ANXA11","Annexin A11","Protein Coding","P50995","55","GC10M080150","7.22431230545044","https://www.genecards.org/cgi-bin/carddisp.pl?gene=ANXA11"
"COASY","Coenzyme A Synthase","Protein Coding","Q13057","57","GC17P042561","7.22305774688721","https://www.genecards.org/cgi-bin/carddisp.pl?gene=COASY"
"GEMIN2","Gem Nuclear Organelle Associated Protein 2","Protein Coding","O14893","50","GC14P039114","7.22225141525269","https://www.genecards.org/cgi-bin/carddisp.pl?gene=GEMIN2"
"MIR486-2","MicroRNA 486-2","RNA Gene","","17","GC08P046490","7.21958303451538","https://www.genecards.org/cgi-bin/carddisp.pl?gene=MIR486-2"
"SUDS3","SIN3A Corepressor Complex Component SDS3","Protein Coding","Q9H7L9","48","GC12P118376","7.21407318115234","https://www.genecards.org/cgi-bin/carddisp.pl?gene=SUDS3"
"HBA2","Hemoglobin Subunit Alpha 2","Protein Coding","P69905","52","GC16P135864","7.21247911453247","https://www.genecards.org/cgi-bin/carddisp.pl?gene=HBA2"
"ABT1","Activator Of Basal Transcription 1","Protein Coding","Q9ULW3","45","GC06P199361","7.21152877807617","https://www.genecards.org/cgi-bin/carddisp.pl?gene=ABT1"
"ZC3H18","Zinc Finger CCCH-Type Containing 18","Protein Coding","Q86VM9","38","GC16P088570","7.21068000793457","https://www.genecards.org/cgi-bin/carddisp.pl?gene=ZC3H18"
"POLA1","DNA Polymerase Alpha 1, Catalytic Subunit","Protein Coding","P09884","58","GC0XP024693","7.20536661148071","https://www.genecards.org/cgi-bin/carddisp.pl?gene=POLA1"
"KRI1","KRI1 Homolog","Protein Coding","Q8N9T8","44","GC19M010553","7.20450687408447","https://www.genecards.org/cgi-bin/carddisp.pl?gene=KRI1"
"TRIM47","Tripartite Motif Containing 47","Protein Coding","Q96LD4","46","GC17M075874","7.20139408111572","https://www.genecards.org/cgi-bin/carddisp.pl?gene=TRIM47"
"HEPH","Hephaestin","Protein Coding","Q9BQS7","52","GC0XP066162","7.19835758209229","https://www.genecards.org/cgi-bin/carddisp.pl?gene=HEPH"
"POLR1G","RNA Polymerase I Subunit G","Protein Coding","O15446","43","GC19P171843","7.18968296051025","https://www.genecards.org/cgi-bin/carddisp.pl?gene=POLR1G"
"MIR550A1","MicroRNA 550a-1","RNA Gene","","26","GC07P030289","7.18486881256104","https://www.genecards.org/cgi-bin/carddisp.pl?gene=MIR550A1"
"DNAJB12","DnaJ Heat Shock Protein Family (Hsp40) Member B12","Protein Coding","Q9NXW2","48","GC10M072332","7.1833758354187","https://www.genecards.org/cgi-bin/carddisp.pl?gene=DNAJB12"
"PLOD3","Procollagen-Lysine,2-Oxoglutarate 5-Dioxygenase 3","Protein Coding","O60568","57","GC07M101205","7.17528295516968","https://www.genecards.org/cgi-bin/carddisp.pl?gene=PLOD3"
"PIKFYVE","Phosphoinositide Kinase, FYVE-Type Zinc Finger Containing","Protein Coding","Q9Y2I7","63","GC02P208266","7.17291116714478","https://www.genecards.org/cgi-bin/carddisp.pl?gene=PIKFYVE"
"FGD5","FYVE, RhoGEF And PH Domain Containing 5","Protein Coding","Q6ZNL6","47","GC03P014810","7.1689624786377","https://www.genecards.org/cgi-bin/carddisp.pl?gene=FGD5"
"IRX3","Iroquois Homeobox 3","Protein Coding","P78415","47","GC16M054283","7.16419458389282","https://www.genecards.org/cgi-bin/carddisp.pl?gene=IRX3"
"ARF4","ARF GTPase 4","Protein Coding","P18085","53","GC03M057572","7.16274404525757","https://www.genecards.org/cgi-bin/carddisp.pl?gene=ARF4"
"DNAJC7","DnaJ Heat Shock Protein Family (Hsp40) Member C7","Protein Coding","Q99615","50","GC17M104740","7.15535259246826","https://www.genecards.org/cgi-bin/carddisp.pl?gene=DNAJC7"
"PDCD6IP","Programmed Cell Death 6 Interacting Protein","Protein Coding","Q8WUM4","56","GC03P033798","7.15522909164429","https://www.genecards.org/cgi-bin/carddisp.pl?gene=PDCD6IP"
"TBCD","Tubulin Folding Cofactor D","Protein Coding","Q9BTW9","51","GC17P176612","7.15429019927979","https://www.genecards.org/cgi-bin/carddisp.pl?gene=TBCD"
"ADSL","Adenylosuccinate Lyase","Protein Coding","P30566","59","GC22P040346","7.15401268005371","https://www.genecards.org/cgi-bin/carddisp.pl?gene=ADSL"
"SNRPD2","Small Nuclear Ribonucleoprotein D2 Polypeptide","Protein Coding","P62316","50","GC19M116437","7.15164518356323","https://www.genecards.org/cgi-bin/carddisp.pl?gene=SNRPD2"
"BAMBI","BMP And Activin Membrane Bound Inhibitor","Protein Coding","Q13145","55","GC10P028724","7.15154314041138","https://www.genecards.org/cgi-bin/carddisp.pl?gene=BAMBI"
"PSMC3","Proteasome 26S Subunit, ATPase 3","Protein Coding","P17980","56","GC11M145859","7.15130138397217","https://www.genecards.org/cgi-bin/carddisp.pl?gene=PSMC3"
"MIR329-1","MicroRNA 329-1","RNA Gene","","26","GC14P123640","7.15085220336914","https://www.genecards.org/cgi-bin/carddisp.pl?gene=MIR329-1"
"NR1D1","Nuclear Receptor Subfamily 1 Group D Member 1","Protein Coding","P20393","61","GC17M040092","7.15006685256958","https://www.genecards.org/cgi-bin/carddisp.pl?gene=NR1D1"
"TREM2","Triggering Receptor Expressed On Myeloid Cells 2","Protein Coding","Q9NZC2","57","GC06M115139","7.14656543731689","https://www.genecards.org/cgi-bin/carddisp.pl?gene=TREM2"
"RAB5A","RAB5A, Member RAS Oncogene Family","Protein Coding","P20339","58","GC03P030505","7.14323282241821","https://www.genecards.org/cgi-bin/carddisp.pl?gene=RAB5A"
"HAT1","Histone Acetyltransferase 1","Protein Coding","O14929","52","GC02P171922","7.14216995239258","https://www.genecards.org/cgi-bin/carddisp.pl?gene=HAT1"
"GAS1RR","GAS1 Adjacent Regulatory RNA","RNA Gene","","15","GC09P158895","7.12977123260498","https://www.genecards.org/cgi-bin/carddisp.pl?gene=GAS1RR"
"HNRNPAB","Heterogeneous Nuclear Ribonucleoprotein A/B","Protein Coding","Q99729","48","GC05P178204","7.12672090530396","https://www.genecards.org/cgi-bin/carddisp.pl?gene=HNRNPAB"
"TIMM50","Translocase Of Inner Mitochondrial Membrane 50","Protein Coding","Q3ZCQ8","50","GC19P171613","7.12666082382202","https://www.genecards.org/cgi-bin/carddisp.pl?gene=TIMM50"
"SRI","Sorcin","Protein Coding","P30626","54","GC07M088205","7.12175607681274","https://www.genecards.org/cgi-bin/carddisp.pl?gene=SRI"
"LTB4R2","Leukotriene B4 Receptor 2","Protein Coding","Q9NPC1","52","GC14P065409","7.11827230453491","https://www.genecards.org/cgi-bin/carddisp.pl?gene=LTB4R2"
"CDCA3","Cell Division Cycle Associated 3","Protein Coding","Q99618","47","GC12M006844","7.1136589050293","https://www.genecards.org/cgi-bin/carddisp.pl?gene=CDCA3"
"DNAJC9","DnaJ Heat Shock Protein Family (Hsp40) Member C9","Protein Coding","Q8WXX5","45","GC10M073183","7.10956239700317","https://www.genecards.org/cgi-bin/carddisp.pl?gene=DNAJC9"
"KDM1B","Lysine Demethylase 1B","Protein Coding","Q8NB78","48","GC06P021280","7.10092353820801","https://www.genecards.org/cgi-bin/carddisp.pl?gene=KDM1B"
"IMMT","Inner Membrane Mitochondrial Protein","Protein Coding","Q16891","52","GC02M086144","7.08892869949341","https://www.genecards.org/cgi-bin/carddisp.pl?gene=IMMT"
"PSMB2","Proteasome 20S Subunit Beta 2","Protein Coding","P49721","54","GC01M035599","7.086510181427","https://www.genecards.org/cgi-bin/carddisp.pl?gene=PSMB2"
"KPNA1","Karyopherin Subunit Alpha 1","Protein Coding","P52294","55","GC03M122421","7.08522605895996","https://www.genecards.org/cgi-bin/carddisp.pl?gene=KPNA1"
"AP2B1","Adaptor Related Protein Complex 2 Subunit Beta 1","Protein Coding","P63010","54","GC17P035578","7.08326959609985","https://www.genecards.org/cgi-bin/carddisp.pl?gene=AP2B1"
"YJU2","YJU2 Splicing Factor Homolog","Protein Coding","Q9BW85","40","GC19P170641","7.08269786834717","https://www.genecards.org/cgi-bin/carddisp.pl?gene=YJU2"
"INO80","INO80 Complex ATPase Subunit","Protein Coding","Q9ULG1","51","GC15M169605","7.08032369613647","https://www.genecards.org/cgi-bin/carddisp.pl?gene=INO80"
"PRPF19","Pre-MRNA Processing Factor 19","Protein Coding","Q9UMS4","46","GC11M060890","7.07820701599121","https://www.genecards.org/cgi-bin/carddisp.pl?gene=PRPF19"
"ANXA6","Annexin A6","Protein Coding","P08133","55","GC05M151100","7.07664108276367","https://www.genecards.org/cgi-bin/carddisp.pl?gene=ANXA6"
"CSMD1","CUB And Sushi Multiple Domains 1","Protein Coding","Q96PZ7","49","GC08M003368","7.06433391571045","https://www.genecards.org/cgi-bin/carddisp.pl?gene=CSMD1"
"PRKCSH","PRKCSH Beta Subunit Of Glucosidase II","Protein Coding","P14314","58","GC19P170963","7.06386518478394","https://www.genecards.org/cgi-bin/carddisp.pl?gene=PRKCSH"
"ATXN10","Ataxin 10","Protein Coding","Q9UBB4","54","GC22P102855","7.06141138076782","https://www.genecards.org/cgi-bin/carddisp.pl?gene=ATXN10"
"LAMB2","Laminin Subunit Beta 2","Protein Coding","P55268","57","GC03M049121","7.06043767929077","https://www.genecards.org/cgi-bin/carddisp.pl?gene=LAMB2"
"PIEZO2","Piezo Type Mechanosensitive Ion Channel Component 2","Protein Coding","Q9H5I5","48","GC18M010741","7.05872201919556","https://www.genecards.org/cgi-bin/carddisp.pl?gene=PIEZO2"
"USP13","Ubiquitin Specific Peptidase 13","Protein Coding","Q92995","53","GC03P179654","7.05408143997192","https://www.genecards.org/cgi-bin/carddisp.pl?gene=USP13"
"NUP153","Nucleoporin 153","Protein Coding","P49790","53","GC06M017659","7.05361795425415","https://www.genecards.org/cgi-bin/carddisp.pl?gene=NUP153"
"CENPC","Centromere Protein C","Protein Coding","Q03188","47","GC04M067521","7.05073595046997","https://www.genecards.org/cgi-bin/carddisp.pl?gene=CENPC"
"LTA4H","Leukotriene A4 Hydrolase","Protein Coding","P09960","56","GC12M096000","7.04764890670776","https://www.genecards.org/cgi-bin/carddisp.pl?gene=LTA4H"
"PSMG1","Proteasome Assembly Chaperone 1","Protein Coding","O95456","48","GC21M039174","7.04630756378174","https://www.genecards.org/cgi-bin/carddisp.pl?gene=PSMG1"
"NUDT5","Nudix Hydrolase 5","Protein Coding","Q9UKK9","47","GC10M012165","7.04611015319824","https://www.genecards.org/cgi-bin/carddisp.pl?gene=NUDT5"
"MMS19","MMS19 Cytosolic Iron-Sulfur Assembly Component","Protein Coding","Q96T76","46","GC10M097458","7.04229259490967","https://www.genecards.org/cgi-bin/carddisp.pl?gene=MMS19"
"PDCD10","Programmed Cell Death 10","Protein Coding","Q9BUL8","52","GC03M167683","7.04203748703003","https://www.genecards.org/cgi-bin/carddisp.pl?gene=PDCD10"
"DCAF13","DDB1 And CUL4 Associated Factor 13","Protein Coding","Q9NV06","45","GC08P103414","7.04134607315063","https://www.genecards.org/cgi-bin/carddisp.pl?gene=DCAF13"
"EXOSC10","Exosome Component 10","Protein Coding","Q01780","48","GC01M040698","7.02994203567505","https://www.genecards.org/cgi-bin/carddisp.pl?gene=EXOSC10"
"CERT1","Ceramide Transporter 1","Protein Coding","Q9Y5P4","52","GC05M075356","7.02883338928223","https://www.genecards.org/cgi-bin/carddisp.pl?gene=CERT1"
"CPEB2","Cytoplasmic Polyadenylation Element Binding Protein 2","Protein Coding","Q7Z5Q1","43","GC04P034314","7.02488946914673","https://www.genecards.org/cgi-bin/carddisp.pl?gene=CPEB2"
"TRPC1","Transient Receptor Potential Cation Channel Subfamily C Member 1","Protein Coding","P48995","53","GC03P142724","7.02476119995117","https://www.genecards.org/cgi-bin/carddisp.pl?gene=TRPC1"
"BOP1","BOP1 Ribosomal Biogenesis Factor","Protein Coding","Q14137","45","GC08M144262","7.02107810974121","https://www.genecards.org/cgi-bin/carddisp.pl?gene=BOP1"
"UQCRC2","Ubiquinol-Cytochrome C Reductase Core Protein 2","Protein Coding","P22695","58","GC16P136457","7.02060031890869","https://www.genecards.org/cgi-bin/carddisp.pl?gene=UQCRC2"
"RAB35","RAB35, Member RAS Oncogene Family","Protein Coding","Q15286","52","GC12M120096","7.0154013633728","https://www.genecards.org/cgi-bin/carddisp.pl?gene=RAB35"
"FOXK1","Forkhead Box K1","Protein Coding","P85037","42","GC07P004682","7.0145902633667","https://www.genecards.org/cgi-bin/carddisp.pl?gene=FOXK1"
"APBA3","Amyloid Beta Precursor Protein Binding Family A Member 3","Protein Coding","O96018","50","GC19M003750","7.00727128982544","https://www.genecards.org/cgi-bin/carddisp.pl?gene=APBA3"
"TRIR","Telomerase RNA Component Interacting RNase","Protein Coding","Q9BQ61","41","GC19M115757","7.00493001937866","https://www.genecards.org/cgi-bin/carddisp.pl?gene=TRIR"
"MED23","Mediator Complex Subunit 23","Protein Coding","Q9ULK4","54","GC06M131573","7.00094509124756","https://www.genecards.org/cgi-bin/carddisp.pl?gene=MED23"
"POLDIP3","DNA Polymerase Delta Interacting Protein 3","Protein Coding","Q9BY77","49","GC22M042583","6.99878883361816","https://www.genecards.org/cgi-bin/carddisp.pl?gene=POLDIP3"
"MIR133A2","MicroRNA 133a-2","RNA Gene","","22","GC20P070483","6.99751472473145","https://www.genecards.org/cgi-bin/carddisp.pl?gene=MIR133A2"
"CNOT1","CCR4-NOT Transcription Complex Subunit 1","Protein Coding","A5YKK6","52","GC16M058519","6.99472332000732","https://www.genecards.org/cgi-bin/carddisp.pl?gene=CNOT1"
"SIX2","SIX Homeobox 2","Protein Coding","Q9NPC8","51","GC02M045005","6.99348545074463","https://www.genecards.org/cgi-bin/carddisp.pl?gene=SIX2"
"KRT78","Keratin 78","Protein Coding","Q8N1N4","44","GC12M052837","6.98970794677734","https://www.genecards.org/cgi-bin/carddisp.pl?gene=KRT78"
"VAMP3","Vesicle Associated Membrane Protein 3","Protein Coding","Q15836","52","GC01P091692","6.98698902130127","https://www.genecards.org/cgi-bin/carddisp.pl?gene=VAMP3"
"LYAR","Ly1 Antibody Reactive","Protein Coding","Q9NX58","48","GC04M007258","6.98458337783813","https://www.genecards.org/cgi-bin/carddisp.pl?gene=LYAR"
"FUT7","Fucosyltransferase 7","Protein Coding","Q11130","51","GC09M137030","6.98202657699585","https://www.genecards.org/cgi-bin/carddisp.pl?gene=FUT7"
"PIMREG","PICALM Interacting Mitotic Regulator","Protein Coding","Q9BSJ6","43","GC17P174468","6.98070240020752","https://www.genecards.org/cgi-bin/carddisp.pl?gene=PIMREG"
"OTUD4","OTU Deubiquitinase 4","Protein Coding","Q01804","47","GC04M145110","6.97858858108521","https://www.genecards.org/cgi-bin/carddisp.pl?gene=OTUD4"
"SLC25A22","Solute Carrier Family 25 Member 22","Protein Coding","Q9H936","54","GC11M016474","6.97488880157471","https://www.genecards.org/cgi-bin/carddisp.pl?gene=SLC25A22"
"FAM83B","Family With Sequence Similarity 83 Member B","Protein Coding","Q5T0W9","42","GC06P054846","6.9736475944519","https://www.genecards.org/cgi-bin/carddisp.pl?gene=FAM83B"
"MIR194-1","MicroRNA 194-1","RNA Gene","","23","GC01M220118","6.97191333770752","https://www.genecards.org/cgi-bin/carddisp.pl?gene=MIR194-1"
"PCDH7","Protocadherin 7","Protein Coding","O60245","50","GC04P034574","6.97086429595947","https://www.genecards.org/cgi-bin/carddisp.pl?gene=PCDH7"
"IPO7","Importin 7","Protein Coding","O95373","52","GC11P009384","6.96888637542725","https://www.genecards.org/cgi-bin/carddisp.pl?gene=IPO7"
"PAK1IP1","PAK1 Interacting Protein 1","Protein Coding","Q9NWT1","45","GC06P020913","6.96886348724365","https://www.genecards.org/cgi-bin/carddisp.pl?gene=PAK1IP1"
"TMOD3","Tropomodulin 3","Protein Coding","Q9NYL9","50","GC15P051829","6.96614551544189","https://www.genecards.org/cgi-bin/carddisp.pl?gene=TMOD3"
"NCOA5","Nuclear Receptor Coactivator 5","Protein Coding","Q9HCD5","44","GC20M046060","6.96575307846069","https://www.genecards.org/cgi-bin/carddisp.pl?gene=NCOA5"
"CCR9","C-C Motif Chemokine Receptor 9","Protein Coding","P51686","51","GC03P069054","6.96507883071899","https://www.genecards.org/cgi-bin/carddisp.pl?gene=CCR9"
"ZNF165","Zinc Finger Protein 165","Protein Coding","P49910","41","GC06P028080","6.96090793609619","https://www.genecards.org/cgi-bin/carddisp.pl?gene=ZNF165"
"POLR2B","RNA Polymerase II Subunit B","Protein Coding","P30876","54","GC04P056977","6.95315980911255","https://www.genecards.org/cgi-bin/carddisp.pl?gene=POLR2B"
"IPO5","Importin 5","Protein Coding","O00410","50","GC13P097953","6.95067024230957","https://www.genecards.org/cgi-bin/carddisp.pl?gene=IPO5"
"SAP30","Sin3A Associated Protein 30","Protein Coding","O75446","50","GC04P173369","6.9505410194397","https://www.genecards.org/cgi-bin/carddisp.pl?gene=SAP30"
"SNRNP40","Small Nuclear Ribonucleoprotein U5 Subunit 40","Protein Coding","Q96DI7","45","GC01M031259","6.94914484024048","https://www.genecards.org/cgi-bin/carddisp.pl?gene=SNRNP40"
"GBP1","Guanylate Binding Protein 1","Protein Coding","P32455","50","GC01M089052","6.94796180725098","https://www.genecards.org/cgi-bin/carddisp.pl?gene=GBP1"
"USP19","Ubiquitin Specific Peptidase 19","Protein Coding","O94966","51","GC03M055281","6.94488286972046","https://www.genecards.org/cgi-bin/carddisp.pl?gene=USP19"
"ADARB2","Adenosine Deaminase RNA Specific B2 (Inactive)","Protein Coding","Q9NS39","53","GC10M001360","6.93704271316528","https://www.genecards.org/cgi-bin/carddisp.pl?gene=ADARB2"
"SUGP2","SURP And G-Patch Domain Containing 2","Protein Coding","Q8IX01","45","GC19M018990","6.93327379226685","https://www.genecards.org/cgi-bin/carddisp.pl?gene=SUGP2"
"ICAM2","Intercellular Adhesion Molecule 2","Protein Coding","P13598","57","GC17M064002","6.93130731582642","https://www.genecards.org/cgi-bin/carddisp.pl?gene=ICAM2"
"MIR1290","MicroRNA 1290","RNA Gene","","20","GC01M018897","6.9300971031189","https://www.genecards.org/cgi-bin/carddisp.pl?gene=MIR1290"
"GBE1","1,4-Alpha-Glucan Branching Enzyme 1","Protein Coding","Q04446","56","GC03M081489","6.92322969436646","https://www.genecards.org/cgi-bin/carddisp.pl?gene=GBE1"
"ZBTB4","Zinc Finger And BTB Domain Containing 4","Protein Coding","Q9P1Z0","44","GC17M007459","6.92245101928711","https://www.genecards.org/cgi-bin/carddisp.pl?gene=ZBTB4"
"HSD17B10","Hydroxysteroid 17-Beta Dehydrogenase 10","Protein Coding","Q99714","59","GC0XM053431","6.92076826095581","https://www.genecards.org/cgi-bin/carddisp.pl?gene=HSD17B10"
"EIF3L","Eukaryotic Translation Initiation Factor 3 Subunit L","Protein Coding","Q9Y262","45","GC22P037848","6.92016983032227","https://www.genecards.org/cgi-bin/carddisp.pl?gene=EIF3L"
"AFDN-DT","AFDN Divergent Transcript","RNA Gene","","25","GC06M167781","6.91752815246582","https://www.genecards.org/cgi-bin/carddisp.pl?gene=AFDN-DT"
"FAF2","Fas Associated Factor Family Member 2","Protein Coding","Q96CS3","51","GC05P176447","6.91676425933838","https://www.genecards.org/cgi-bin/carddisp.pl?gene=FAF2"
"FLG2","Filaggrin 2","Protein Coding","Q5D862","47","GC01M169656","6.91456604003906","https://www.genecards.org/cgi-bin/carddisp.pl?gene=FLG2"
"IL34","Interleukin 34","Protein Coding","Q6ZMJ4","51","GC16P137818","6.91389417648315","https://www.genecards.org/cgi-bin/carddisp.pl?gene=IL34"
"TRA2A","Transformer 2 Alpha Homolog","Protein Coding","Q13595","46","GC07M023504","6.90846300125122","https://www.genecards.org/cgi-bin/carddisp.pl?gene=TRA2A"
"PHF12","PHD Finger Protein 12","Protein Coding","Q96QT6","47","GC17M028905","6.90755987167358","https://www.genecards.org/cgi-bin/carddisp.pl?gene=PHF12"
"CPT2","Carnitine Palmitoyltransferase 2","Protein Coding","P23786","62","GC01P053196","6.90543556213379","https://www.genecards.org/cgi-bin/carddisp.pl?gene=CPT2"
"NELFB","Negative Elongation Factor Complex Member B","Protein Coding","Q8WX92","41","GC09P137255","6.90539836883545","https://www.genecards.org/cgi-bin/carddisp.pl?gene=NELFB"
"LINC01550","Long Intergenic Non-Protein Coding RNA 1550","RNA Gene","","26","GC14M126486","6.90027856826782","https://www.genecards.org/cgi-bin/carddisp.pl?gene=LINC01550"
"DDX23","DEAD-Box Helicase 23","Protein Coding","Q9BUQ8","52","GC12M048829","6.89845991134644","https://www.genecards.org/cgi-bin/carddisp.pl?gene=DDX23"
"LPAR6","Lysophosphatidic Acid Receptor 6","Protein Coding","P43657","54","GC13M048389","6.892005443573","https://www.genecards.org/cgi-bin/carddisp.pl?gene=LPAR6"
"C1orf35","Chromosome 1 Open Reading Frame 35","Protein Coding","Q9BU76","40","GC01M228100","6.8897557258606","https://www.genecards.org/cgi-bin/carddisp.pl?gene=C1orf35"
"ROBO2","Roundabout Guidance Receptor 2","Protein Coding","Q9HCK4","55","GC03P076080","6.88509702682495","https://www.genecards.org/cgi-bin/carddisp.pl?gene=ROBO2"
"KLF15","KLF Transcription Factor 15","Protein Coding","Q9UIH9","51","GC03M126293","6.88147068023682","https://www.genecards.org/cgi-bin/carddisp.pl?gene=KLF15"
"LRRC15","Leucine Rich Repeat Containing 15","Protein Coding","Q8TF66","44","GC03M194357","6.88128995895386","https://www.genecards.org/cgi-bin/carddisp.pl?gene=LRRC15"
"CAPZA2","Capping Actin Protein Of Muscle Z-Line Subunit Alpha 2","Protein Coding","P47755","52","GC07P116811","6.88048934936523","https://www.genecards.org/cgi-bin/carddisp.pl?gene=CAPZA2"
"UBE2A","Ubiquitin Conjugating Enzyme E2 A","Protein Coding","P49459","57","GC0XP120779","6.87955236434937","https://www.genecards.org/cgi-bin/carddisp.pl?gene=UBE2A"
"HMGCS1","3-Hydroxy-3-Methylglutaryl-CoA Synthase 1","Protein Coding","Q01581","55","GC05M045365","6.87768173217773","https://www.genecards.org/cgi-bin/carddisp.pl?gene=HMGCS1"
"PSMA5","Proteasome 20S Subunit Alpha 5","Protein Coding","P28066","55","GC01M109399","6.87722301483154","https://www.genecards.org/cgi-bin/carddisp.pl?gene=PSMA5"
"TBL3","Transducin Beta Like 3","Protein Coding","Q12788","46","GC16P135930","6.87196922302246","https://www.genecards.org/cgi-bin/carddisp.pl?gene=TBL3"
"KPNA6","Karyopherin Subunit Alpha 6","Protein Coding","O60684","50","GC01P032108","6.86957502365112","https://www.genecards.org/cgi-bin/carddisp.pl?gene=KPNA6"
"PSME2","Proteasome Activator Subunit 2","Protein Coding","Q9UL46","48","GC14M024143","6.86877202987671","https://www.genecards.org/cgi-bin/carddisp.pl?gene=PSME2"
"GRK3","G Protein-Coupled Receptor Kinase 3","Protein Coding","P35626","58","GC22P102287","6.8671817779541","https://www.genecards.org/cgi-bin/carddisp.pl?gene=GRK3"
"IFIT1","Interferon Induced Protein With Tetratricopeptide Repeats 1","Protein Coding","P09914","50","GC10P134465","6.86696767807007","https://www.genecards.org/cgi-bin/carddisp.pl?gene=IFIT1"
"CMPK1","Cytidine/Uridine Monophosphate Kinase 1","Protein Coding","P30085","52","GC01P047333","6.84965085983276","https://www.genecards.org/cgi-bin/carddisp.pl?gene=CMPK1"
"ADORA2B","Adenosine A2b Receptor","Protein Coding","P29275","60","GC17P174726","6.84455013275146","https://www.genecards.org/cgi-bin/carddisp.pl?gene=ADORA2B"
"NCBP1","Nuclear Cap Binding Protein Subunit 1","Protein Coding","Q09161","51","GC09P097633","6.84391403198242","https://www.genecards.org/cgi-bin/carddisp.pl?gene=NCBP1"
"EIF4G2","Eukaryotic Translation Initiation Factor 4 Gamma 2","Protein Coding","P78344","50","GC11M016949","6.84243726730347","https://www.genecards.org/cgi-bin/carddisp.pl?gene=EIF4G2"
"SRPRA","SRP Receptor Subunit Alpha","Protein Coding","P08240","48","GC11M147195","6.83624744415283","https://www.genecards.org/cgi-bin/carddisp.pl?gene=SRPRA"
"SNRPN","Small Nuclear Ribonucleoprotein Polypeptide N","Protein Coding","P63162","56","GC15P024823","6.83482360839844","https://www.genecards.org/cgi-bin/carddisp.pl?gene=SNRPN"
"THOC2","THO Complex Subunit 2","Protein Coding","Q8NI27","51","GC0XM123600","6.8271164894104","https://www.genecards.org/cgi-bin/carddisp.pl?gene=THOC2"
"RNPEP","Arginyl Aminopeptidase","Protein Coding","Q9H4A4","51","GC01P201982","6.82530069351196","https://www.genecards.org/cgi-bin/carddisp.pl?gene=RNPEP"
"GCH1","GTP Cyclohydrolase 1","Protein Coding","P30793","60","GC14M054842","6.81956338882446","https://www.genecards.org/cgi-bin/carddisp.pl?gene=GCH1"
"BZW1","Basic Leucine Zipper And W2 Domains 1","Protein Coding","Q7L1Q6","42","GC02P200810","6.81724786758423","https://www.genecards.org/cgi-bin/carddisp.pl?gene=BZW1"
"NCAPH","Non-SMC Condensin I Complex Subunit H","Protein Coding","Q15003","52","GC02P102397","6.81678915023804","https://www.genecards.org/cgi-bin/carddisp.pl?gene=NCAPH"
"EFHD2","EF-Hand Domain Family Member D2","Protein Coding","Q96C19","48","GC01P015409","6.81413125991821","https://www.genecards.org/cgi-bin/carddisp.pl?gene=EFHD2"
"SEPTIN7","Septin 7","Protein Coding","Q16181","49","GC07P038273","6.81362199783325","https://www.genecards.org/cgi-bin/carddisp.pl?gene=SEPTIN7"
"SSR1","Signal Sequence Receptor Subunit 1","Protein Coding","P43307","50","GC06M007268","6.81224536895752","https://www.genecards.org/cgi-bin/carddisp.pl?gene=SSR1"
"RNASEH2A","Ribonuclease H2 Subunit A","Protein Coding","O75792","55","GC19P171060","6.81018877029419","https://www.genecards.org/cgi-bin/carddisp.pl?gene=RNASEH2A"
"POLR2C","RNA Polymerase II Subunit C","Protein Coding","P19387","53","GC16P057462","6.81005954742432","https://www.genecards.org/cgi-bin/carddisp.pl?gene=POLR2C"
"ADAM33","ADAM Metallopeptidase Domain 33","Protein Coding","Q9BZ11","50","GC20M004532","6.81005239486694","https://www.genecards.org/cgi-bin/carddisp.pl?gene=ADAM33"
"PNO1","Partner Of NOB1 Homolog","Protein Coding","Q9NRX1","47","GC02P068157","6.80824518203735","https://www.genecards.org/cgi-bin/carddisp.pl?gene=PNO1"
"CTNNBL1","Catenin Beta Like 1","Protein Coding","Q8WYA6","50","GC20P059652","6.8080849647522","https://www.genecards.org/cgi-bin/carddisp.pl?gene=CTNNBL1"
"CIAPIN1","Cytokine Induced Apoptosis Inhibitor 1","Protein Coding","Q6FI81","46","GC16M057428","6.80371522903442","https://www.genecards.org/cgi-bin/carddisp.pl?gene=CIAPIN1"
"TSR1","TSR1 Ribosome Maturation Factor","Protein Coding","Q2NL82","50","GC17M002322","6.79433012008667","https://www.genecards.org/cgi-bin/carddisp.pl?gene=TSR1"
"PPM1G","Protein Phosphatase, Mg2+/Mn2+ Dependent 1G","Protein Coding","O15355","51","GC02M029410","6.79187488555908","https://www.genecards.org/cgi-bin/carddisp.pl?gene=PPM1G"
"NLRP2","NLR Family Pyrin Domain Containing 2","Protein Coding","Q9NX02","55","GC19P054953","6.78937339782715","https://www.genecards.org/cgi-bin/carddisp.pl?gene=NLRP2"
"UCHL5","Ubiquitin C-Terminal Hydrolase L5","Protein Coding","Q9Y5K5","51","GC01M193012","6.78887701034546","https://www.genecards.org/cgi-bin/carddisp.pl?gene=UCHL5"
"ROPN1","Rhophilin Associated Tail Protein 1","Protein Coding","Q9HAT0","44","GC03M123968","6.788733959198","https://www.genecards.org/cgi-bin/carddisp.pl?gene=ROPN1"
"ACTA1","Actin Alpha 1, Skeletal Muscle","Protein Coding","P68133","60","GC01M231082","6.78602361679077","https://www.genecards.org/cgi-bin/carddisp.pl?gene=ACTA1"
"TRMT112","TRNA Methyltransferase Activator Subunit 11-2","Protein Coding","Q9UI30","45","GC11M064316","6.77698373794556","https://www.genecards.org/cgi-bin/carddisp.pl?gene=TRMT112"
"TRIM11","Tripartite Motif Containing 11","Protein Coding","Q96F44","48","GC01M228393","6.77441549301147","https://www.genecards.org/cgi-bin/carddisp.pl?gene=TRIM11"
"DTX3L","Deltex E3 Ubiquitin Ligase 3L","Protein Coding","Q8TDB6","47","GC03P122564","6.76087045669556","https://www.genecards.org/cgi-bin/carddisp.pl?gene=DTX3L"
"CWF19L1","CWF19 Like Cell Cycle Control Factor 1","Protein Coding","Q69YN2","48","GC10M100232","6.75531196594238","https://www.genecards.org/cgi-bin/carddisp.pl?gene=CWF19L1"
"RGS3","Regulator Of G Protein Signaling 3","Protein Coding","P49796","48","GC09P160396","6.75418615341187","https://www.genecards.org/cgi-bin/carddisp.pl?gene=RGS3"
"MEF2A","Myocyte Enhancer Factor 2A","Protein Coding","Q02078","58","GC15P099565","6.75078582763672","https://www.genecards.org/cgi-bin/carddisp.pl?gene=MEF2A"
"CSTF1","Cleavage Stimulation Factor Subunit 1","Protein Coding","Q05048","44","GC20P056392","6.75033617019653","https://www.genecards.org/cgi-bin/carddisp.pl?gene=CSTF1"
"UTRN","Utrophin","Protein Coding","P46939","54","GC06P144285","6.74825143814087","https://www.genecards.org/cgi-bin/carddisp.pl?gene=UTRN"
"RNMT","RNA Guanine-7 Methyltransferase","Protein Coding","O43148","54","GC18P027129","6.74792814254761","https://www.genecards.org/cgi-bin/carddisp.pl?gene=RNMT"
"MIR4306","MicroRNA 4306","RNA Gene","","15","GC13P099643","6.74652433395386","https://www.genecards.org/cgi-bin/carddisp.pl?gene=MIR4306"
"RBM17","RNA Binding Motif Protein 17","Protein Coding","Q96I25","48","GC10P006089","6.74647569656372","https://www.genecards.org/cgi-bin/carddisp.pl?gene=RBM17"
"DRG1","Developmentally Regulated GTP Binding Protein 1","Protein Coding","Q9Y295","54","GC22P031399","6.74390506744385","https://www.genecards.org/cgi-bin/carddisp.pl?gene=DRG1"
"CYP2J2","Cytochrome P450 Family 2 Subfamily J Member 2","Protein Coding","P51589","54","GC01M059893","6.74156284332275","https://www.genecards.org/cgi-bin/carddisp.pl?gene=CYP2J2"
"KIF3A","Kinesin Family Member 3A","Protein Coding","Q9Y496","53","GC05M132689","6.73680114746094","https://www.genecards.org/cgi-bin/carddisp.pl?gene=KIF3A"
"KRT75","Keratin 75","Protein Coding","O95678","44","GC12M053233","6.73666906356812","https://www.genecards.org/cgi-bin/carddisp.pl?gene=KRT75"
"COPS3","COP9 Signalosome Subunit 3","Protein Coding","Q9UNS2","52","GC17M017246","6.73083209991455","https://www.genecards.org/cgi-bin/carddisp.pl?gene=COPS3"
"VKORC1L1","Vitamin K Epoxide Reductase Complex Subunit 1L1","Protein Coding","Q8N0U8","47","GC07P114732","6.72853469848633","https://www.genecards.org/cgi-bin/carddisp.pl?gene=VKORC1L1"
"RAB14","RAB14, Member RAS Oncogene Family","Protein Coding","P61106","51","GC09M121178","6.72013998031616","https://www.genecards.org/cgi-bin/carddisp.pl?gene=RAB14"
"PCK2","Phosphoenolpyruvate Carboxykinase 2, Mitochondrial","Protein Coding","Q16822","58","GC14P024094","6.71964406967163","https://www.genecards.org/cgi-bin/carddisp.pl?gene=PCK2"
"STT3B","STT3 Oligosaccharyltransferase Complex Catalytic Subunit B","Protein Coding","Q8TCJ2","55","GC03P031532","6.71953916549683","https://www.genecards.org/cgi-bin/carddisp.pl?gene=STT3B"
"CAMK2A","Calcium/Calmodulin Dependent Protein Kinase II Alpha","Protein Coding","Q9UQM7","65","GC05M150219","6.71426200866699","https://www.genecards.org/cgi-bin/carddisp.pl?gene=CAMK2A"
"DDOST","Dolichyl-Diphosphooligosaccharide--Protein Glycosyltransferase Non-Catalytic Subunit","Protein Coding","P39656","57","GC01M020651","6.7116322517395","https://www.genecards.org/cgi-bin/carddisp.pl?gene=DDOST"
"MIR1260A","MicroRNA 1260a","RNA Gene","","17","GC14P077266","6.71144723892212","https://www.genecards.org/cgi-bin/carddisp.pl?gene=MIR1260A"
"ELAVL2","ELAV Like RNA Binding Protein 2","Protein Coding","Q12926","53","GC09M023690","6.70521306991577","https://www.genecards.org/cgi-bin/carddisp.pl?gene=ELAVL2"
"IRX2","Iroquois Homeobox 2","Protein Coding","Q9BZI1","44","GC05M002735","6.70221471786499","https://www.genecards.org/cgi-bin/carddisp.pl?gene=IRX2"
"DYNLT1","Dynein Light Chain Tctex-Type 1","Protein Coding","P63172","52","GC06M158636","6.70136308670044","https://www.genecards.org/cgi-bin/carddisp.pl?gene=DYNLT1"
"UBE2L3","Ubiquitin Conjugating Enzyme E2 L3","Protein Coding","P68036","57","GC22P021549","6.69926023483276","https://www.genecards.org/cgi-bin/carddisp.pl?gene=UBE2L3"
"SEC61B","SEC61 Translocon Subunit Beta","Protein Coding","P60468","47","GC09P099222","6.69668006896973","https://www.genecards.org/cgi-bin/carddisp.pl?gene=SEC61B"
"KLK12","Kallikrein Related Peptidase 12","Protein Coding","Q9UKR0","42","GC19M051029","6.69026231765747","https://www.genecards.org/cgi-bin/carddisp.pl?gene=KLK12"
"UBE2E1","Ubiquitin Conjugating Enzyme E2 E1","Protein Coding","P51965","51","GC03P023805","6.68914175033569","https://www.genecards.org/cgi-bin/carddisp.pl?gene=UBE2E1"
"SCAMP3","Secretory Carrier Membrane Protein 3","Protein Coding","O14828","45","GC01M155255","6.68788814544678","https://www.genecards.org/cgi-bin/carddisp.pl?gene=SCAMP3"
"RASSF6","Ras Association Domain Family Member 6","Protein Coding","Q6ZTQ3","43","GC04M073571","6.68077087402344","https://www.genecards.org/cgi-bin/carddisp.pl?gene=RASSF6"
"PALS1","Protein Associated With LIN7 1, MAGUK P55 Family Member","Protein Coding","Q8N3R9","50","GC14P067240","6.67560911178589","https://www.genecards.org/cgi-bin/carddisp.pl?gene=PALS1"
"RNF182","Ring Finger Protein 182","Protein Coding","Q8N6D2","42","GC06P013924","6.67134618759155","https://www.genecards.org/cgi-bin/carddisp.pl?gene=RNF182"
"TADA3","Transcriptional Adaptor 3","Protein Coding","O75528","44","GC03M009779","6.66918659210205","https://www.genecards.org/cgi-bin/carddisp.pl?gene=TADA3"
"UFD1","Ubiquitin Recognition Factor In ER Associated Degradation 1","Protein Coding","Q92890","55","GC22M090204","6.66348123550415","https://www.genecards.org/cgi-bin/carddisp.pl?gene=UFD1"
"SOSTDC1","Sclerostin Domain Containing 1","Protein Coding","Q6X4U4","52","GC07M016467","6.65982246398926","https://www.genecards.org/cgi-bin/carddisp.pl?gene=SOSTDC1"
"MIR374B","MicroRNA 374b","RNA Gene","","23","GC0XM074231","6.65896272659302","https://www.genecards.org/cgi-bin/carddisp.pl?gene=MIR374B"
"RAB18","RAB18, Member RAS Oncogene Family","Protein Coding","Q9NP72","50","GC10P027504","6.65182685852051","https://www.genecards.org/cgi-bin/carddisp.pl?gene=RAB18"
"SCARA5","Scavenger Receptor Class A Member 5","Protein Coding","Q6ZMJ2","48","GC08M027869","6.650071144104","https://www.genecards.org/cgi-bin/carddisp.pl?gene=SCARA5"
"COPG1","Coat Protein Complex I Subunit Gamma 1","Protein Coding","Q9Y678","52","GC03P129249","6.6475772857666","https://www.genecards.org/cgi-bin/carddisp.pl?gene=COPG1"
"MIR421","MicroRNA 421","RNA Gene","","22","GC0XM074218","6.64595890045166","https://www.genecards.org/cgi-bin/carddisp.pl?gene=MIR421"
"TNFRSF19","TNF Receptor Superfamily Member 19","Protein Coding","Q9NS68","51","GC13P023570","6.64581775665283","https://www.genecards.org/cgi-bin/carddisp.pl?gene=TNFRSF19"
"MRPS27","Mitochondrial Ribosomal Protein S27","Protein Coding","Q92552","46","GC05M082735","6.64516544342041","https://www.genecards.org/cgi-bin/carddisp.pl?gene=MRPS27"
"PSMA6","Proteasome 20S Subunit Alpha 6","Protein Coding","P60900","58","GC14P035278","6.64268255233765","https://www.genecards.org/cgi-bin/carddisp.pl?gene=PSMA6"
"COP1","COP1 E3 Ubiquitin Ligase","Protein Coding","Q8NHY2","52","GC01M175944","6.6392879486084","https://www.genecards.org/cgi-bin/carddisp.pl?gene=COP1"
"RFX5","Regulatory Factor X5","Protein Coding","P48382","52","GC01M151340","6.63842439651489","https://www.genecards.org/cgi-bin/carddisp.pl?gene=RFX5"
"THEM4","Thioesterase Superfamily Member 4","Protein Coding","Q5T1C6","49","GC01M151870","6.63642454147339","https://www.genecards.org/cgi-bin/carddisp.pl?gene=THEM4"
"PELO","Pelota MRNA Surveillance And Ribosome Rescue Factor","Protein Coding","Q9BRX2","45","GC05P052787","6.63203716278076","https://www.genecards.org/cgi-bin/carddisp.pl?gene=PELO"
"DACT2","Dishevelled Binding Antagonist Of Beta Catenin 2","Protein Coding","Q5SW24","44","GC06M168292","6.62878942489624","https://www.genecards.org/cgi-bin/carddisp.pl?gene=DACT2"
"IK","IK Cytokine","Protein Coding","Q13123","51","GC05P162540","6.62598705291748","https://www.genecards.org/cgi-bin/carddisp.pl?gene=IK"
"MYL12A","Myosin Light Chain 12A","Protein Coding","P19105","51","GC18P003238","6.6245551109314","https://www.genecards.org/cgi-bin/carddisp.pl?gene=MYL12A"
"MANF","Mesencephalic Astrocyte Derived Neurotrophic Factor","Protein Coding","P55145","54","GC03P051385","6.62327146530151","https://www.genecards.org/cgi-bin/carddisp.pl?gene=MANF"
"RNF144A","Ring Finger Protein 144A","Protein Coding","P50876","47","GC02P006917","6.62197113037109","https://www.genecards.org/cgi-bin/carddisp.pl?gene=RNF144A"
"SNX1","Sorting Nexin 1","Protein Coding","Q13596","52","GC15P064094","6.62163782119751","https://www.genecards.org/cgi-bin/carddisp.pl?gene=SNX1"
"SMU1","SMU1 DNA Replication Regulator And Spliceosomal Factor","Protein Coding","Q2TAY7","49","GC09M033041","6.61819410324097","https://www.genecards.org/cgi-bin/carddisp.pl?gene=SMU1"
"MED27","Mediator Complex Subunit 27","Protein Coding","Q6P2C8","48","GC09M134806","6.61688661575317","https://www.genecards.org/cgi-bin/carddisp.pl?gene=MED27"
"IPO8","Importin 8","Protein Coding","O15397","53","GC12M030628","6.61604118347168","https://www.genecards.org/cgi-bin/carddisp.pl?gene=IPO8"
"USP42","Ubiquitin Specific Peptidase 42","Protein Coding","Q9H9J4","47","GC07P031777","6.61407279968262","https://www.genecards.org/cgi-bin/carddisp.pl?gene=USP42"
"FLG","Filaggrin","Protein Coding","P20930","54","GC01M169655","6.61090564727783","https://www.genecards.org/cgi-bin/carddisp.pl?gene=FLG"
"PDIA4","Protein Disulfide Isomerase Family A Member 4","Protein Coding","P13667","52","GC07M149003","6.61070013046265","https://www.genecards.org/cgi-bin/carddisp.pl?gene=PDIA4"
"IL1RAP","Interleukin 1 Receptor Accessory Protein","Protein Coding","Q9NPH3","58","GC03P190514","6.60211515426636","https://www.genecards.org/cgi-bin/carddisp.pl?gene=IL1RAP"
"MATN1-AS1","MATN1 Antisense RNA 1","RNA Gene","","20","GC01P030718","6.59985589981079","https://www.genecards.org/cgi-bin/carddisp.pl?gene=MATN1-AS1"
"RNF41","Ring Finger Protein 41","Protein Coding","Q9H4P4","48","GC12M056202","6.59927606582642","https://www.genecards.org/cgi-bin/carddisp.pl?gene=RNF41"
"BTF3","Basic Transcription Factor 3","Protein Coding","P20290","49","GC05P073498","6.59816789627075","https://www.genecards.org/cgi-bin/carddisp.pl?gene=BTF3"
"KIF18A","Kinesin Family Member 18A","Protein Coding","Q8NI77","48","GC11M028020","6.59720373153687","https://www.genecards.org/cgi-bin/carddisp.pl?gene=KIF18A"
"NKRF","NFKB Repressing Factor","Protein Coding","O15226","50","GC0XM119588","6.58436155319214","https://www.genecards.org/cgi-bin/carddisp.pl?gene=NKRF"
"SNRPD1","Small Nuclear Ribonucleoprotein D1 Polypeptide","Protein Coding","P62314","51","GC18P021612","6.58228778839111","https://www.genecards.org/cgi-bin/carddisp.pl?gene=SNRPD1"
"MIR18B","MicroRNA 18b","RNA Gene","","24","GC0XM135548","6.58043813705444","https://www.genecards.org/cgi-bin/carddisp.pl?gene=MIR18B"
"GLIS3","GLIS Family Zinc Finger 3","Protein Coding","Q8NEA6","48","GC09M003816","6.57508993148804","https://www.genecards.org/cgi-bin/carddisp.pl?gene=GLIS3"
"UBXN1","UBX Domain Protein 1","Protein Coding","Q04323","44","GC11M146066","6.57149934768677","https://www.genecards.org/cgi-bin/carddisp.pl?gene=UBXN1"
"CCS","Copper Chaperone For Superoxide Dismutase","Protein Coding","O14618","54","GC11P066593","6.5710015296936","https://www.genecards.org/cgi-bin/carddisp.pl?gene=CCS"
"GTF3C2","General Transcription Factor IIIC Subunit 2","Protein Coding","Q8WUA4","45","GC02M027325","6.56882572174072","https://www.genecards.org/cgi-bin/carddisp.pl?gene=GTF3C2"
"EIF2A","Eukaryotic Translation Initiation Factor 2A","Protein Coding","Q9BY44","48","GC03P150546","6.56671094894409","https://www.genecards.org/cgi-bin/carddisp.pl?gene=EIF2A"
"SEC61A1","SEC61 Translocon Subunit Alpha 1","Protein Coding","P61619","53","GC03P128051","6.56435346603394","https://www.genecards.org/cgi-bin/carddisp.pl?gene=SEC61A1"
"UPP1","Uridine Phosphorylase 1","Protein Coding","Q16831","53","GC07P048088","6.56020593643188","https://www.genecards.org/cgi-bin/carddisp.pl?gene=UPP1"
"MIR1296","MicroRNA 1296","RNA Gene","","24","GC10M063372","6.55734157562256","https://www.genecards.org/cgi-bin/carddisp.pl?gene=MIR1296"
"CPT1C","Carnitine Palmitoyltransferase 1C","Protein Coding","Q8TCG5","55","GC19P049690","6.55600929260254","https://www.genecards.org/cgi-bin/carddisp.pl?gene=CPT1C"
"ELOA","Elongin A","Protein Coding","Q14241","49","GC01P092713","6.55378484725952","https://www.genecards.org/cgi-bin/carddisp.pl?gene=ELOA"
"NAA20","N-Alpha-Acetyltransferase 20, NatB Catalytic Subunit","Protein Coding","P61599","49","GC20P020298","6.55054807662964","https://www.genecards.org/cgi-bin/carddisp.pl?gene=NAA20"
"GTPBP1","GTP Binding Protein 1","Protein Coding","O00178","51","GC22P038705","6.55040454864502","https://www.genecards.org/cgi-bin/carddisp.pl?gene=GTPBP1"
"CORO1A","Coronin 1A","Protein Coding","P31146","55","GC16P136782","6.5497088432312","https://www.genecards.org/cgi-bin/carddisp.pl?gene=CORO1A"
"DDX43","DEAD-Box Helicase 43","Protein Coding","Q9NXZ2","42","GC06P073394","6.54720497131348","https://www.genecards.org/cgi-bin/carddisp.pl?gene=DDX43"
"PPIH","Peptidylprolyl Isomerase H","Protein Coding","O43447","50","GC01P094839","6.53723287582397","https://www.genecards.org/cgi-bin/carddisp.pl?gene=PPIH"
"COL8A1","Collagen Type VIII Alpha 1 Chain","Protein Coding","P27658","51","GC03P099638","6.53415393829346","https://www.genecards.org/cgi-bin/carddisp.pl?gene=COL8A1"
"SHC4","SHC Adaptor Protein 4","Protein Coding","Q6S5L8","43","GC15M048823","6.53287982940674","https://www.genecards.org/cgi-bin/carddisp.pl?gene=SHC4"
"THUMPD1","THUMP Domain 1 NAT10 Acetyltransferase Adaptor ","Protein Coding","Q9NXG2","47","GC16M055852","6.52616834640503","https://www.genecards.org/cgi-bin/carddisp.pl?gene=THUMPD1"
"NLRP12","NLR Family Pyrin Domain Containing 12","Protein Coding","P59046","54","GC19M116775","6.52446699142456","https://www.genecards.org/cgi-bin/carddisp.pl?gene=NLRP12"
"UBXN7","UBX Domain Protein 7","Protein Coding","O94888","42","GC03M196347","6.51793050765991","https://www.genecards.org/cgi-bin/carddisp.pl?gene=UBXN7"
"INF2","Inverted Formin 2","Protein Coding","Q27J81","52","GC14P122698","6.5176739692688","https://www.genecards.org/cgi-bin/carddisp.pl?gene=INF2"
"RAB6B","RAB6B, Member RAS Oncogene Family","Protein Coding","Q9NRW1","47","GC03M133824","6.51498317718506","https://www.genecards.org/cgi-bin/carddisp.pl?gene=RAB6B"
"NLGN4X","Neuroligin 4 X-Linked","Protein Coding","Q8N0W4","55","GC0XM005840","6.50858688354492","https://www.genecards.org/cgi-bin/carddisp.pl?gene=NLGN4X"
"INTS13","Integrator Complex Subunit 13","Protein Coding","Q9NVM9","41","GC12M039241","6.50647974014282","https://www.genecards.org/cgi-bin/carddisp.pl?gene=INTS13"
"TRIM59","Tripartite Motif Containing 59","Protein Coding","Q8IWR1","41","GC03M160432","6.50099229812622","https://www.genecards.org/cgi-bin/carddisp.pl?gene=TRIM59"
"FARSB","Phenylalanyl-TRNA Synthetase Subunit Beta","Protein Coding","Q9NSD9","55","GC02M222570","6.50075244903564","https://www.genecards.org/cgi-bin/carddisp.pl?gene=FARSB"
"MXRA8","Matrix Remodeling Associated 8","Protein Coding","Q9BRK3","44","GC01M001352","6.49656629562378","https://www.genecards.org/cgi-bin/carddisp.pl?gene=MXRA8"
"MAP3K4","Mitogen-Activated Protein Kinase Kinase Kinase 4","Protein Coding","Q9Y6R4","54","GC06P160991","6.49527549743652","https://www.genecards.org/cgi-bin/carddisp.pl?gene=MAP3K4"
"NUP210","Nucleoporin 210","Protein Coding","Q8TEM1","51","GC03M029827","6.49266004562378","https://www.genecards.org/cgi-bin/carddisp.pl?gene=NUP210"
"H2AZ2","H2A.Z Variant Histone 2","Protein Coding","Q71UI9","45","GC07M045985","6.49252080917358","https://www.genecards.org/cgi-bin/carddisp.pl?gene=H2AZ2"
"MIR496","MicroRNA 496","RNA Gene","","18","GC14P123665","6.49183320999146","https://www.genecards.org/cgi-bin/carddisp.pl?gene=MIR496"
"VDAC2","Voltage Dependent Anion Channel 2","Protein Coding","P45880","57","GC10P077060","6.4904990196228","https://www.genecards.org/cgi-bin/carddisp.pl?gene=VDAC2"
"POLD2","DNA Polymerase Delta 2, Accessory Subunit","Protein Coding","P49005","53","GC07M044114","6.48525381088257","https://www.genecards.org/cgi-bin/carddisp.pl?gene=POLD2"
"FA2H","Fatty Acid 2-Hydroxylase","Protein Coding","Q7L5A8","57","GC16M074712","6.48502254486084","https://www.genecards.org/cgi-bin/carddisp.pl?gene=FA2H"
"WDR3","WD Repeat Domain 3","Protein Coding","Q9UNX4","42","GC01P117929","6.48251247406006","https://www.genecards.org/cgi-bin/carddisp.pl?gene=WDR3"
"TAF6L","TATA-Box Binding Protein Associated Factor 6 Like","Protein Coding","Q9Y6J9","42","GC11P062771","6.48197031021118","https://www.genecards.org/cgi-bin/carddisp.pl?gene=TAF6L"
"TRIM66","Tripartite Motif Containing 66","Protein Coding","O15016","41","GC11M008612","6.47602939605713","https://www.genecards.org/cgi-bin/carddisp.pl?gene=TRIM66"
"B4GALNT1","Beta-1,4-N-Acetyl-Galactosaminyltransferase 1","Protein Coding","Q00973","57","GC12M057623","6.47507238388062","https://www.genecards.org/cgi-bin/carddisp.pl?gene=B4GALNT1"
"MIR448","MicroRNA 448","RNA Gene","","14","GC0XP114823","6.47304677963257","https://www.genecards.org/cgi-bin/carddisp.pl?gene=MIR448"
"SEC63","SEC63 Protein Translocation Regulator","Protein Coding","Q9UGP8","54","GC06M107867","6.47145128250122","https://www.genecards.org/cgi-bin/carddisp.pl?gene=SEC63"
"TINAGL1","Tubulointerstitial Nephritis Antigen Like 1","Protein Coding","Q9GZM7","47","GC01P031576","6.47049856185913","https://www.genecards.org/cgi-bin/carddisp.pl?gene=TINAGL1"
"PCYT1A","Phosphate Cytidylyltransferase 1A, Choline","Protein Coding","P49585","58","GC03M196214","6.46621513366699","https://www.genecards.org/cgi-bin/carddisp.pl?gene=PCYT1A"
"TRAIP","TRAF Interacting Protein","Protein Coding","Q9BWF2","51","GC03M055318","6.46532106399536","https://www.genecards.org/cgi-bin/carddisp.pl?gene=TRAIP"
"EFHD1","EF-Hand Domain Family Member D1","Protein Coding","Q9BUP0","45","GC02P232606","6.45791816711426","https://www.genecards.org/cgi-bin/carddisp.pl?gene=EFHD1"
"MED8","Mediator Complex Subunit 8","Protein Coding","Q96G25","42","GC01M043383","6.45690011978149","https://www.genecards.org/cgi-bin/carddisp.pl?gene=MED8"
"GATAD2B","GATA Zinc Finger Domain Containing 2B","Protein Coding","Q8WXI9","54","GC01M169713","6.45345544815063","https://www.genecards.org/cgi-bin/carddisp.pl?gene=GATAD2B"
"LARP7","La Ribonucleoprotein 7, Transcriptional Regulator","Protein Coding","Q4G0J3","51","GC04P112636","6.4452075958252","https://www.genecards.org/cgi-bin/carddisp.pl?gene=LARP7"
"MCCC1","Methylcrotonyl-CoA Carboxylase Subunit 1","Protein Coding","Q96RQ3","56","GC03M183015","6.44516801834106","https://www.genecards.org/cgi-bin/carddisp.pl?gene=MCCC1"
"IGLL5","Immunoglobulin Lambda Like Polypeptide 5","Protein Coding","B9A064","42","GC22P102180","6.44194841384888","https://www.genecards.org/cgi-bin/carddisp.pl?gene=IGLL5"
"PON2","Paraoxonase 2","Protein Coding","Q15165","57","GC07M095404","6.44058322906494","https://www.genecards.org/cgi-bin/carddisp.pl?gene=PON2"
"CLPP","Caseinolytic Mitochondrial Matrix Peptidase Proteolytic Subunit","Protein Coding","Q16740","57","GC19P170714","6.4320821762085","https://www.genecards.org/cgi-bin/carddisp.pl?gene=CLPP"
"PPL","Periplakin","Protein Coding","O60437","50","GC16M055381","6.42051792144775","https://www.genecards.org/cgi-bin/carddisp.pl?gene=PPL"
"MIR663B","MicroRNA 663b","RNA Gene","","16","GC02M139083","6.41440010070801","https://www.genecards.org/cgi-bin/carddisp.pl?gene=MIR663B"
"GTPBP4","GTP Binding Protein 4","Protein Coding","Q9BZE4","50","GC10P000988","6.41168451309204","https://www.genecards.org/cgi-bin/carddisp.pl?gene=GTPBP4"
"IRF2BP1","Interferon Regulatory Factor 2 Binding Protein 1","Protein Coding","Q8IU81","42","GC19M116444","6.40785837173462","https://www.genecards.org/cgi-bin/carddisp.pl?gene=IRF2BP1"
"GET3","Guided Entry Of Tail-Anchored Proteins Factor 3, ATPase","Protein Coding","O43681","51","GC19P012737","6.40774822235107","https://www.genecards.org/cgi-bin/carddisp.pl?gene=GET3"
"NVL","Nuclear VCP Like","Protein Coding","O15381","46","GC01M224227","6.39831495285034","https://www.genecards.org/cgi-bin/carddisp.pl?gene=NVL"
"NT5DC2","5''-Nucleotidase Domain Containing 2","Protein Coding","Q9H857","44","GC03M052524","6.39144039154053","https://www.genecards.org/cgi-bin/carddisp.pl?gene=NT5DC2"
"SAPCD2","Suppressor APC Domain Containing 2","Protein Coding","Q86UD0","36","GC09M137062","6.38878345489502","https://www.genecards.org/cgi-bin/carddisp.pl?gene=SAPCD2"
"FCGRT","Fc Gamma Receptor And Transporter","Protein Coding","P55899","56","GC19P049506","6.38696098327637","https://www.genecards.org/cgi-bin/carddisp.pl?gene=FCGRT"
"PUS7","Pseudouridine Synthase 7","Protein Coding","Q96PZ0","50","GC07M105439","6.37929630279541","https://www.genecards.org/cgi-bin/carddisp.pl?gene=PUS7"
"CD160","CD160 Molecule","Protein Coding","O95971","52","GC01P145719","6.37919044494629","https://www.genecards.org/cgi-bin/carddisp.pl?gene=CD160"
"ATP2B2","ATPase Plasma Membrane Ca2+ Transporting 2","Protein Coding","Q01814","60","GC03M010324","6.37727737426758","https://www.genecards.org/cgi-bin/carddisp.pl?gene=ATP2B2"
"MIR3178","MicroRNA 3178","RNA Gene","","15","GC16M002531","6.37240076065063","https://www.genecards.org/cgi-bin/carddisp.pl?gene=MIR3178"
"PRRX2","Paired Related Homeobox 2","Protein Coding","Q99811","42","GC09P129665","6.37052154541016","https://www.genecards.org/cgi-bin/carddisp.pl?gene=PRRX2"
"TNKS1BP1","Tankyrase 1 Binding Protein 1","Protein Coding","Q9C0C2","42","GC11M145910","6.36871385574341","https://www.genecards.org/cgi-bin/carddisp.pl?gene=TNKS1BP1"
"STARD4","StAR Related Lipid Transfer Domain Containing 4","Protein Coding","Q96DR4","47","GC05M111496","6.36541986465454","https://www.genecards.org/cgi-bin/carddisp.pl?gene=STARD4"
"DNAJA3","DnaJ Heat Shock Protein Family (Hsp40) Member A3","Protein Coding","Q96EY1","50","GC16P004425","6.36013507843018","https://www.genecards.org/cgi-bin/carddisp.pl?gene=DNAJA3"
"FBXO45","F-Box Protein 45","Protein Coding","P0C2W1","43","GC03P196568","6.35964298248291","https://www.genecards.org/cgi-bin/carddisp.pl?gene=FBXO45"
"ZNF532","Zinc Finger Protein 532","Protein Coding","Q9HCE3","41","GC18P058862","6.3588547706604","https://www.genecards.org/cgi-bin/carddisp.pl?gene=ZNF532"
"MYL6B","Myosin Light Chain 6B","Protein Coding","P14649","47","GC12P087028","6.3555965423584","https://www.genecards.org/cgi-bin/carddisp.pl?gene=MYL6B"
"SLC25A3","Solute Carrier Family 25 Member 3","Protein Coding","Q00325","57","GC12P098593","6.35421943664551","https://www.genecards.org/cgi-bin/carddisp.pl?gene=SLC25A3"
"PDXK","Pyridoxal Kinase","Protein Coding","O00764","58","GC21P043719","6.35116338729858","https://www.genecards.org/cgi-bin/carddisp.pl?gene=PDXK"
"PRPF38A","Pre-MRNA Processing Factor 38A","Protein Coding","Q8NAV1","44","GC01P052404","6.34860038757324","https://www.genecards.org/cgi-bin/carddisp.pl?gene=PRPF38A"
"MT3","Metallothionein 3","Protein Coding","P25713","53","GC16P056589","6.34670400619507","https://www.genecards.org/cgi-bin/carddisp.pl?gene=MT3"
"RPL26L1","Ribosomal Protein L26 Like 1","Protein Coding","Q9UNX3","42","GC05P173201","6.34531497955322","https://www.genecards.org/cgi-bin/carddisp.pl?gene=RPL26L1"
"RIMS2","Regulating Synaptic Membrane Exocytosis 2","Protein Coding","Q9UQ26","51","GC08P103500","6.34319925308228","https://www.genecards.org/cgi-bin/carddisp.pl?gene=RIMS2"
"DEDD","Death Effector Domain Containing","Protein Coding","O75618","45","GC01M161120","6.34131526947021","https://www.genecards.org/cgi-bin/carddisp.pl?gene=DEDD"
"NAE1","NEDD8 Activating Enzyme E1 Subunit 1","Protein Coding","Q13564","56","GC16M076461","6.33911418914795","https://www.genecards.org/cgi-bin/carddisp.pl?gene=NAE1"
"FMOD","Fibromodulin","Protein Coding","Q06828","54","GC01M203340","6.33267545700073","https://www.genecards.org/cgi-bin/carddisp.pl?gene=FMOD"
"GBX2","Gastrulation Brain Homeobox 2","Protein Coding","P52951","51","GC02M236165","6.32858991622925","https://www.genecards.org/cgi-bin/carddisp.pl?gene=GBX2"
"PPP4R3B","Protein Phosphatase 4 Regulatory Subunit 3B","Protein Coding","Q5MIZ7","43","GC02M055547","6.31617403030396","https://www.genecards.org/cgi-bin/carddisp.pl?gene=PPP4R3B"
"ELP3","Elongator Acetyltransferase Complex Subunit 3","Protein Coding","Q9H9T3","53","GC08P028089","6.31477117538452","https://www.genecards.org/cgi-bin/carddisp.pl?gene=ELP3"
"GFI1B","Growth Factor Independent 1B Transcriptional Repressor","Protein Coding","Q5VTD9","50","GC09P161151","6.30497932434082","https://www.genecards.org/cgi-bin/carddisp.pl?gene=GFI1B"
"INTS14","Integrator Complex Subunit 14","Protein Coding","Q96SY0","41","GC15M170121","6.30379247665405","https://www.genecards.org/cgi-bin/carddisp.pl?gene=INTS14"
"PSMG2","Proteasome Assembly Chaperone 2","Protein Coding","Q969U7","49","GC18P027092","6.30330276489258","https://www.genecards.org/cgi-bin/carddisp.pl?gene=PSMG2"
"MAGEA2","MAGE Family Member A2","Protein Coding","P43356","38","GC0XM152749","6.29843902587891","https://www.genecards.org/cgi-bin/carddisp.pl?gene=MAGEA2"
"HINT1","Histidine Triad Nucleotide Binding Protein 1","Protein Coding","P49773","58","GC05M131159","6.29774808883667","https://www.genecards.org/cgi-bin/carddisp.pl?gene=HINT1"
"FNBP1","Formin Binding Protein 1","Protein Coding","Q96RU3","48","GC09M129887","6.29640865325928","https://www.genecards.org/cgi-bin/carddisp.pl?gene=FNBP1"
"EIF2S3","Eukaryotic Translation Initiation Factor 2 Subunit Gamma","Protein Coding","P41091","58","GC0XP024054","6.28972244262695","https://www.genecards.org/cgi-bin/carddisp.pl?gene=EIF2S3"
"ARPC5","Actin Related Protein 2/3 Complex Subunit 5","Protein Coding","O15511","52","GC01M187416","6.28790807723999","https://www.genecards.org/cgi-bin/carddisp.pl?gene=ARPC5"
"CENPH","Centromere Protein H","Protein Coding","Q9H3R5","44","GC05P069189","6.28210926055908","https://www.genecards.org/cgi-bin/carddisp.pl?gene=CENPH"
"CCNY","Cyclin Y","Protein Coding","Q8ND76","46","GC10P035254","6.28199005126953","https://www.genecards.org/cgi-bin/carddisp.pl?gene=CCNY"
"CASP8AP2","Caspase 8 Associated Protein 2","Protein Coding","Q9UKL3","44","GC06P089829","6.28162145614624","https://www.genecards.org/cgi-bin/carddisp.pl?gene=CASP8AP2"
"GALK1","Galactokinase 1","Protein Coding","P51570","60","GC17M075751","6.26606273651123","https://www.genecards.org/cgi-bin/carddisp.pl?gene=GALK1"
"SIGLEC7","Sialic Acid Binding Ig Like Lectin 7","Protein Coding","Q9Y286","54","GC19P051142","6.26332807540894","https://www.genecards.org/cgi-bin/carddisp.pl?gene=SIGLEC7"
"PCK1","Phosphoenolpyruvate Carboxykinase 1","Protein Coding","P35558","60","GC20P060649","6.26305961608887","https://www.genecards.org/cgi-bin/carddisp.pl?gene=PCK1"
"MIR4753","MicroRNA 4753","RNA Gene","","18","GC01M235190","6.25887966156006","https://www.genecards.org/cgi-bin/carddisp.pl?gene=MIR4753"
"MIR4756","MicroRNA 4756","RNA Gene","","16","GC20M054068","6.25133180618286","https://www.genecards.org/cgi-bin/carddisp.pl?gene=MIR4756"
"DNAJA2","DnaJ Heat Shock Protein Family (Hsp40) Member A2","Protein Coding","O60884","50","GC16M046955","6.24316263198853","https://www.genecards.org/cgi-bin/carddisp.pl?gene=DNAJA2"
"CHD9","Chromodomain Helicase DNA Binding Protein 9","Protein Coding","Q3L8U1","48","GC16P053054","6.24192953109741","https://www.genecards.org/cgi-bin/carddisp.pl?gene=CHD9"
"U2AF1L4","U2 Small Nuclear RNA Auxiliary Factor 1 Like 4","Protein Coding","Q8WU68","39","GC19M116232","6.24186038970947","https://www.genecards.org/cgi-bin/carddisp.pl?gene=U2AF1L4"
"ACKR2","Atypical Chemokine Receptor 2","Protein Coding","O00590","51","GC03P042804","6.24038934707642","https://www.genecards.org/cgi-bin/carddisp.pl?gene=ACKR2"
"SASS6","SAS-6 Centriolar Assembly Protein","Protein Coding","Q6UVJ0","48","GC01M100083","6.23186111450195","https://www.genecards.org/cgi-bin/carddisp.pl?gene=SASS6"
"WDR82","WD Repeat Domain 82","Protein Coding","Q6UXN9","46","GC03M052254","6.23011636734009","https://www.genecards.org/cgi-bin/carddisp.pl?gene=WDR82"
"ANP32E","Acidic Nuclear Phosphoprotein 32 Family Member E","Protein Coding","Q9BTT0","41","GC01M150218","6.22632694244385","https://www.genecards.org/cgi-bin/carddisp.pl?gene=ANP32E"
"CDC34","Cell Division Cycle 34, Ubiquitin Conjugating Enzyme","Protein Coding","P49427","55","GC19P170471","6.22532224655151","https://www.genecards.org/cgi-bin/carddisp.pl?gene=CDC34"
"DHPS","Deoxyhypusine Synthase","Protein Coding","P49366","55","GC19M115751","6.22301864624023","https://www.genecards.org/cgi-bin/carddisp.pl?gene=DHPS"
"HDGFL2","HDGF Like 2","Protein Coding","Q7Z4V5","42","GC19P170650","6.2221155166626","https://www.genecards.org/cgi-bin/carddisp.pl?gene=HDGFL2"
"ARIH2","Ariadne RBR E3 Ubiquitin Protein Ligase 2","Protein Coding","O95376","51","GC03P048918","6.21908044815063","https://www.genecards.org/cgi-bin/carddisp.pl?gene=ARIH2"
"ARIH1","Ariadne RBR E3 Ubiquitin Protein Ligase 1","Protein Coding","Q9Y4X5","50","GC15P072474","6.21498155593872","https://www.genecards.org/cgi-bin/carddisp.pl?gene=ARIH1"
"DDX54","DEAD-Box Helicase 54","Protein Coding","Q8TDD1","47","GC12M113157","6.21059989929199","https://www.genecards.org/cgi-bin/carddisp.pl?gene=DDX54"
"SIGMAR1","Sigma Non-Opioid Intracellular Receptor 1","Protein Coding","Q99720","58","GC09M034634","6.20425367355347","https://www.genecards.org/cgi-bin/carddisp.pl?gene=SIGMAR1"
"TUBB4A","Tubulin Beta 4A Class IVa","Protein Coding","P04350","59","GC19M115497","6.20308399200439","https://www.genecards.org/cgi-bin/carddisp.pl?gene=TUBB4A"
"DDX42","DEAD-Box Helicase 42","Protein Coding","Q86XP3","44","GC17P063773","6.19599866867065","https://www.genecards.org/cgi-bin/carddisp.pl?gene=DDX42"
"UBASH3B","Ubiquitin Associated And SH3 Domain Containing B","Protein Coding","Q8TF42","52","GC11P122655","6.19563770294189","https://www.genecards.org/cgi-bin/carddisp.pl?gene=UBASH3B"
"MED25","Mediator Complex Subunit 25","Protein Coding","Q71SY5","51","GC19P172014","6.18817901611328","https://www.genecards.org/cgi-bin/carddisp.pl?gene=MED25"
"PSMD7","Proteasome 26S Subunit, Non-ATPase 7","Protein Coding","P51665","55","GC16P074296","6.18730354309082","https://www.genecards.org/cgi-bin/carddisp.pl?gene=PSMD7"
"PPA2","Inorganic Pyrophosphatase 2","Protein Coding","Q9H2U2","52","GC04M105369","6.17849779129028","https://www.genecards.org/cgi-bin/carddisp.pl?gene=PPA2"
"MIR889","MicroRNA 889","RNA Gene","","19","GC14P123676","6.17665767669678","https://www.genecards.org/cgi-bin/carddisp.pl?gene=MIR889"
"PTPN7","Protein Tyrosine Phosphatase Non-Receptor Type 7","Protein Coding","P35236","54","GC01M202147","6.16997003555298","https://www.genecards.org/cgi-bin/carddisp.pl?gene=PTPN7"
"LIMCH1","LIM And Calponin Homology Domains 1","Protein Coding","Q9UPQ0","41","GC04P041362","6.16672468185425","https://www.genecards.org/cgi-bin/carddisp.pl?gene=LIMCH1"
"LINC00299","Long Intergenic Non-Protein Coding RNA 299","RNA Gene","Q6ZSB3","27","GC02M007923","6.16404390335083","https://www.genecards.org/cgi-bin/carddisp.pl?gene=LINC00299"
"MED26","Mediator Complex Subunit 26","Protein Coding","O95402","41","GC19M016574","6.16110467910767","https://www.genecards.org/cgi-bin/carddisp.pl?gene=MED26"
"LCN1","Lipocalin 1","Protein Coding","P31025","50","GC09P135521","6.15722942352295","https://www.genecards.org/cgi-bin/carddisp.pl?gene=LCN1"
"RTCB","RNA 2'',3''-Cyclic Phosphate And 5''-OH Ligase","Protein Coding","Q9Y3I0","49","GC22M032387","6.15687847137451","https://www.genecards.org/cgi-bin/carddisp.pl?gene=RTCB"
"SRGN","Serglycin","Protein Coding","P10124","48","GC10P069208","6.15581226348877","https://www.genecards.org/cgi-bin/carddisp.pl?gene=SRGN"
"NPEPPS","Aminopeptidase Puromycin Sensitive","Protein Coding","P55786","55","GC17P047522","6.15200996398926","https://www.genecards.org/cgi-bin/carddisp.pl?gene=NPEPPS"
"BAZ1A","Bromodomain Adjacent To Zinc Finger Domain 1A","Protein Coding","Q9NRL2","50","GC14M034752","6.15155553817749","https://www.genecards.org/cgi-bin/carddisp.pl?gene=BAZ1A"
"GTF3C5","General Transcription Factor IIIC Subunit 5","Protein Coding","Q9Y5Q8","44","GC09P133030","6.15098190307617","https://www.genecards.org/cgi-bin/carddisp.pl?gene=GTF3C5"
"ARL2BP","ARF Like GTPase 2 Binding Protein","Protein Coding","Q9Y2Y0","48","GC16P057245","6.15026140213013","https://www.genecards.org/cgi-bin/carddisp.pl?gene=ARL2BP"
"LY96","Lymphocyte Antigen 96","Protein Coding","Q9Y6Y9","54","GC08P073991","6.14522504806519","https://www.genecards.org/cgi-bin/carddisp.pl?gene=LY96"
"PAPOLA","Poly(A) Polymerase Alpha","Protein Coding","P51003","53","GC14P096501","6.13246297836304","https://www.genecards.org/cgi-bin/carddisp.pl?gene=PAPOLA"
"MIR449C","MicroRNA 449c","RNA Gene","","22","GC05M055173","6.12846565246582","https://www.genecards.org/cgi-bin/carddisp.pl?gene=MIR449C"
"SGMS2","Sphingomyelin Synthase 2","Protein Coding","Q8NHU3","48","GC04P107824","6.12337684631348","https://www.genecards.org/cgi-bin/carddisp.pl?gene=SGMS2"
"GPATCH8","G-Patch Domain Containing 8","Protein Coding","Q9UKJ3","41","GC17M044395","6.11624765396118","https://www.genecards.org/cgi-bin/carddisp.pl?gene=GPATCH8"
"ME1","Malic Enzyme 1","Protein Coding","P48163","48","GC06M083210","6.11394834518433","https://www.genecards.org/cgi-bin/carddisp.pl?gene=ME1"
"ADGRF5","Adhesion G Protein-Coupled Receptor F5","Protein Coding","Q8IZF2","50","GC06M046852","6.10915613174438","https://www.genecards.org/cgi-bin/carddisp.pl?gene=ADGRF5"
"TRNT1","TRNA Nucleotidyl Transferase 1","Protein Coding","Q96Q11","54","GC03P003126","6.10857057571411","https://www.genecards.org/cgi-bin/carddisp.pl?gene=TRNT1"
"APOC1","Apolipoprotein C1","Protein Coding","P02654","53","GC19P171832","6.10740900039673","https://www.genecards.org/cgi-bin/carddisp.pl?gene=APOC1"
"ZFP91","ZFP91 Zinc Finger Protein, Atypical E3 Ubiquitin Ligase","Protein Coding","Q96JP5","45","GC11P129353","6.10716819763184","https://www.genecards.org/cgi-bin/carddisp.pl?gene=ZFP91"
"ESD","Esterase D","Protein Coding","P10768","55","GC13M046771","6.10457229614258","https://www.genecards.org/cgi-bin/carddisp.pl?gene=ESD"
"DPY30","Dpy-30 Histone Methyltransferase Complex Regulatory Subunit","Protein Coding","Q9C005","47","GC02M031867","6.10427904129028","https://www.genecards.org/cgi-bin/carddisp.pl?gene=DPY30"
"COTL1","Coactosin Like F-Actin Binding Protein 1","Protein Coding","Q14019","50","GC16M084566","6.10350751876831","https://www.genecards.org/cgi-bin/carddisp.pl?gene=COTL1"
"FRZB","Frizzled Related Protein","Protein Coding","Q92765","51","GC02M182833","6.10071468353271","https://www.genecards.org/cgi-bin/carddisp.pl?gene=FRZB"
"EEF1B2","Eukaryotic Translation Elongation Factor 1 Beta 2","Protein Coding","P24534","51","GC02P206159","6.09631395339966","https://www.genecards.org/cgi-bin/carddisp.pl?gene=EEF1B2"
"MIR1291","MicroRNA 1291","RNA Gene","","13","GC12M048654","6.09460783004761","https://www.genecards.org/cgi-bin/carddisp.pl?gene=MIR1291"
"AQR","Aquarius Intron-Binding Spliceosomal Factor","Protein Coding","O60306","48","GC15M034851","6.09103536605835","https://www.genecards.org/cgi-bin/carddisp.pl?gene=AQR"
"CDH4","Cadherin 4","Protein Coding","P55283","52","GC20P061252","6.08884477615356","https://www.genecards.org/cgi-bin/carddisp.pl?gene=CDH4"
"SUN1","Sad1 And UNC84 Domain Containing 1","Protein Coding","O94901","51","GC07P000815","6.08370351791382","https://www.genecards.org/cgi-bin/carddisp.pl?gene=SUN1"
"PSMC2","Proteasome 26S Subunit, ATPase 2","Protein Coding","P35998","53","GC07P103328","6.08108806610107","https://www.genecards.org/cgi-bin/carddisp.pl?gene=PSMC2"
"CREBZF","CREB/ATF BZIP Transcription Factor","Protein Coding","Q9NS37","44","GC11M085657","6.07890939712524","https://www.genecards.org/cgi-bin/carddisp.pl?gene=CREBZF"
"CASP14","Caspase 14","Protein Coding","P31944","58","GC19P015049","6.07680463790894","https://www.genecards.org/cgi-bin/carddisp.pl?gene=CASP14"
"BRD8","Bromodomain Containing 8","Protein Coding","Q9H0E9","48","GC05M138273","6.06865930557251","https://www.genecards.org/cgi-bin/carddisp.pl?gene=BRD8"
"MID2","Midline 2","Protein Coding","Q9UJV3","50","GC0XP107825","6.0664849281311","https://www.genecards.org/cgi-bin/carddisp.pl?gene=MID2"
"RPL22L1","Ribosomal Protein L22 Like 1","Protein Coding","Q6P5R6","46","GC03M170864","6.06560754776001","https://www.genecards.org/cgi-bin/carddisp.pl?gene=RPL22L1"
"CENPB","Centromere Protein B","Protein Coding","P07199","48","GC20M003783","6.0633659362793","https://www.genecards.org/cgi-bin/carddisp.pl?gene=CENPB"
"ISL1","ISL LIM Homeobox 1","Protein Coding","P61371","57","GC05P051383","6.05987358093262","https://www.genecards.org/cgi-bin/carddisp.pl?gene=ISL1"
"KDM7A","Lysine Demethylase 7A","Protein Coding","Q6ZMT4","45","GC07M140084","6.05869579315186","https://www.genecards.org/cgi-bin/carddisp.pl?gene=KDM7A"
"NELFE","Negative Elongation Factor Complex Member E","Protein Coding","P18615","44","GC06M031952","6.05806684494019","https://www.genecards.org/cgi-bin/carddisp.pl?gene=NELFE"
"XPOT","Exportin For TRNA","Protein Coding","O43592","46","GC12P064404","6.0571985244751","https://www.genecards.org/cgi-bin/carddisp.pl?gene=XPOT"
"BDKRB1","Bradykinin Receptor B1","Protein Coding","P46663","52","GC14P097216","6.0536036491394","https://www.genecards.org/cgi-bin/carddisp.pl?gene=BDKRB1"
"SEC62","SEC62 Preprotein Translocation Factor","Protein Coding","Q99442","46","GC03P169966","6.04281187057495","https://www.genecards.org/cgi-bin/carddisp.pl?gene=SEC62"
"GPCPD1","Glycerophosphocholine Phosphodiesterase 1","Protein Coding","Q9NPB8","42","GC20M011271","6.04200172424316","https://www.genecards.org/cgi-bin/carddisp.pl?gene=GPCPD1"
"YLPM1","YLP Motif Containing 1","Protein Coding","P49750","41","GC14P074763","6.04033279418945","https://www.genecards.org/cgi-bin/carddisp.pl?gene=YLPM1"
"HNRNPLL","Heterogeneous Nuclear Ribonucleoprotein L Like","Protein Coding","Q8WVV9","41","GC02M038561","6.03344583511353","https://www.genecards.org/cgi-bin/carddisp.pl?gene=HNRNPLL"
"DGAT1","Diacylglycerol O-Acyltransferase 1","Protein Coding","O75907","60","GC08M147781","6.03157758712769","https://www.genecards.org/cgi-bin/carddisp.pl?gene=DGAT1"
"MED30","Mediator Complex Subunit 30","Protein Coding","Q96HR3","47","GC08P117521","6.0268931388855","https://www.genecards.org/cgi-bin/carddisp.pl?gene=MED30"
"IGHG1","Immunoglobulin Heavy Constant Gamma 1 (G1m Marker)","Protein Coding","P01857","45","GC14M105736","6.02660322189331","https://www.genecards.org/cgi-bin/carddisp.pl?gene=IGHG1"
"DTNBP1","Dystrobrevin Binding Protein 1","Protein Coding","Q96EV8","55","GC06M015648","6.02587699890137","https://www.genecards.org/cgi-bin/carddisp.pl?gene=DTNBP1"
"MIR3173","MicroRNA 3173","RNA Gene","","25","GC14M095137","6.02112102508545","https://www.genecards.org/cgi-bin/carddisp.pl?gene=MIR3173"
"FBXL2","F-Box And Leucine Rich Repeat Protein 2","Protein Coding","Q9UKC9","44","GC03P033277","6.01709461212158","https://www.genecards.org/cgi-bin/carddisp.pl?gene=FBXL2"
"CCDC97","Coiled-Coil Domain Containing 97","Protein Coding","Q96F63","42","GC19P041310","6.01415586471558","https://www.genecards.org/cgi-bin/carddisp.pl?gene=CCDC97"
"OXSR1","Oxidative Stress Responsive Kinase 1","Protein Coding","O95747","53","GC03P068697","6.00970602035522","https://www.genecards.org/cgi-bin/carddisp.pl?gene=OXSR1"
"MIR3196","MicroRNA 3196","RNA Gene","","14","GC20P070503","6.00776243209839","https://www.genecards.org/cgi-bin/carddisp.pl?gene=MIR3196"
"RAB6A","RAB6A, Member RAS Oncogene Family","Protein Coding","P20340","53","GC11M146420","6.00385808944702","https://www.genecards.org/cgi-bin/carddisp.pl?gene=RAB6A"
"IFIT2","Interferon Induced Protein With Tetratricopeptide Repeats 2","Protein Coding","P09913","49","GC10P134464","6.00149297714233","https://www.genecards.org/cgi-bin/carddisp.pl?gene=IFIT2"
"ANKZF1","Ankyrin Repeat And Zinc Finger Peptidyl TRNA Hydrolase 1","Protein Coding","Q9H8Y5","47","GC02P219229","5.99842214584351","https://www.genecards.org/cgi-bin/carddisp.pl?gene=ANKZF1"
"TUBA8","Tubulin Alpha 8","Protein Coding","Q9NY65","57","GC22P018110","5.99566030502319","https://www.genecards.org/cgi-bin/carddisp.pl?gene=TUBA8"
"NUP205","Nucleoporin 205","Protein Coding","Q92621","51","GC07P135557","5.99262619018555","https://www.genecards.org/cgi-bin/carddisp.pl?gene=NUP205"
"UBE2M","Ubiquitin Conjugating Enzyme E2 M","Protein Coding","P61081","48","GC19M058555","5.98612117767334","https://www.genecards.org/cgi-bin/carddisp.pl?gene=UBE2M"
"ISYNA1","Inositol-3-Phosphate Synthase 1","Protein Coding","Q9NPH2","49","GC19M018434","5.9810037612915","https://www.genecards.org/cgi-bin/carddisp.pl?gene=ISYNA1"
"GMFG","Glia Maturation Factor Gamma","Protein Coding","O60234","43","GC19M039328","5.97756290435791","https://www.genecards.org/cgi-bin/carddisp.pl?gene=GMFG"
"TMOD1","Tropomodulin 1","Protein Coding","P28289","52","GC09P097501","5.97677803039551","https://www.genecards.org/cgi-bin/carddisp.pl?gene=TMOD1"
"SMNDC1","Survival Motor Neuron Domain Containing 1","Protein Coding","O75940","50","GC10M110290","5.9761061668396","https://www.genecards.org/cgi-bin/carddisp.pl?gene=SMNDC1"
"ARPC4","Actin Related Protein 2/3 Complex Subunit 4","Protein Coding","P59998","50","GC03P009792","5.97394323348999","https://www.genecards.org/cgi-bin/carddisp.pl?gene=ARPC4"
"DSC1","Desmocollin 1","Protein Coding","Q08554","50","GC18M031129","5.95988416671753","https://www.genecards.org/cgi-bin/carddisp.pl?gene=DSC1"
"USP6NL","USP6 N-Terminal Like","Protein Coding","Q92738","44","GC10M011453","5.95635843276978","https://www.genecards.org/cgi-bin/carddisp.pl?gene=USP6NL"
"SNORD94","Small Nucleolar RNA, C/D Box 94","RNA Gene","","23","GC02P101984","5.9554500579834","https://www.genecards.org/cgi-bin/carddisp.pl?gene=SNORD94"
"CCDC69","Coiled-Coil Domain Containing 69","Protein Coding","A6NI79","43","GC05M151181","5.95512056350708","https://www.genecards.org/cgi-bin/carddisp.pl?gene=CCDC69"
"MED22","Mediator Complex Subunit 22","Protein Coding","Q15528","45","GC09M133338","5.95277643203735","https://www.genecards.org/cgi-bin/carddisp.pl?gene=MED22"
"QRICH1","Glutamine Rich 1","Protein Coding","Q2TAL8","47","GC03M055278","5.95250177383423","https://www.genecards.org/cgi-bin/carddisp.pl?gene=QRICH1"
"POLR2H","RNA Polymerase II, I And III Subunit H","Protein Coding","P52434","45","GC03P188544","5.95214700698853","https://www.genecards.org/cgi-bin/carddisp.pl?gene=POLR2H"
"PZP","PZP Alpha-2-Macroglobulin Like","Protein Coding","P20742","55","GC12M038915","5.94753885269165","https://www.genecards.org/cgi-bin/carddisp.pl?gene=PZP"
"FHL3","Four And A Half LIM Domains 3","Protein Coding","Q13643","45","GC01M041735","5.94567918777466","https://www.genecards.org/cgi-bin/carddisp.pl?gene=FHL3"
"AK1","Adenylate Kinase 1","Protein Coding","P00568","58","GC09M127866","5.94238424301147","https://www.genecards.org/cgi-bin/carddisp.pl?gene=AK1"
"PYGL","Glycogen Phosphorylase L","Protein Coding","P06737","58","GC14M050857","5.94172430038452","https://www.genecards.org/cgi-bin/carddisp.pl?gene=PYGL"
"XRN2","5''-3'' Exoribonuclease 2","Protein Coding","Q9H0D6","52","GC20P021303","5.9414963722229","https://www.genecards.org/cgi-bin/carddisp.pl?gene=XRN2"
"MBD3","Methyl-CpG Binding Domain Protein 3","Protein Coding","O95983","52","GC19M115318","5.94130945205688","https://www.genecards.org/cgi-bin/carddisp.pl?gene=MBD3"
"FGD4","FYVE, RhoGEF And PH Domain Containing 4","Protein Coding","Q96M96","55","GC12P086304","5.93512678146362","https://www.genecards.org/cgi-bin/carddisp.pl?gene=FGD4"
"TRABD","TraB Domain Containing","Protein Coding","Q9H4I3","38","GC22P102944","5.93353843688965","https://www.genecards.org/cgi-bin/carddisp.pl?gene=TRABD"
"RCN2","Reticulocalbin 2","Protein Coding","Q14257","50","GC15P076931","5.93299388885498","https://www.genecards.org/cgi-bin/carddisp.pl?gene=RCN2"
"ZNF689","Zinc Finger Protein 689","Protein Coding","C0HLU2","39","GC16M030602","5.93154287338257","https://www.genecards.org/cgi-bin/carddisp.pl?gene=ZNF689"
"LARS1","Leucyl-TRNA Synthetase 1","Protein Coding","Q9P2J5","56","GC05M146114","5.92769479751587","https://www.genecards.org/cgi-bin/carddisp.pl?gene=LARS1"
"KYNU","Kynureninase","Protein Coding","Q16719","60","GC02P142877","5.91958475112915","https://www.genecards.org/cgi-bin/carddisp.pl?gene=KYNU"
"PSMB7","Proteasome 20S Subunit Beta 7","Protein Coding","Q99436","55","GC09M134569","5.91949701309204","https://www.genecards.org/cgi-bin/carddisp.pl?gene=PSMB7"
"ABCG8","ATP Binding Cassette Subfamily G Member 8","Protein Coding","Q9H221","54","GC02P046036","5.9151177406311","https://www.genecards.org/cgi-bin/carddisp.pl?gene=ABCG8"
"CDCA4","Cell Division Cycle Associated 4","Protein Coding","Q9BXL8","42","GC14M126627","5.90863037109375","https://www.genecards.org/cgi-bin/carddisp.pl?gene=CDCA4"
"ANKS1B","Ankyrin Repeat And Sterile Alpha Motif Domain Containing 1B","Protein Coding","Q7Z6G8","52","GC12M098726","5.90452861785889","https://www.genecards.org/cgi-bin/carddisp.pl?gene=ANKS1B"
"IL26","Interleukin 26","Protein Coding","Q9NPH9","48","GC12M068201","5.90098667144775","https://www.genecards.org/cgi-bin/carddisp.pl?gene=IL26"
"SARAF","Store-Operated Calcium Entry Associated Regulatory Factor","Protein Coding","Q96BY9","44","GC08M030063","5.89637088775635","https://www.genecards.org/cgi-bin/carddisp.pl?gene=SARAF"
"MAP1LC3C","Microtubule Associated Protein 1 Light Chain 3 Gamma","Protein Coding","Q9BXW4","43","GC01M241995","5.88777446746826","https://www.genecards.org/cgi-bin/carddisp.pl?gene=MAP1LC3C"
"ALG1","ALG1 Chitobiosyldiphosphodolichol Beta-Mannosyltransferase","Protein Coding","Q9BT22","57","GC16P005033","5.88527822494507","https://www.genecards.org/cgi-bin/carddisp.pl?gene=ALG1"
"NUP155","Nucleoporin 155","Protein Coding","O75694","56","GC05M037288","5.88316249847412","https://www.genecards.org/cgi-bin/carddisp.pl?gene=NUP155"
"CPNE3","Copine 3","Protein Coding","O75131","46","GC08P086514","5.88103580474854","https://www.genecards.org/cgi-bin/carddisp.pl?gene=CPNE3"
"MED4","Mediator Complex Subunit 4","Protein Coding","Q9NPJ6","49","GC13M048053","5.87586069107056","https://www.genecards.org/cgi-bin/carddisp.pl?gene=MED4"
"RBM4B","RNA Binding Motif Protein 4B","Protein Coding","Q9BQ04","42","GC11M066664","5.86909008026123","https://www.genecards.org/cgi-bin/carddisp.pl?gene=RBM4B"
"BAZ2B","Bromodomain Adjacent To Zinc Finger Domain 2B","Protein Coding","Q9UIF8","50","GC02M159318","5.86832761764526","https://www.genecards.org/cgi-bin/carddisp.pl?gene=BAZ2B"
"DNAJB4","DnaJ Heat Shock Protein Family (Hsp40) Member B4","Protein Coding","Q9UDY4","49","GC01P077979","5.86700677871704","https://www.genecards.org/cgi-bin/carddisp.pl?gene=DNAJB4"
"DOCK7","Dedicator Of Cytokinesis 7","Protein Coding","Q96N67","54","GC01M062454","5.86639928817749","https://www.genecards.org/cgi-bin/carddisp.pl?gene=DOCK7"
"NPLOC4","NPL4 Homolog, Ubiquitin Recognition Factor","Protein Coding","Q8TAT6","50","GC17M081556","5.86495590209961","https://www.genecards.org/cgi-bin/carddisp.pl?gene=NPLOC4"
"ATP6V1C1","ATPase H+ Transporting V1 Subunit C1","Protein Coding","P21283","54","GC08P103946","5.86158657073975","https://www.genecards.org/cgi-bin/carddisp.pl?gene=ATP6V1C1"
"UBE2O","Ubiquitin Conjugating Enzyme E2 O","Protein Coding","Q9C0C9","48","GC17M076389","5.85569477081299","https://www.genecards.org/cgi-bin/carddisp.pl?gene=UBE2O"
"RBM26","RNA Binding Motif Protein 26","Protein Coding","Q5T8P6","48","GC13M079311","5.85493612289429","https://www.genecards.org/cgi-bin/carddisp.pl?gene=RBM26"
"PGCKA1","PDCD10 And GCKIII Kinases Associated 1","Protein Coding","Q8IY42","39","GC04P037455","5.85460710525513","https://www.genecards.org/cgi-bin/carddisp.pl?gene=PGCKA1"
"SLC25A10","Solute Carrier Family 25 Member 10","Protein Coding","Q9UBX3","56","GC17P176567","5.85316801071167","https://www.genecards.org/cgi-bin/carddisp.pl?gene=SLC25A10"
"MIR548C","MicroRNA 548c","RNA Gene","","19","GC12P064622","5.85287857055664","https://www.genecards.org/cgi-bin/carddisp.pl?gene=MIR548C"
"ACACB","Acetyl-CoA Carboxylase Beta","Protein Coding","O00763","58","GC12P109116","5.85112714767456","https://www.genecards.org/cgi-bin/carddisp.pl?gene=ACACB"
"CETP","Cholesteryl Ester Transfer Protein","Protein Coding","P11597","60","GC16P056961","5.84401273727417","https://www.genecards.org/cgi-bin/carddisp.pl?gene=CETP"
"PPID","Peptidylprolyl Isomerase D","Protein Coding","Q08752","54","GC04M158709","5.84278631210327","https://www.genecards.org/cgi-bin/carddisp.pl?gene=PPID"
"UBN1","Ubinuclein 1","Protein Coding","Q9NPG3","50","GC16P136015","5.84215211868286","https://www.genecards.org/cgi-bin/carddisp.pl?gene=UBN1"
"DMRT2","Doublesex And Mab-3 Related Transcription Factor 2","Protein Coding","Q9Y5R5","45","GC09P001704","5.83718204498291","https://www.genecards.org/cgi-bin/carddisp.pl?gene=DMRT2"
"GAR1","GAR1 Ribonucleoprotein","Protein Coding","Q9NY12","50","GC04P109815","5.83473205566406","https://www.genecards.org/cgi-bin/carddisp.pl?gene=GAR1"
"SLC29A2","Solute Carrier Family 29 Member 2","Protein Coding","Q14542","55","GC11M146234","5.82687377929688","https://www.genecards.org/cgi-bin/carddisp.pl?gene=SLC29A2"
"CST4","Cystatin S","Protein Coding","P01036","44","GC20M023685","5.82616090774536","https://www.genecards.org/cgi-bin/carddisp.pl?gene=CST4"
"MIR378E","MicroRNA 378e","RNA Gene","","14","GC05P170028","5.8254861831665","https://www.genecards.org/cgi-bin/carddisp.pl?gene=MIR378E"
"MYO1E","Myosin IE","Protein Coding","Q12965","55","GC15M059132","5.82106828689575","https://www.genecards.org/cgi-bin/carddisp.pl?gene=MYO1E"
"MIR320B1","MicroRNA 320b-1","RNA Gene","","22","GC01P116671","5.81846523284912","https://www.genecards.org/cgi-bin/carddisp.pl?gene=MIR320B1"
"FOXE3","Forkhead Box E3","Protein Coding","Q13461","48","GC01P047416","5.81359004974365","https://www.genecards.org/cgi-bin/carddisp.pl?gene=FOXE3"
"UFM1","Ubiquitin Fold Modifier 1","Protein Coding","P61960","52","GC13P038349","5.80971384048462","https://www.genecards.org/cgi-bin/carddisp.pl?gene=UFM1"
"GINS3","GINS Complex Subunit 3","Protein Coding","Q9BRX5","45","GC16P137455","5.80965805053711","https://www.genecards.org/cgi-bin/carddisp.pl?gene=GINS3"
"HRK","Harakiri, BCL2 Interacting Protein","Protein Coding","O00198","50","GC12M116857","5.80710792541504","https://www.genecards.org/cgi-bin/carddisp.pl?gene=HRK"
"MIR1914","MicroRNA 1914","RNA Gene","","22","GC20M063941","5.80519199371338","https://www.genecards.org/cgi-bin/carddisp.pl?gene=MIR1914"
"ORC3","Origin Recognition Complex Subunit 3","Protein Coding","Q9UBD5","47","GC06P087590","5.80247259140015","https://www.genecards.org/cgi-bin/carddisp.pl?gene=ORC3"
"GTF3C4","General Transcription Factor IIIC Subunit 4","Protein Coding","Q9UKN8","45","GC09P161137","5.80012464523315","https://www.genecards.org/cgi-bin/carddisp.pl?gene=GTF3C4"
"PTCD3","Pentatricopeptide Repeat Domain 3","Protein Coding","Q96EY7","48","GC02P086106","5.79756259918213","https://www.genecards.org/cgi-bin/carddisp.pl?gene=PTCD3"
"HECTD3","HECT Domain E3 Ubiquitin Protein Ligase 3","Protein Coding","Q5T447","44","GC01M045002","5.79237842559814","https://www.genecards.org/cgi-bin/carddisp.pl?gene=HECTD3"
"SNORA66","Small Nucleolar RNA, H/ACA Box 66","RNA Gene","","23","GC01P092840","5.79127597808838","https://www.genecards.org/cgi-bin/carddisp.pl?gene=SNORA66"
"PPP1R14B","Protein Phosphatase 1 Regulatory Inhibitor Subunit 14B","Protein Coding","Q96C90","42","GC11M064244","5.78030157089233","https://www.genecards.org/cgi-bin/carddisp.pl?gene=PPP1R14B"
"PEX19","Peroxisomal Biogenesis Factor 19","Protein Coding","P40855","55","GC01M160276","5.77659845352173","https://www.genecards.org/cgi-bin/carddisp.pl?gene=PEX19"
"PYGB","Glycogen Phosphorylase B","Protein Coding","P11216","55","GC20P025248","5.77443504333496","https://www.genecards.org/cgi-bin/carddisp.pl?gene=PYGB"
"HAUS8","HAUS Augmin Like Complex Subunit 8","Protein Coding","Q9BT25","40","GC19M017049","5.76096963882446","https://www.genecards.org/cgi-bin/carddisp.pl?gene=HAUS8"
"HCG27","HLA Complex Group 27","RNA Gene","","23","GC06P031197","5.76083087921143","https://www.genecards.org/cgi-bin/carddisp.pl?gene=HCG27"
"PPP4C","Protein Phosphatase 4 Catalytic Subunit","Protein Coding","P60510","54","GC16P136773","5.76010847091675","https://www.genecards.org/cgi-bin/carddisp.pl?gene=PPP4C"
"PKN2","Protein Kinase N2","Protein Coding","Q16513","55","GC01P088684","5.75980424880981","https://www.genecards.org/cgi-bin/carddisp.pl?gene=PKN2"
"NARS1","Asparaginyl-TRNA Synthetase 1","Protein Coding","O43776","55","GC18M057601","5.75919914245605","https://www.genecards.org/cgi-bin/carddisp.pl?gene=NARS1"
"FUNDC1","FUN14 Domain Containing 1","Protein Coding","Q8IVP5","47","GC0XM044523","5.75717878341675","https://www.genecards.org/cgi-bin/carddisp.pl?gene=FUNDC1"
"SRGAP2","SLIT-ROBO Rho GTPase Activating Protein 2","Protein Coding","O75044","47","GC01P206203","5.75122785568237","https://www.genecards.org/cgi-bin/carddisp.pl?gene=SRGAP2"
"MDN1","Midasin AAA ATPase 1","Protein Coding","Q9NU22","48","GC06M089642","5.74522066116333","https://www.genecards.org/cgi-bin/carddisp.pl?gene=MDN1"
"RBM12","RNA Binding Motif Protein 12","Protein Coding","Q9NTZ6","46","GC20M035648","5.74440908432007","https://www.genecards.org/cgi-bin/carddisp.pl?gene=RBM12"
"TEKT4","Tektin 4","Protein Coding","Q8WW24","47","GC02P102293","5.73598957061768","https://www.genecards.org/cgi-bin/carddisp.pl?gene=TEKT4"
"NDUFA8","NADH:Ubiquinone Oxidoreductase Subunit A8","Protein Coding","P51970","55","GC09M122132","5.73495054244995","https://www.genecards.org/cgi-bin/carddisp.pl?gene=NDUFA8"
"IMPA1","Inositol Monophosphatase 1","Protein Coding","P29218","57","GC08M081656","5.72606039047241","https://www.genecards.org/cgi-bin/carddisp.pl?gene=IMPA1"
"DNAJB11","DnaJ Heat Shock Protein Family (Hsp40) Member B11","Protein Coding","Q9UBS4","51","GC03P186567","5.72531890869141","https://www.genecards.org/cgi-bin/carddisp.pl?gene=DNAJB11"
"STRN3","Striatin 3","Protein Coding","Q13033","48","GC14M030893","5.72454690933228","https://www.genecards.org/cgi-bin/carddisp.pl?gene=STRN3"
"LNCNEF","LncRNA Neighboring Enhancer Of FOXA2","RNA Gene","","19","GC20M022588","5.72411394119263","https://www.genecards.org/cgi-bin/carddisp.pl?gene=LNCNEF"
"RNU4-2","RNA, U4 Small Nuclear 2","RNA Gene","","20","GC12M120291","5.72155141830444","https://www.genecards.org/cgi-bin/carddisp.pl?gene=RNU4-2"
"ZSCAN18","Zinc Finger And SCAN Domain Containing 18","Protein Coding","Q8TBC5","39","GC19M116953","5.71920251846313","https://www.genecards.org/cgi-bin/carddisp.pl?gene=ZSCAN18"
"MIR135A2","MicroRNA 135a-2","RNA Gene","","21","GC12P097563","5.7189769744873","https://www.genecards.org/cgi-bin/carddisp.pl?gene=MIR135A2"
"DNAJC17","DnaJ Heat Shock Protein Family (Hsp40) Member C17","Protein Coding","Q9NVM6","46","GC15M040765","5.71612501144409","https://www.genecards.org/cgi-bin/carddisp.pl?gene=DNAJC17"
"MIR3074","MicroRNA 3074","RNA Gene","","22","GC09M095086","5.71405696868896","https://www.genecards.org/cgi-bin/carddisp.pl?gene=MIR3074"
"NDUFA10","NADH:Ubiquinone Oxidoreductase Subunit A10","Protein Coding","O95299","55","GC02M239893","5.71281433105469","https://www.genecards.org/cgi-bin/carddisp.pl?gene=NDUFA10"
"SARNP","SAP Domain Containing Ribonucleoprotein","Protein Coding","P82979","45","GC12M055752","5.70843744277954","https://www.genecards.org/cgi-bin/carddisp.pl?gene=SARNP"
"TOMM40","Translocase Of Outer Mitochondrial Membrane 40","Protein Coding","O96008","52","GC19P044890","5.7084321975708","https://www.genecards.org/cgi-bin/carddisp.pl?gene=TOMM40"
"TRD-GTC9-1","TRNA-Asp (Anticodon GTC) 9-1","RNA Gene","","14","GC01P184014","5.70813655853271","https://www.genecards.org/cgi-bin/carddisp.pl?gene=TRD-GTC9-1"
"PSMB1","Proteasome 20S Subunit Beta 1","Protein Coding","P20618","57","GC06M170535","5.70125150680542","https://www.genecards.org/cgi-bin/carddisp.pl?gene=PSMB1"
"MFAP1","Microfibril Associated Protein 1","Protein Coding","P55081","48","GC15M043804","5.70100736618042","https://www.genecards.org/cgi-bin/carddisp.pl?gene=MFAP1"
"KRT86","Keratin 86","Protein Coding","O43790","49","GC12P052249","5.69835710525513","https://www.genecards.org/cgi-bin/carddisp.pl?gene=KRT86"
"MIR1248","MicroRNA 1248","RNA Gene","","17","GC03P188744","5.68965339660645","https://www.genecards.org/cgi-bin/carddisp.pl?gene=MIR1248"
"TAB3","TGF-Beta Activated Kinase 1 (MAP3K7) Binding Protein 3","Protein Coding","Q8N5C8","51","GC0XM031085","5.68946266174316","https://www.genecards.org/cgi-bin/carddisp.pl?gene=TAB3"
"GTF2F1","General Transcription Factor IIF Subunit 1","Protein Coding","P35269","45","GC19M115494","5.67875623703003","https://www.genecards.org/cgi-bin/carddisp.pl?gene=GTF2F1"
"ATP6V1A","ATPase H+ Transporting V1 Subunit A","Protein Coding","P38606","58","GC03P114031","5.67578744888306","https://www.genecards.org/cgi-bin/carddisp.pl?gene=ATP6V1A"
"MCU","Mitochondrial Calcium Uniporter","Protein Coding","Q8NE86","51","GC10P072692","5.66632270812988","https://www.genecards.org/cgi-bin/carddisp.pl?gene=MCU"
"CHP1","Calcineurin Like EF-Hand Protein 1","Protein Coding","Q99653","50","GC15P041230","5.66362047195435","https://www.genecards.org/cgi-bin/carddisp.pl?gene=CHP1"
"SMS","Spermine Synthase","Protein Coding","P52788","57","GC0XP021958","5.66208934783936","https://www.genecards.org/cgi-bin/carddisp.pl?gene=SMS"
"LUZP1","Leucine Zipper Protein 1","Protein Coding","Q86V48","43","GC01M041115","5.65995979309082","https://www.genecards.org/cgi-bin/carddisp.pl?gene=LUZP1"
"WAPL","WAPL Cohesin Release Factor","Protein Coding","Q7Z5K2","48","GC10M086436","5.65545988082886","https://www.genecards.org/cgi-bin/carddisp.pl?gene=WAPL"
"PSMD13","Proteasome 26S Subunit, Non-ATPase 13","Protein Coding","Q9UNM6","52","GC11P000236","5.65215921401978","https://www.genecards.org/cgi-bin/carddisp.pl?gene=PSMD13"
"PSMD11","Proteasome 26S Subunit, Non-ATPase 11","Protein Coding","O00231","52","GC17P032444","5.65084314346313","https://www.genecards.org/cgi-bin/carddisp.pl?gene=PSMD11"
"MIR3609","MicroRNA 3609","RNA Gene","","16","GC07P098881","5.64579772949219","https://www.genecards.org/cgi-bin/carddisp.pl?gene=MIR3609"
"WSB1","WD Repeat And SOCS Box Containing 1","Protein Coding","Q9Y6I7","47","GC17P027294","5.63965606689453","https://www.genecards.org/cgi-bin/carddisp.pl?gene=WSB1"
"NCALD","Neurocalcin Delta","Protein Coding","P61601","51","GC08M101704","5.63627910614014","https://www.genecards.org/cgi-bin/carddisp.pl?gene=NCALD"
"UBXN6","UBX Domain Protein 6","Protein Coding","Q9BZV1","48","GC19M004444","5.63445138931274","https://www.genecards.org/cgi-bin/carddisp.pl?gene=UBXN6"
"KLHL29","Kelch Like Family Member 29","Protein Coding","Q96CT2","41","GC02P023385","5.62943029403687","https://www.genecards.org/cgi-bin/carddisp.pl?gene=KLHL29"
"PQBP1","Polyglutamine Binding Protein 1","Protein Coding","O60828","50","GC0XP048890","5.62324190139771","https://www.genecards.org/cgi-bin/carddisp.pl?gene=PQBP1"
"DNMT3L","DNA Methyltransferase 3 Like","Protein Coding","Q9UJW3","54","GC21M044246","5.62314128875732","https://www.genecards.org/cgi-bin/carddisp.pl?gene=DNMT3L"
"NSMCE3","NSE3 Component Of SMC5/6 Complex","Protein Coding","Q96MG7","48","GC15M050898","5.61938667297363","https://www.genecards.org/cgi-bin/carddisp.pl?gene=NSMCE3"
"TRIM7","Tripartite Motif Containing 7","Protein Coding","Q9C029","39","GC05M181193","5.61896419525146","https://www.genecards.org/cgi-bin/carddisp.pl?gene=TRIM7"
"SPDL1","Spindle Apparatus Coiled-Coil Protein 1","Protein Coding","Q96EA4","41","GC05P169583","5.61544847488403","https://www.genecards.org/cgi-bin/carddisp.pl?gene=SPDL1"
"VDAC3","Voltage Dependent Anion Channel 3","Protein Coding","Q9Y277","55","GC08P046546","5.60861682891846","https://www.genecards.org/cgi-bin/carddisp.pl?gene=VDAC3"
"CCDC12","Coiled-Coil Domain Containing 12","Protein Coding","Q8WUD4","42","GC03M046916","5.60788869857788","https://www.genecards.org/cgi-bin/carddisp.pl?gene=CCDC12"
"CSTF3","Cleavage Stimulation Factor Subunit 3","Protein Coding","Q12996","48","GC11M033077","5.60716342926025","https://www.genecards.org/cgi-bin/carddisp.pl?gene=CSTF3"
"PSMB3","Proteasome 20S Subunit Beta 3","Protein Coding","P49720","52","GC17P038752","5.60606527328491","https://www.genecards.org/cgi-bin/carddisp.pl?gene=PSMB3"
"LSR","Lipolysis Stimulated Lipoprotein Receptor","Protein Coding","Q86X29","51","GC19P171515","5.60495758056641","https://www.genecards.org/cgi-bin/carddisp.pl?gene=LSR"
"EAPP","E2F Associated Phosphoprotein","Protein Coding","Q56P03","45","GC14M034516","5.59922552108765","https://www.genecards.org/cgi-bin/carddisp.pl?gene=EAPP"
"MIR570","MicroRNA 570","RNA Gene","","23","GC03P201197","5.59456634521484","https://www.genecards.org/cgi-bin/carddisp.pl?gene=MIR570"
"PEX5","Peroxisomal Biogenesis Factor 5","Protein Coding","P50542","56","GC12P085746","5.59406614303589","https://www.genecards.org/cgi-bin/carddisp.pl?gene=PEX5"
"ZBTB3","Zinc Finger And BTB Domain Containing 3","Protein Coding","Q9H5J0","38","GC11M062748","5.5936541557312","https://www.genecards.org/cgi-bin/carddisp.pl?gene=ZBTB3"
"TOMM34","Translocase Of Outer Mitochondrial Membrane 34","Protein Coding","Q15785","46","GC20M044942","5.58343458175659","https://www.genecards.org/cgi-bin/carddisp.pl?gene=TOMM34"
"SARS1","Seryl-TRNA Synthetase 1","Protein Coding","P49591","55","GC01P113743","5.58268928527832","https://www.genecards.org/cgi-bin/carddisp.pl?gene=SARS1"
"CSTF2T","Cleavage Stimulation Factor Subunit 2 Tau Variant","Protein Coding","Q9H0L4","48","GC10M051695","5.58237457275391","https://www.genecards.org/cgi-bin/carddisp.pl?gene=CSTF2T"
"SAP18","Sin3A Associated Protein 18","Protein Coding","O00422","48","GC13P021140","5.57891988754272","https://www.genecards.org/cgi-bin/carddisp.pl?gene=SAP18"
"PRKRA","Protein Activator Of Interferon Induced Protein Kinase EIF2AK2","Protein Coding","O75569","53","GC02M178431","5.5775294303894","https://www.genecards.org/cgi-bin/carddisp.pl?gene=PRKRA"
"POLR3D","RNA Polymerase III Subunit D","Protein Coding","P05423","51","GC08P022245","5.57075786590576","https://www.genecards.org/cgi-bin/carddisp.pl?gene=POLR3D"
"PLRG1","Pleiotropic Regulator 1","Protein Coding","O43660","44","GC04M154534","5.56794929504395","https://www.genecards.org/cgi-bin/carddisp.pl?gene=PLRG1"
"GPR19","G Protein-Coupled Receptor 19","Protein Coding","Q15760","41","GC12M038975","5.56449842453003","https://www.genecards.org/cgi-bin/carddisp.pl?gene=GPR19"
"MED17","Mediator Complex Subunit 17","Protein Coding","Q9NVC6","51","GC11P093784","5.56304788589478","https://www.genecards.org/cgi-bin/carddisp.pl?gene=MED17"
"ETF1","Eukaryotic Translation Termination Factor 1","Protein Coding","P62495","54","GC05M138506","5.56127405166626","https://www.genecards.org/cgi-bin/carddisp.pl?gene=ETF1"
"DSTYK","Dual Serine/Threonine And Tyrosine Protein Kinase","Protein Coding","Q6XUX3","53","GC01M205111","5.5571174621582","https://www.genecards.org/cgi-bin/carddisp.pl?gene=DSTYK"
"SCD5","Stearoyl-CoA Desaturase 5","Protein Coding","Q86SK9","51","GC04M082629","5.55341148376465","https://www.genecards.org/cgi-bin/carddisp.pl?gene=SCD5"
"ZRANB2","Zinc Finger RANBP2-Type Containing 2","Protein Coding","O95218","42","GC01M071063","5.55297946929932","https://www.genecards.org/cgi-bin/carddisp.pl?gene=ZRANB2"
"MED20","Mediator Complex Subunit 20","Protein Coding","Q9H944","46","GC06M041905","5.54753446578979","https://www.genecards.org/cgi-bin/carddisp.pl?gene=MED20"
"NDUFS2","NADH:Ubiquinone Oxidoreductase Core Subunit S2","Protein Coding","O75306","56","GC01P161197","5.54600715637207","https://www.genecards.org/cgi-bin/carddisp.pl?gene=NDUFS2"
"PANK4","Pantothenate Kinase 4 (Inactive)","Protein Coding","Q9NVE7","50","GC01M002508","5.5437798500061","https://www.genecards.org/cgi-bin/carddisp.pl?gene=PANK4"
"CDK16","Cyclin Dependent Kinase 16","Protein Coding","Q00536","53","GC0XP047217","5.54300308227539","https://www.genecards.org/cgi-bin/carddisp.pl?gene=CDK16"
"FAM98B","Family With Sequence Similarity 98 Member B","Protein Coding","Q52LJ0","44","GC15P038454","5.52720355987549","https://www.genecards.org/cgi-bin/carddisp.pl?gene=FAM98B"
"MIR1225","MicroRNA 1225","RNA Gene","","24","GC16M002090","5.51671409606934","https://www.genecards.org/cgi-bin/carddisp.pl?gene=MIR1225"
"NABP2","Nucleic Acid Binding Protein 2","Protein Coding","Q9BQ15","41","GC12P087045","5.51083946228027","https://www.genecards.org/cgi-bin/carddisp.pl?gene=NABP2"
"MIR4286","MicroRNA 4286","RNA Gene","","21","GC08P010666","5.50929069519043","https://www.genecards.org/cgi-bin/carddisp.pl?gene=MIR4286"
"MAS1","MAS1 Proto-Oncogene, G Protein-Coupled Receptor","Protein Coding","P04201","47","GC06P201524","5.50630140304565","https://www.genecards.org/cgi-bin/carddisp.pl?gene=MAS1"
"MPDU1","Mannose-P-Dolichol Utilization Defect 1","Protein Coding","O75352","53","GC17P007583","5.5048885345459","https://www.genecards.org/cgi-bin/carddisp.pl?gene=MPDU1"
"HSPA4L","Heat Shock Protein Family A (Hsp70) Member 4 Like","Protein Coding","O95757","45","GC04P127781","5.5009708404541","https://www.genecards.org/cgi-bin/carddisp.pl?gene=HSPA4L"
"MFAP4","Microfibril Associated Protein 4","Protein Coding","P55083","50","GC17M019383","5.50018167495728","https://www.genecards.org/cgi-bin/carddisp.pl?gene=MFAP4"
"TEX10","Testis Expressed 10","Protein Coding","Q9NXF1","41","GC09M100302","5.49769830703735","https://www.genecards.org/cgi-bin/carddisp.pl?gene=TEX10"
"PYCR3","Pyrroline-5-Carboxylate Reductase 3","Protein Coding","Q53H96","49","GC08M147732","5.49679756164551","https://www.genecards.org/cgi-bin/carddisp.pl?gene=PYCR3"
"AHSA1","Activator Of HSP90 ATPase Activity 1","Protein Coding","O95433","55","GC14P077457","5.49339818954468","https://www.genecards.org/cgi-bin/carddisp.pl?gene=AHSA1"
"MED13","Mediator Complex Subunit 13","Protein Coding","Q9UHV7","50","GC17M061942","5.48620557785034","https://www.genecards.org/cgi-bin/carddisp.pl?gene=MED13"
"BRD1","Bromodomain Containing 1","Protein Coding","O95696","52","GC22M049773","5.47879076004028","https://www.genecards.org/cgi-bin/carddisp.pl?gene=BRD1"
"INTS1","Integrator Complex Subunit 1","Protein Coding","Q8N201","46","GC07M001470","5.47704172134399","https://www.genecards.org/cgi-bin/carddisp.pl?gene=INTS1"
"SYTL4","Synaptotagmin Like 4","Protein Coding","Q96C24","47","GC0XM100674","5.47694540023804","https://www.genecards.org/cgi-bin/carddisp.pl?gene=SYTL4"
"AP1S1","Adaptor Related Protein Complex 1 Subunit Sigma 1","Protein Coding","P61966","50","GC07P101154","5.47574949264526","https://www.genecards.org/cgi-bin/carddisp.pl?gene=AP1S1"
"MIR1275","MicroRNA 1275","RNA Gene","","26","GC06M115078","5.46942901611328","https://www.genecards.org/cgi-bin/carddisp.pl?gene=MIR1275"
"XPO7","Exportin 7","Protein Coding","Q9UIA9","47","GC08P021919","5.46310615539551","https://www.genecards.org/cgi-bin/carddisp.pl?gene=XPO7"
"TAF12","TATA-Box Binding Protein Associated Factor 12","Protein Coding","Q16514","48","GC01M041455","5.46240568161011","https://www.genecards.org/cgi-bin/carddisp.pl?gene=TAF12"
"BUD31","BUD31 Spliceosome Associated Protein","Protein Coding","P41223","43","GC07P099408","5.45728635787964","https://www.genecards.org/cgi-bin/carddisp.pl?gene=BUD31"
"MPHOSPH8","M-Phase Phosphoprotein 8","Protein Coding","Q99549","47","GC13P019633","5.45566940307617","https://www.genecards.org/cgi-bin/carddisp.pl?gene=MPHOSPH8"
"WDR70","WD Repeat Domain 70","Protein Coding","Q9NW82","42","GC05P038392","5.44960737228394","https://www.genecards.org/cgi-bin/carddisp.pl?gene=WDR70"
"SAP130","Sin3A Associated Protein 130","Protein Coding","Q9H0E3","47","GC02M128875","5.44863224029541","https://www.genecards.org/cgi-bin/carddisp.pl?gene=SAP130"
"SFXN1","Sideroflexin 1","Protein Coding","Q9H9B4","48","GC05P175477","5.44628190994263","https://www.genecards.org/cgi-bin/carddisp.pl?gene=SFXN1"
"ARHGAP15","Rho GTPase Activating Protein 15","Protein Coding","Q53QZ3","48","GC02P143091","5.44578981399536","https://www.genecards.org/cgi-bin/carddisp.pl?gene=ARHGAP15"
"FAM50A","Family With Sequence Similarity 50 Member A","Protein Coding","Q14320","50","GC0XP155549","5.44046401977539","https://www.genecards.org/cgi-bin/carddisp.pl?gene=FAM50A"
"STEEP1","STING1 ER Exit Protein 1","Protein Coding","Q9H5V9","43","GC0XM119540","5.43693494796753","https://www.genecards.org/cgi-bin/carddisp.pl?gene=STEEP1"
"WWC3","WWC Family Member 3","Protein Coding","Q9ULE0","41","GC0XP010015","5.42594861984253","https://www.genecards.org/cgi-bin/carddisp.pl?gene=WWC3"
"NR2E1","Nuclear Receptor Subfamily 2 Group E Member 1","Protein Coding","Q9Y466","55","GC06P108166","5.42160129547119","https://www.genecards.org/cgi-bin/carddisp.pl?gene=NR2E1"
"UBE2E3","Ubiquitin Conjugating Enzyme E2 E3","Protein Coding","Q969T4","52","GC02P180967","5.42154550552368","https://www.genecards.org/cgi-bin/carddisp.pl?gene=UBE2E3"
"CRB3","Crumbs Cell Polarity Complex Component 3","Protein Coding","Q9BUF7","45","GC19P006463","5.42140674591064","https://www.genecards.org/cgi-bin/carddisp.pl?gene=CRB3"
"CMTM8","CKLF Like MARVEL Transmembrane Domain Containing 8","Protein Coding","Q8IZV2","43","GC03P034263","5.41488313674927","https://www.genecards.org/cgi-bin/carddisp.pl?gene=CMTM8"
"GLRX3","Glutaredoxin 3","Protein Coding","O76003","51","GC10P130136","5.40543508529663","https://www.genecards.org/cgi-bin/carddisp.pl?gene=GLRX3"
"ELOVL2","ELOVL Fatty Acid Elongase 2","Protein Coding","Q9NXB9","50","GC06M010980","5.40413331985474","https://www.genecards.org/cgi-bin/carddisp.pl?gene=ELOVL2"
"USP53","Ubiquitin Specific Peptidase 53","Protein Coding","Q70EK8","49","GC04P119212","5.40219736099243","https://www.genecards.org/cgi-bin/carddisp.pl?gene=USP53"
"MIR940","MicroRNA 940","RNA Gene","","16","GC16P002271","5.40075969696045","https://www.genecards.org/cgi-bin/carddisp.pl?gene=MIR940"
"LRP8","LDL Receptor Related Protein 8","Protein Coding","Q14114","56","GC01M053243","5.39686870574951","https://www.genecards.org/cgi-bin/carddisp.pl?gene=LRP8"
"PSMA2","Proteasome 20S Subunit Alpha 2","Protein Coding","P25787","54","GC07M042916","5.39419555664063","https://www.genecards.org/cgi-bin/carddisp.pl?gene=PSMA2"
"ZBTB21","Zinc Finger And BTB Domain Containing 21","Protein Coding","Q9ULJ3","47","GC21M041986","5.39335536956787","https://www.genecards.org/cgi-bin/carddisp.pl?gene=ZBTB21"
"WBP11","WW Domain Binding Protein 11","Protein Coding","Q9Y2W2","46","GC12M014784","5.39029741287231","https://www.genecards.org/cgi-bin/carddisp.pl?gene=WBP11"
"C4B","Complement C4B (Chido/Rodgers Blood Group)","Protein Coding","P0C0L5","56","GC06P032014","5.38672685623169","https://www.genecards.org/cgi-bin/carddisp.pl?gene=C4B"
"DDX19A","DEAD-Box Helicase 19A","Protein Coding","Q9NUU7","40","GC16P070346","5.38578510284424","https://www.genecards.org/cgi-bin/carddisp.pl?gene=DDX19A"
"LINC00426","Long Intergenic Non-Protein Coding RNA 426","RNA Gene","","23","GC13M030666","5.38442420959473","https://www.genecards.org/cgi-bin/carddisp.pl?gene=LINC00426"
"MIR1301","MicroRNA 1301","RNA Gene","","18","GC02M025328","5.38306188583374","https://www.genecards.org/cgi-bin/carddisp.pl?gene=MIR1301"
"RNF169","Ring Finger Protein 169","Protein Coding","Q8NCN4","39","GC11P130640","5.38013601303101","https://www.genecards.org/cgi-bin/carddisp.pl?gene=RNF169"
"UBE2E2","Ubiquitin Conjugating Enzyme E2 E2","Protein Coding","Q96LR5","52","GC03P030547","5.3757438659668","https://www.genecards.org/cgi-bin/carddisp.pl?gene=UBE2E2"
"TBXA2R","Thromboxane A2 Receptor","Protein Coding","P21731","63","GC19M003594","5.37373208999634","https://www.genecards.org/cgi-bin/carddisp.pl?gene=TBXA2R"
"CNOT4","CCR4-NOT Transcription Complex Subunit 4","Protein Coding","O95628","47","GC07M135361","5.36808490753174","https://www.genecards.org/cgi-bin/carddisp.pl?gene=CNOT4"
"ARHGAP18","Rho GTPase Activating Protein 18","Protein Coding","Q8N392","47","GC06M129576","5.36665153503418","https://www.genecards.org/cgi-bin/carddisp.pl?gene=ARHGAP18"
"ABCC9","ATP Binding Cassette Subfamily C Member 9","Protein Coding","O60706","57","GC12M021797","5.36379480361938","https://www.genecards.org/cgi-bin/carddisp.pl?gene=ABCC9"
"MAFK","MAF BZIP Transcription Factor K","Protein Coding","O60675","45","GC07P031598","5.36091279983521","https://www.genecards.org/cgi-bin/carddisp.pl?gene=MAFK"
"MIR612","MicroRNA 612","RNA Gene","","17","GC11P129899","5.35828113555908","https://www.genecards.org/cgi-bin/carddisp.pl?gene=MIR612"
"SIX3","SIX Homeobox 3","Protein Coding","O95343","53","GC02P044941","5.35236167907715","https://www.genecards.org/cgi-bin/carddisp.pl?gene=SIX3"
"PHF14","PHD Finger Protein 14","Protein Coding","O94880","44","GC07P010973","5.35009717941284","https://www.genecards.org/cgi-bin/carddisp.pl?gene=PHF14"
"HSPBP1","HSPA (Hsp70) Binding Protein 1","Protein Coding","Q9NZL4","47","GC19M055262","5.34960985183716","https://www.genecards.org/cgi-bin/carddisp.pl?gene=HSPBP1"
"MAFF","MAF BZIP Transcription Factor F","Protein Coding","Q9ULX9","48","GC22P038200","5.34502124786377","https://www.genecards.org/cgi-bin/carddisp.pl?gene=MAFF"
"LHPP","Phospholysine Phosphohistidine Inorganic Pyrophosphate Phosphatase","Protein Coding","Q9H008","42","GC10P124461","5.34032249450684","https://www.genecards.org/cgi-bin/carddisp.pl?gene=LHPP"
"RGS16","Regulator Of G Protein Signaling 16","Protein Coding","O15492","50","GC01M182598","5.33413505554199","https://www.genecards.org/cgi-bin/carddisp.pl?gene=RGS16"
"CHST9","Carbohydrate Sulfotransferase 9","Protein Coding","Q7L1S5","42","GC18M026906","5.32695770263672","https://www.genecards.org/cgi-bin/carddisp.pl?gene=CHST9"
"MED21","Mediator Complex Subunit 21","Protein Coding","Q13503","44","GC12P027022","5.32458829879761","https://www.genecards.org/cgi-bin/carddisp.pl?gene=MED21"
"MIR1208","MicroRNA 1208","RNA Gene","","17","GC08P128150","5.32429313659668","https://www.genecards.org/cgi-bin/carddisp.pl?gene=MIR1208"
"MIR520B","MicroRNA 520b","RNA Gene","","17","GC19P172208","5.31934356689453","https://www.genecards.org/cgi-bin/carddisp.pl?gene=MIR520B"
"HNRNPUL2","Heterogeneous Nuclear Ribonucleoprotein U Like 2","Protein Coding","Q1KMD3","41","GC11M062712","5.3185830116272","https://www.genecards.org/cgi-bin/carddisp.pl?gene=HNRNPUL2"
"MEIOB","Meiosis Specific With OB-Fold","Protein Coding","Q8N635","44","GC16M001833","5.31497764587402","https://www.genecards.org/cgi-bin/carddisp.pl?gene=MEIOB"
"GMPS","Guanine Monophosphate Synthase","Protein Coding","P49915","55","GC03P155870","5.30719041824341","https://www.genecards.org/cgi-bin/carddisp.pl?gene=GMPS"
"NIFK","Nucleolar Protein Interacting With The FHA Domain Of MKI67","Protein Coding","Q9BYG3","42","GC02M121726","5.30164384841919","https://www.genecards.org/cgi-bin/carddisp.pl?gene=NIFK"
"MLXIP","MLX Interacting Protein","Protein Coding","Q9HAP2","42","GC12P122078","5.29825782775879","https://www.genecards.org/cgi-bin/carddisp.pl?gene=MLXIP"
"MIR320C1","MicroRNA 320c-1","RNA Gene","","23","GC18P021683","5.27448892593384","https://www.genecards.org/cgi-bin/carddisp.pl?gene=MIR320C1"
"EIF4H","Eukaryotic Translation Initiation Factor 4H","Protein Coding","Q15056","52","GC07P074174","5.26739501953125","https://www.genecards.org/cgi-bin/carddisp.pl?gene=EIF4H"
"ZNF503","Zinc Finger Protein 503","Protein Coding","Q96F45","42","GC10M075280","5.2672004699707","https://www.genecards.org/cgi-bin/carddisp.pl?gene=ZNF503"
"MIR194-2","MicroRNA 194-2","RNA Gene","","23","GC11M146144","5.26548433303833","https://www.genecards.org/cgi-bin/carddisp.pl?gene=MIR194-2"
"ESYT2","Extended Synaptotagmin 2","Protein Coding","A0FGR8","44","GC07M158730","5.26500511169434","https://www.genecards.org/cgi-bin/carddisp.pl?gene=ESYT2"
"ZC3H14","Zinc Finger CCCH-Type Containing 14","Protein Coding","Q6PJT7","51","GC14P088562","5.26420259475708","https://www.genecards.org/cgi-bin/carddisp.pl?gene=ZC3H14"
"RBM27","RNA Binding Motif Protein 27","Protein Coding","Q9P2N5","44","GC05P162626","5.25549459457397","https://www.genecards.org/cgi-bin/carddisp.pl?gene=RBM27"
"AP2M1","Adaptor Related Protein Complex 2 Subunit Mu 1","Protein Coding","Q96CW1","59","GC03P184174","5.25425148010254","https://www.genecards.org/cgi-bin/carddisp.pl?gene=AP2M1"
"GPKOW","G-Patch Domain And KOW Motifs","Protein Coding","Q92917","47","GC0XM049113","5.25370836257935","https://www.genecards.org/cgi-bin/carddisp.pl?gene=GPKOW"
"WDR36","WD Repeat Domain 36","Protein Coding","Q8NI36","50","GC05P111091","5.25031042098999","https://www.genecards.org/cgi-bin/carddisp.pl?gene=WDR36"
"POLR2G","RNA Polymerase II Subunit G","Protein Coding","P62487","49","GC11P129656","5.24943351745605","https://www.genecards.org/cgi-bin/carddisp.pl?gene=POLR2G"
"TUFT1","Tuftelin 1","Protein Coding","Q9NNX1","50","GC01P183490","5.24460411071777","https://www.genecards.org/cgi-bin/carddisp.pl?gene=TUFT1"
"TCEA1","Transcription Elongation Factor A1","Protein Coding","P23193","48","GC08M053966","5.24320220947266","https://www.genecards.org/cgi-bin/carddisp.pl?gene=TCEA1"
"MIR105-2","MicroRNA 105-2","RNA Gene","","19","GC0XM152394","5.24041175842285","https://www.genecards.org/cgi-bin/carddisp.pl?gene=MIR105-2"
"NEXN","Nexilin F-Actin Binding Protein","Protein Coding","Q0ZGT2","52","GC01P096146","5.23999738693237","https://www.genecards.org/cgi-bin/carddisp.pl?gene=NEXN"
"DNAJC8","DnaJ Heat Shock Protein Family (Hsp40) Member C8","Protein Coding","O75937","47","GC01M028199","5.23908853530884","https://www.genecards.org/cgi-bin/carddisp.pl?gene=DNAJC8"
"CPSF2","Cleavage And Polyadenylation Specific Factor 2","Protein Coding","Q9P2I0","44","GC14P092121","5.2387170791626","https://www.genecards.org/cgi-bin/carddisp.pl?gene=CPSF2"
"KPNA3","Karyopherin Subunit Alpha 3","Protein Coding","O00505","55","GC13M049757","5.23737955093384","https://www.genecards.org/cgi-bin/carddisp.pl?gene=KPNA3"
"ESYT1","Extended Synaptotagmin 1","Protein Coding","Q9BSJ8","49","GC12P087020","5.23383903503418","https://www.genecards.org/cgi-bin/carddisp.pl?gene=ESYT1"
"PTGR1","Prostaglandin Reductase 1","Protein Coding","Q14914","47","GC09M111549","5.22930383682251","https://www.genecards.org/cgi-bin/carddisp.pl?gene=PTGR1"
"SCEL","Sciellin","Protein Coding","O95171","42","GC13P077535","5.22815179824829","https://www.genecards.org/cgi-bin/carddisp.pl?gene=SCEL"
"MIR525","MicroRNA 525","RNA Gene","","25","GC19P053697","5.21721363067627","https://www.genecards.org/cgi-bin/carddisp.pl?gene=MIR525"
"MIR659","MicroRNA 659","RNA Gene","","27","GC22M091580","5.21365880966187","https://www.genecards.org/cgi-bin/carddisp.pl?gene=MIR659"
"POLR3C","RNA Polymerase III Subunit C","Protein Coding","Q9BUI4","50","GC01P183172","5.21147108078003","https://www.genecards.org/cgi-bin/carddisp.pl?gene=POLR3C"
"TRMT1L","TRNA Methyltransferase 1L","Protein Coding","Q7Z2T5","37","GC01M185118","5.21145868301392","https://www.genecards.org/cgi-bin/carddisp.pl?gene=TRMT1L"
"PLXNB3","Plexin B3","Protein Coding","Q9ULL4","49","GC0XP153764","5.2112717628479","https://www.genecards.org/cgi-bin/carddisp.pl?gene=PLXNB3"
"PSMB6","Proteasome 20S Subunit Beta 6","Protein Coding","P28072","54","GC17P004796","5.20811033248901","https://www.genecards.org/cgi-bin/carddisp.pl?gene=PSMB6"
"MIR4458","MicroRNA 4458","RNA Gene","","12","GC05P008460","5.20773983001709","https://www.genecards.org/cgi-bin/carddisp.pl?gene=MIR4458"
"MYO15A","Myosin XVA","Protein Coding","Q9UKN7","47","GC17P018108","5.2045464515686","https://www.genecards.org/cgi-bin/carddisp.pl?gene=MYO15A"
"PPP1R15B","Protein Phosphatase 1 Regulatory Subunit 15B","Protein Coding","Q5SWA1","49","GC01M204784","5.1973352432251","https://www.genecards.org/cgi-bin/carddisp.pl?gene=PPP1R15B"
"ASF1A","Anti-Silencing Function 1A Histone Chaperone","Protein Coding","Q9Y294","49","GC06P118894","5.19699668884277","https://www.genecards.org/cgi-bin/carddisp.pl?gene=ASF1A"
"ATP5F1C","ATP Synthase F1 Subunit Gamma","Protein Coding","P36542","52","GC10P007789","5.1872501373291","https://www.genecards.org/cgi-bin/carddisp.pl?gene=ATP5F1C"
"WASHC2C","WASH Complex Subunit 2C","Protein Coding","Q9Y4E1","38","GC10P054520","5.18163347244263","https://www.genecards.org/cgi-bin/carddisp.pl?gene=WASHC2C"
"PDK1-AS1","PDK1 And ITGA6 Antisense RNA 1","RNA Gene","","12","GC02M172514","5.17758941650391","https://www.genecards.org/cgi-bin/carddisp.pl?gene=PDK1-AS1"
"TFCP2L1","Transcription Factor CP2 Like 1","Protein Coding","Q9NZI6","49","GC02M121216","5.17730808258057","https://www.genecards.org/cgi-bin/carddisp.pl?gene=TFCP2L1"
"PSMD3","Proteasome 26S Subunit, Non-ATPase 3","Protein Coding","O43242","54","GC17P039980","5.17356252670288","https://www.genecards.org/cgi-bin/carddisp.pl?gene=PSMD3"
"LTV1","LTV1 Ribosome Biogenesis Factor","Protein Coding","Q96GA3","44","GC06P143843","5.17298316955566","https://www.genecards.org/cgi-bin/carddisp.pl?gene=LTV1"
"MIR770","MicroRNA 770","RNA Gene","","20","GC14P123675","5.169358253479","https://www.genecards.org/cgi-bin/carddisp.pl?gene=MIR770"
"TRN-GTT2-1","TRNA-Asn (Anticodon GTT) 2-1","RNA Gene","","13","GC01P183339","5.16472959518433","https://www.genecards.org/cgi-bin/carddisp.pl?gene=TRN-GTT2-1"
"BBOX1","Gamma-Butyrobetaine Hydroxylase 1","Protein Coding","O75936","51","GC11P027019","5.1598105430603","https://www.genecards.org/cgi-bin/carddisp.pl?gene=BBOX1"
"ZRANB1","Zinc Finger RANBP2-Type Containing 1","Protein Coding","Q9UGI0","47","GC10P135577","5.15764951705933","https://www.genecards.org/cgi-bin/carddisp.pl?gene=ZRANB1"
"MNAT1","MNAT1 Component Of CDK Activating Kinase","Protein Coding","P51948","52","GC14P060734","5.15504598617554","https://www.genecards.org/cgi-bin/carddisp.pl?gene=MNAT1"
"ACSS2","Acyl-CoA Synthetase Short Chain Family Member 2","Protein Coding","Q9NR19","58","GC20P059501","5.15082359313965","https://www.genecards.org/cgi-bin/carddisp.pl?gene=ACSS2"
"ARHGAP19-SLIT1","ARHGAP19-SLIT1 Readthrough (NMD Candidate)","RNA Gene","","19","GC10M097153","5.14126253128052","https://www.genecards.org/cgi-bin/carddisp.pl?gene=ARHGAP19-SLIT1"
"APOC3","Apolipoprotein C3","Protein Coding","P02656","57","GC11P131648","5.13715600967407","https://www.genecards.org/cgi-bin/carddisp.pl?gene=APOC3"
"PHC2","Polyhomeotic Homolog 2","Protein Coding","Q8IXK0","45","GC01M041587","5.13673686981201","https://www.genecards.org/cgi-bin/carddisp.pl?gene=PHC2"
"HMGB3","High Mobility Group Box 3","Protein Coding","O15347","52","GC0XP150980","5.13635969161987","https://www.genecards.org/cgi-bin/carddisp.pl?gene=HMGB3"
"TMF1","TATA Element Modulatory Factor 1","Protein Coding","P82094","47","GC03M069019","5.13406467437744","https://www.genecards.org/cgi-bin/carddisp.pl?gene=TMF1"
"NSMCE1","NSE1 Component Of SMC5/6 Complex","Protein Coding","Q8WV22","43","GC16M056066","5.12744235992432","https://www.genecards.org/cgi-bin/carddisp.pl?gene=NSMCE1"
"UGGT1","UDP-Glucose Glycoprotein Glucosyltransferase 1","Protein Coding","Q9NYU2","52","GC02P128091","5.12718152999878","https://www.genecards.org/cgi-bin/carddisp.pl?gene=UGGT1"
"TFAP4","Transcription Factor AP-4","Protein Coding","Q01664","44","GC16M055337","5.11829280853271","https://www.genecards.org/cgi-bin/carddisp.pl?gene=TFAP4"
"POLR1F","RNA Polymerase I Subunit F","Protein Coding","Q3B726","41","GC07M019695","5.1166205406189","https://www.genecards.org/cgi-bin/carddisp.pl?gene=POLR1F"
"ARGLU1","Arginine And Glutamate Rich 1","Protein Coding","Q9NWB6","44","GC13M106541","5.11469173431396","https://www.genecards.org/cgi-bin/carddisp.pl?gene=ARGLU1"
"MIR4516","MicroRNA 4516","RNA Gene","","17","GC16P135942","5.11224889755249","https://www.genecards.org/cgi-bin/carddisp.pl?gene=MIR4516"
"YARS1","Tyrosyl-TRNA Synthetase 1","Protein Coding","P54577","55","GC01M041551","5.11029243469238","https://www.genecards.org/cgi-bin/carddisp.pl?gene=YARS1"
"FERD3L","Fer3 Like BHLH Transcription Factor","Protein Coding","Q96RJ6","42","GC07M019144","5.09965038299561","https://www.genecards.org/cgi-bin/carddisp.pl?gene=FERD3L"
"NCBP2","Nuclear Cap Binding Protein Subunit 2","Protein Coding","P52298","48","GC03M196935","5.09830522537231","https://www.genecards.org/cgi-bin/carddisp.pl?gene=NCBP2"
"HSD17B11","Hydroxysteroid 17-Beta Dehydrogenase 11","Protein Coding","Q8NBQ5","48","GC04M087336","5.09830045700073","https://www.genecards.org/cgi-bin/carddisp.pl?gene=HSD17B11"
"MIR3194","MicroRNA 3194","RNA Gene","","18","GC20M051452","5.09804248809814","https://www.genecards.org/cgi-bin/carddisp.pl?gene=MIR3194"
"MKRN2","Makorin Ring Finger Protein 2","Protein Coding","Q9H000","47","GC03P030236","5.09737634658813","https://www.genecards.org/cgi-bin/carddisp.pl?gene=MKRN2"
"USP34","Ubiquitin Specific Peptidase 34","Protein Coding","Q70CQ2","47","GC02M061187","5.09623718261719","https://www.genecards.org/cgi-bin/carddisp.pl?gene=USP34"
"ABCA9","ATP Binding Cassette Subfamily A Member 9","Protein Coding","Q8IUA7","47","GC17M068974","5.08348035812378","https://www.genecards.org/cgi-bin/carddisp.pl?gene=ABCA9"
"POLR1E","RNA Polymerase I Subunit E","Protein Coding","Q9GZS1","47","GC09P085614","5.07447385787964","https://www.genecards.org/cgi-bin/carddisp.pl?gene=POLR1E"
"MED6","Mediator Complex Subunit 6","Protein Coding","O75586","46","GC14M070581","5.07045888900757","https://www.genecards.org/cgi-bin/carddisp.pl?gene=MED6"
"TRIM35","Tripartite Motif Containing 35","Protein Coding","Q9UPQ4","41","GC08M027284","5.06768941879272","https://www.genecards.org/cgi-bin/carddisp.pl?gene=TRIM35"
"PCNP","PEST Proteolytic Signal Containing Nuclear Protein","Protein Coding","Q8WW12","38","GC03P101574","5.0675106048584","https://www.genecards.org/cgi-bin/carddisp.pl?gene=PCNP"
"OTUB2","OTU Deubiquitinase, Ubiquitin Aldehyde Binding 2","Protein Coding","Q96DC9","42","GC14P097104","5.06451940536499","https://www.genecards.org/cgi-bin/carddisp.pl?gene=OTUB2"
"INTS15","Integrator Complex Subunit 15","Protein Coding","Q96N11","37","GC07P034534","5.05886554718018","https://www.genecards.org/cgi-bin/carddisp.pl?gene=INTS15"
"MIR19B2","MicroRNA 19b-2","RNA Gene","","18","GC0XM135546","5.05812788009644","https://www.genecards.org/cgi-bin/carddisp.pl?gene=MIR19B2"
"AHCYL1","Adenosylhomocysteinase Like 1","Protein Coding","O43865","53","GC01P109984","5.05170345306396","https://www.genecards.org/cgi-bin/carddisp.pl?gene=AHCYL1"
"RBM34","RNA Binding Motif Protein 34","Protein Coding","P42696","38","GC01M235131","5.04738998413086","https://www.genecards.org/cgi-bin/carddisp.pl?gene=RBM34"
"MIR638","MicroRNA 638","RNA Gene","","22","GC19P170930","5.04725503921509","https://www.genecards.org/cgi-bin/carddisp.pl?gene=MIR638"
"LYRM7","LYR Motif Containing 7","Protein Coding","Q5U5X0","50","GC05P131170","5.04501724243164","https://www.genecards.org/cgi-bin/carddisp.pl?gene=LYRM7"
"OTUD1","OTU Deubiquitinase 1","Protein Coding","Q5VV17","42","GC10P023439","5.03859806060791","https://www.genecards.org/cgi-bin/carddisp.pl?gene=OTUD1"
"ADSS2","Adenylosuccinate Synthase 2","Protein Coding","P30520","53","GC01M245098","5.02971076965332","https://www.genecards.org/cgi-bin/carddisp.pl?gene=ADSS2"
"ALPK1","Alpha Kinase 1","Protein Coding","Q96QP1","51","GC04P112285","5.02935075759888","https://www.genecards.org/cgi-bin/carddisp.pl?gene=ALPK1"
"SH3GL2","SH3 Domain Containing GRB2 Like 2, Endophilin A1","Protein Coding","Q99962","54","GC09P017569","5.02797174453735","https://www.genecards.org/cgi-bin/carddisp.pl?gene=SH3GL2"
"ZNF451","Zinc Finger Protein 451","Protein Coding","Q9Y4E5","45","GC06P057086","5.02519369125366","https://www.genecards.org/cgi-bin/carddisp.pl?gene=ZNF451"
"SUMO3","Small Ubiquitin Like Modifier 3","Protein Coding","P55854","51","GC21M044805","5.01956224441528","https://www.genecards.org/cgi-bin/carddisp.pl?gene=SUMO3"
"GEMIN5","Gem Nuclear Organelle Associated Protein 5","Protein Coding","Q8TEQ6","47","GC05M154887","5.01758718490601","https://www.genecards.org/cgi-bin/carddisp.pl?gene=GEMIN5"
"LCP2","Lymphocyte Cytosolic Protein 2","Protein Coding","Q13094","55","GC05M170246","5.01416873931885","https://www.genecards.org/cgi-bin/carddisp.pl?gene=LCP2"
"COXFA4","Cytochrome C Oxidase Associated Subunit FA4","Protein Coding","O00483","52","GC07M010938","5.00620317459106","https://www.genecards.org/cgi-bin/carddisp.pl?gene=COXFA4"
"EIF3K","Eukaryotic Translation Initiation Factor 3 Subunit K","Protein Coding","Q9UBQ5","45","GC19P038619","5.00157499313354","https://www.genecards.org/cgi-bin/carddisp.pl?gene=EIF3K"
"ILKAP","ILK Associated Serine/Threonine Phosphatase","Protein Coding","Q9H0C8","48","GC02M238170","4.99956941604614","https://www.genecards.org/cgi-bin/carddisp.pl?gene=ILKAP"
"VBP1","VHL Binding Protein 1","Protein Coding","P61758","47","GC0XP155197","4.99949741363525","https://www.genecards.org/cgi-bin/carddisp.pl?gene=VBP1"
"ATP5MG","ATP Synthase Membrane Subunit G","Protein Coding","O75964","48","GC11P131751","4.99300765991211","https://www.genecards.org/cgi-bin/carddisp.pl?gene=ATP5MG"
"LINC02694","Long Intergenic Non-Protein Coding RNA 2694","RNA Gene","Q8NAA6","35","GC15P210308","4.99248313903809","https://www.genecards.org/cgi-bin/carddisp.pl?gene=LINC02694"
"RBM24","RNA Binding Motif Protein 24","Protein Coding","Q9BX46","45","GC06P017281","4.98908281326294","https://www.genecards.org/cgi-bin/carddisp.pl?gene=RBM24"
"ABHD2","Abhydrolase Domain Containing 2, Acylglycerol Lipase","Protein Coding","P08910","48","GC15P211421","4.98480033874512","https://www.genecards.org/cgi-bin/carddisp.pl?gene=ABHD2"
"GTF3C3","General Transcription Factor IIIC Subunit 3","Protein Coding","Q9Y5Q9","45","GC02M196763","4.97906541824341","https://www.genecards.org/cgi-bin/carddisp.pl?gene=GTF3C3"
"WDR55","WD Repeat Domain 55","Protein Coding","Q9H6Y2","39","GC05P164051","4.9761176109314","https://www.genecards.org/cgi-bin/carddisp.pl?gene=WDR55"
"GBP2","Guanylate Binding Protein 2","Protein Coding","P32456","44","GC01M089106","4.97217464447021","https://www.genecards.org/cgi-bin/carddisp.pl?gene=GBP2"
"TMEM176A","Transmembrane Protein 176A","Protein Coding","Q96HP8","40","GC07P170687","4.96784591674805","https://www.genecards.org/cgi-bin/carddisp.pl?gene=TMEM176A"
"USP49","Ubiquitin Specific Peptidase 49","Protein Coding","Q70CQ1","44","GC06M115159","4.96241140365601","https://www.genecards.org/cgi-bin/carddisp.pl?gene=USP49"
"CDKL3","Cyclin Dependent Kinase Like 3","Protein Coding","Q8IVW4","47","GC05M134315","4.96009826660156","https://www.genecards.org/cgi-bin/carddisp.pl?gene=CDKL3"
"ZNF592","Zinc Finger Protein 592","Protein Coding","Q92610","48","GC15P211343","4.95998668670654","https://www.genecards.org/cgi-bin/carddisp.pl?gene=ZNF592"
"TAF7","TATA-Box Binding Protein Associated Factor 7","Protein Coding","Q15545","46","GC05M141314","4.95900011062622","https://www.genecards.org/cgi-bin/carddisp.pl?gene=TAF7"
"USP46","Ubiquitin Specific Peptidase 46","Protein Coding","P62068","48","GC04M052590","4.95892477035522","https://www.genecards.org/cgi-bin/carddisp.pl?gene=USP46"
"PHF23","PHD Finger Protein 23","Protein Coding","Q9BUL5","42","GC17M103725","4.95578145980835","https://www.genecards.org/cgi-bin/carddisp.pl?gene=PHF23"
"SERPINB12","Serpin Family B Member 12","Protein Coding","Q96P63","46","GC18P063556","4.95084810256958","https://www.genecards.org/cgi-bin/carddisp.pl?gene=SERPINB12"
"PRIM2","DNA Primase Subunit 2","Protein Coding","P49643","51","GC06P199858","4.93701791763306","https://www.genecards.org/cgi-bin/carddisp.pl?gene=PRIM2"
"TRAFD1","TRAF-Type Zinc Finger Domain Containing 1","Protein Coding","O14545","44","GC12P112125","4.93126440048218","https://www.genecards.org/cgi-bin/carddisp.pl?gene=TRAFD1"
"TMEM132C","Transmembrane Protein 132C","Protein Coding","Q8N3T6","40","GC12P128267","4.926682472229","https://www.genecards.org/cgi-bin/carddisp.pl?gene=TMEM132C"
"CLNS1A","Chloride Nucleotide-Sensitive Channel 1A","Protein Coding","P54105","44","GC11M146547","4.9265570640564","https://www.genecards.org/cgi-bin/carddisp.pl?gene=CLNS1A"
"TMEM109","Transmembrane Protein 109","Protein Coding","Q9BVC6","40","GC11P129490","4.92521047592163","https://www.genecards.org/cgi-bin/carddisp.pl?gene=TMEM109"
"KDELR2","KDEL Endoplasmic Reticulum Protein Retention Receptor 2","Protein Coding","P33947","50","GC07M006447","4.92387819290161","https://www.genecards.org/cgi-bin/carddisp.pl?gene=KDELR2"
"DNAJB9","DnaJ Heat Shock Protein Family (Hsp40) Member B9","Protein Coding","Q9UBS3","47","GC07P108569","4.92126798629761","https://www.genecards.org/cgi-bin/carddisp.pl?gene=DNAJB9"
"GPD1","Glycerol-3-Phosphate Dehydrogenase 1","Protein Coding","P21695","55","GC12P086701","4.92020559310913","https://www.genecards.org/cgi-bin/carddisp.pl?gene=GPD1"
"PSME1","Proteasome Activator Subunit 1","Protein Coding","Q06323","47","GC14P024136","4.92018556594849","https://www.genecards.org/cgi-bin/carddisp.pl?gene=PSME1"
"ADD1","Adducin 1","Protein Coding","P35611","57","GC04P033814","4.91860342025757","https://www.genecards.org/cgi-bin/carddisp.pl?gene=ADD1"
"TSPAN9","Tetraspanin 9","Protein Coding","O75954","46","GC12P085640","4.91159152984619","https://www.genecards.org/cgi-bin/carddisp.pl?gene=TSPAN9"
"MIR630","MicroRNA 630","RNA Gene","","17","GC15P072587","4.90982913970947","https://www.genecards.org/cgi-bin/carddisp.pl?gene=MIR630"
"FUNDC2","FUN14 Domain Containing 2","Protein Coding","Q9BWH2","45","GC0XP155025","4.89941883087158","https://www.genecards.org/cgi-bin/carddisp.pl?gene=FUNDC2"
"FREM1","FRAS1 Related Extracellular Matrix 1","Protein Coding","Q5H8C1","52","GC09M014734","4.89167976379395","https://www.genecards.org/cgi-bin/carddisp.pl?gene=FREM1"
"PAPSS1","3''-Phosphoadenosine 5''-Phosphosulfate Synthase 1","Protein Coding","O43252","52","GC04M107590","4.88777208328247","https://www.genecards.org/cgi-bin/carddisp.pl?gene=PAPSS1"
"DCST2","DC-STAMP Domain Containing 2","Protein Coding","Q5T1A1","40","GC01M169778","4.88461637496948","https://www.genecards.org/cgi-bin/carddisp.pl?gene=DCST2"
"SORD","Sorbitol Dehydrogenase","Protein Coding","Q00796","60","GC15P045023","4.87965774536133","https://www.genecards.org/cgi-bin/carddisp.pl?gene=SORD"
"MAP3K21","Mitogen-Activated Protein Kinase Kinase Kinase 21","Protein Coding","Q5TCX8","42","GC01P234511","4.87699127197266","https://www.genecards.org/cgi-bin/carddisp.pl?gene=MAP3K21"
"SGCE","Sarcoglycan Epsilon","Protein Coding","O43556","54","GC07M094524","4.86611270904541","https://www.genecards.org/cgi-bin/carddisp.pl?gene=SGCE"
"HOMER3","Homer Scaffold Protein 3","Protein Coding","Q9NSC5","52","GC19M115954","4.86308526992798","https://www.genecards.org/cgi-bin/carddisp.pl?gene=HOMER3"
"KANSL3","KAT8 Regulatory NSL Complex Subunit 3","Protein Coding","Q9P2N6","46","GC02M102957","4.86225652694702","https://www.genecards.org/cgi-bin/carddisp.pl?gene=KANSL3"
"CYB5B","Cytochrome B5 Type B","Protein Coding","O43169","54","GC16P137773","4.85955190658569","https://www.genecards.org/cgi-bin/carddisp.pl?gene=CYB5B"
"LEO1","LEO1 Component Of Paf1/RNA Polymerase II Complex","Protein Coding","Q8WVC0","47","GC15M171425","4.85904359817505","https://www.genecards.org/cgi-bin/carddisp.pl?gene=LEO1"
"ZHX3","Zinc Fingers And Homeoboxes 3","Protein Coding","Q9H4I2","44","GC20M041178","4.8536810874939","https://www.genecards.org/cgi-bin/carddisp.pl?gene=ZHX3"
"HMG20A","High Mobility Group 20A","Protein Coding","Q9NP66","45","GC15P211083","4.85213232040405","https://www.genecards.org/cgi-bin/carddisp.pl?gene=HMG20A"
"WASHC4","WASH Complex Subunit 4","Protein Coding","Q2M389","47","GC12P105108","4.85001993179321","https://www.genecards.org/cgi-bin/carddisp.pl?gene=WASHC4"
"LPCAT2","Lysophosphatidylcholine Acyltransferase 2","Protein Coding","Q7L5N7","52","GC16P137334","4.84981393814087","https://www.genecards.org/cgi-bin/carddisp.pl?gene=LPCAT2"
"ESF1","ESF1 Nucleolar Pre-RRNA Processing Protein","Protein Coding","Q9H501","41","GC20M013714","4.84644889831543","https://www.genecards.org/cgi-bin/carddisp.pl?gene=ESF1"
"NUP50","Nucleoporin 50","Protein Coding","Q9UKX7","52","GC22P045163","4.84500074386597","https://www.genecards.org/cgi-bin/carddisp.pl?gene=NUP50"
"MIR664A","MicroRNA 664a","RNA Gene","","20","GC01M220200","4.84246492385864","https://www.genecards.org/cgi-bin/carddisp.pl?gene=MIR664A"
"DNAJC19","DnaJ Heat Shock Protein Family (Hsp40) Member C19","Protein Coding","Q96DA6","52","GC03M180983","4.84134435653687","https://www.genecards.org/cgi-bin/carddisp.pl?gene=DNAJC19"
"COX7A2","Cytochrome C Oxidase Subunit 7A2","Protein Coding","P14406","50","GC06M075237","4.83459997177124","https://www.genecards.org/cgi-bin/carddisp.pl?gene=COX7A2"
"MIR665","MicroRNA 665","RNA Gene","","17","GC14P123672","4.82826805114746","https://www.genecards.org/cgi-bin/carddisp.pl?gene=MIR665"
"PPWD1","Peptidylprolyl Isomerase Domain And WD Repeat Containing 1","Protein Coding","Q96BP3","45","GC05P065563","4.82572221755981","https://www.genecards.org/cgi-bin/carddisp.pl?gene=PPWD1"
"INTS10","Integrator Complex Subunit 10","Protein Coding","Q9NVR2","45","GC08P019817","4.82539939880371","https://www.genecards.org/cgi-bin/carddisp.pl?gene=INTS10"
"ATP5PB","ATP Synthase Peripheral Stalk-Membrane Subunit B","Protein Coding","P24539","52","GC01P113988","4.81610774993896","https://www.genecards.org/cgi-bin/carddisp.pl?gene=ATP5PB"
"PJA1","Praja Ring Finger Ubiquitin Ligase 1","Protein Coding","Q8NG27","51","GC0XM069160","4.81462812423706","https://www.genecards.org/cgi-bin/carddisp.pl?gene=PJA1"
"SKIC8","SKI8 Subunit Of Superkiller Complex","Protein Coding","Q9GZS3","45","GC15M173506","4.8141393661499","https://www.genecards.org/cgi-bin/carddisp.pl?gene=SKIC8"
"TRPC3","Transient Receptor Potential Cation Channel Subfamily C Member 3","Protein Coding","Q13507","58","GC04M121879","4.79743766784668","https://www.genecards.org/cgi-bin/carddisp.pl?gene=TRPC3"
"ZPR1","ZPR1 Zinc Finger","Protein Coding","O75312","51","GC11M146985","4.79350280761719","https://www.genecards.org/cgi-bin/carddisp.pl?gene=ZPR1"
"UBE2W","Ubiquitin Conjugating Enzyme E2 W","Protein Coding","Q96B02","45","GC08M073780","4.78968906402588","https://www.genecards.org/cgi-bin/carddisp.pl?gene=UBE2W"
"POLR3F","RNA Polymerase III Subunit F","Protein Coding","Q9H1D9","54","GC20P020257","4.78030109405518","https://www.genecards.org/cgi-bin/carddisp.pl?gene=POLR3F"
"MIR4689","MicroRNA 4689","RNA Gene","","18","GC01M005862","4.77969217300415","https://www.genecards.org/cgi-bin/carddisp.pl?gene=MIR4689"
"PDCD2","Programmed Cell Death 2","Protein Coding","Q16342","45","GC06M170594","4.77788639068604","https://www.genecards.org/cgi-bin/carddisp.pl?gene=PDCD2"
"TAPBPL","TAP Binding Protein Like","Protein Coding","Q9BX59","44","GC12P006451","4.77132177352905","https://www.genecards.org/cgi-bin/carddisp.pl?gene=TAPBPL"
"TOMM22","Translocase Of Outer Mitochondrial Membrane 22","Protein Coding","Q9NS69","47","GC22P038681","4.77083873748779","https://www.genecards.org/cgi-bin/carddisp.pl?gene=TOMM22"
"CEP43","Centrosomal Protein 43","Protein Coding","O95684","48","GC06P201664","4.76644420623779","https://www.genecards.org/cgi-bin/carddisp.pl?gene=CEP43"
"RNF180","Ring Finger Protein 180","Protein Coding","Q86T96","38","GC05P064165","4.76032829284668","https://www.genecards.org/cgi-bin/carddisp.pl?gene=RNF180"
"EVA1A","Eva-1 Homolog A, Regulator Of Programmed Cell Death","Protein Coding","Q9H8M9","43","GC02M075469","4.76020956039429","https://www.genecards.org/cgi-bin/carddisp.pl?gene=EVA1A"
"PPP2R2D","Protein Phosphatase 2 Regulatory Subunit Bdelta","Protein Coding","Q66LE6","44","GC10P131900","4.75886583328247","https://www.genecards.org/cgi-bin/carddisp.pl?gene=PPP2R2D"
"CMTM3","CKLF Like MARVEL Transmembrane Domain Containing 3","Protein Coding","Q96MX0","41","GC16P137574","4.75742769241333","https://www.genecards.org/cgi-bin/carddisp.pl?gene=CMTM3"
"MMP28","Matrix Metallopeptidase 28","Protein Coding","Q9H239","48","GC17M035756","4.75475740432739","https://www.genecards.org/cgi-bin/carddisp.pl?gene=MMP28"
"NINJ1","Ninjurin 1","Protein Coding","Q92982","51","GC09M093121","4.75190687179565","https://www.genecards.org/cgi-bin/carddisp.pl?gene=NINJ1"
"GINS4","GINS Complex Subunit 4","Protein Coding","Q9BRT9","44","GC08P041529","4.75044059753418","https://www.genecards.org/cgi-bin/carddisp.pl?gene=GINS4"
"MIR613","MicroRNA 613","RNA Gene","","14","GC12P085926","4.74899482727051","https://www.genecards.org/cgi-bin/carddisp.pl?gene=MIR613"
"TPH1","Tryptophan Hydroxylase 1","Protein Coding","P17752","58","GC11M018574","4.74816083908081","https://www.genecards.org/cgi-bin/carddisp.pl?gene=TPH1"
"DTX3","Deltex E3 Ubiquitin Ligase 3","Protein Coding","Q8N9I9","45","GC12P057604","4.74108266830444","https://www.genecards.org/cgi-bin/carddisp.pl?gene=DTX3"
"AURKAIP1","Aurora Kinase A Interacting Protein 1","Protein Coding","Q9NWT8","46","GC01M001373","4.72668027877808","https://www.genecards.org/cgi-bin/carddisp.pl?gene=AURKAIP1"
"VPS37A","VPS37A Subunit Of ESCRT-I","Protein Coding","Q8NEZ2","53","GC08P017246","4.72523069381714","https://www.genecards.org/cgi-bin/carddisp.pl?gene=VPS37A"
"MED18","Mediator Complex Subunit 18","Protein Coding","Q9BUE0","39","GC01P093434","4.72072505950928","https://www.genecards.org/cgi-bin/carddisp.pl?gene=MED18"
"ZNF516","Zinc Finger Protein 516","Protein Coding","Q92618","44","GC18M076357","4.71461868286133","https://www.genecards.org/cgi-bin/carddisp.pl?gene=ZNF516"
"MLEC","Malectin","Protein Coding","Q14165","47","GC12P120687","4.71297359466553","https://www.genecards.org/cgi-bin/carddisp.pl?gene=MLEC"
"DDRGK1","DDRGK Domain Containing 1","Protein Coding","Q96HY6","46","GC20M004553","4.7098536491394","https://www.genecards.org/cgi-bin/carddisp.pl?gene=DDRGK1"
"POLR2K","RNA Polymerase II, I And III Subunit K","Protein Coding","P53803","49","GC08P100150","4.70873975753784","https://www.genecards.org/cgi-bin/carddisp.pl?gene=POLR2K"
"KRT3","Keratin 3","Protein Coding","P12035","50","GC12M052789","4.70840406417847","https://www.genecards.org/cgi-bin/carddisp.pl?gene=KRT3"
"MIR520F","MicroRNA 520f","RNA Gene","","16","GC19P053682","4.7057580947876","https://www.genecards.org/cgi-bin/carddisp.pl?gene=MIR520F"
"SLC7A2","Solute Carrier Family 7 Member 2","Protein Coding","P52569","54","GC08P017497","4.6912727355957","https://www.genecards.org/cgi-bin/carddisp.pl?gene=SLC7A2"
"RNF187","Ring Finger Protein 187","Protein Coding","Q5TA31","40","GC01P228487","4.68803644180298","https://www.genecards.org/cgi-bin/carddisp.pl?gene=RNF187"
"CDCA7L","Cell Division Cycle Associated 7 Like","Protein Coding","Q96GN5","50","GC07M021900","4.68733835220337","https://www.genecards.org/cgi-bin/carddisp.pl?gene=CDCA7L"
"PARPBP","PARP1 Binding Protein","Protein Coding","Q9NWS1","36","GC12P102120","4.68430137634277","https://www.genecards.org/cgi-bin/carddisp.pl?gene=PARPBP"
"MIR320B2","MicroRNA 320b-2","RNA Gene","","21","GC01M224257","4.68362188339233","https://www.genecards.org/cgi-bin/carddisp.pl?gene=MIR320B2"
"ORMDL3","ORMDL Sphingolipid Biosynthesis Regulator 3","Protein Coding","Q8N138","49","GC17M039921","4.68327188491821","https://www.genecards.org/cgi-bin/carddisp.pl?gene=ORMDL3"
"CDKN2AIPNL","CDKN2A Interacting Protein N-Terminal Like","Protein Coding","Q96HQ2","37","GC05M134402","4.68199014663696","https://www.genecards.org/cgi-bin/carddisp.pl?gene=CDKN2AIPNL"
"ECPAS","Ecm29 Proteasome Adaptor And Scaffold","Protein Coding","Q5VYK3","43","GC09M133933","4.67924165725708","https://www.genecards.org/cgi-bin/carddisp.pl?gene=ECPAS"
"MIR320D2","MicroRNA 320d-2","RNA Gene","","19","GC0XM140926","4.67750358581543","https://www.genecards.org/cgi-bin/carddisp.pl?gene=MIR320D2"
"SDE2","Spliceosome Associated SDE2","Protein Coding","Q6IQ49","39","GC01M225982","4.67736577987671","https://www.genecards.org/cgi-bin/carddisp.pl?gene=SDE2"
"ATP5IF1","ATP Synthase Inhibitory Factor Subunit 1","Protein Coding","Q9UII2","47","GC01P093429","4.6768012046814","https://www.genecards.org/cgi-bin/carddisp.pl?gene=ATP5IF1"
"RCAN3","RCAN Family Member 3","Protein Coding","Q9UKA8","48","GC01P024502","4.67672300338745","https://www.genecards.org/cgi-bin/carddisp.pl?gene=RCAN3"
"RHOV","Ras Homolog Family Member V","Protein Coding","Q96L33","39","GC15M040872","4.66734552383423","https://www.genecards.org/cgi-bin/carddisp.pl?gene=RHOV"
"ISY1","ISY1 Spliceosome Associated Protein","Protein Coding","Q9ULR0","39","GC03M129127","4.66385507583618","https://www.genecards.org/cgi-bin/carddisp.pl?gene=ISY1"
"SLC6A8","Solute Carrier Family 6 Member 8","Protein Coding","P48029","58","GC0XP155446","4.66338109970093","https://www.genecards.org/cgi-bin/carddisp.pl?gene=SLC6A8"
"TFIP11","Tuftelin Interacting Protein 11","Protein Coding","Q9UBB9","45","GC22M090463","4.65957498550415","https://www.genecards.org/cgi-bin/carddisp.pl?gene=TFIP11"
"POLE3","DNA Polymerase Epsilon 3, Accessory Subunit","Protein Coding","Q9NRF9","51","GC09M113407","4.65512895584106","https://www.genecards.org/cgi-bin/carddisp.pl?gene=POLE3"
"MIR320C2","MicroRNA 320c-2","RNA Gene","","19","GC18P024321","4.6518292427063","https://www.genecards.org/cgi-bin/carddisp.pl?gene=MIR320C2"
"GTF3C1","General Transcription Factor IIIC Subunit 1","Protein Coding","Q12789","47","GC16M056072","4.64915609359741","https://www.genecards.org/cgi-bin/carddisp.pl?gene=GTF3C1"
"RNF208","Ring Finger Protein 208","Protein Coding","Q9H0X6","37","GC09M137220","4.64635419845581","https://www.genecards.org/cgi-bin/carddisp.pl?gene=RNF208"
"TYW1","TRNA-YW Synthesizing Protein 1 Homolog","Protein Coding","Q9NV66","47","GC07P066995","4.64270305633545","https://www.genecards.org/cgi-bin/carddisp.pl?gene=TYW1"
"POLD4","DNA Polymerase Delta 4, Accessory Subunit","Protein Coding","Q9HCU8","44","GC11M067350","4.63833093643188","https://www.genecards.org/cgi-bin/carddisp.pl?gene=POLD4"
"TAF2","TATA-Box Binding Protein Associated Factor 2","Protein Coding","Q6P1X5","51","GC08M119730","4.63703203201294","https://www.genecards.org/cgi-bin/carddisp.pl?gene=TAF2"
"UCMA","Upper Zone Of Growth Plate And Cartilage Matrix Associated","Protein Coding","Q8WVF2","43","GC10M013222","4.63581943511963","https://www.genecards.org/cgi-bin/carddisp.pl?gene=UCMA"
"PHF3","PHD Finger Protein 3","Protein Coding","Q92576","47","GC06P063635","4.63469982147217","https://www.genecards.org/cgi-bin/carddisp.pl?gene=PHF3"
"MIR320D1","MicroRNA 320d-1","RNA Gene","","20","GC13M044083","4.6273717880249","https://www.genecards.org/cgi-bin/carddisp.pl?gene=MIR320D1"
"LOC102724594","U2 Small Nuclear RNA Auxiliary Factor 1 Like 5","Protein Coding","","9","GC21M006484","4.62216234207153","https://www.genecards.org/cgi-bin/carddisp.pl?gene=LOC102724594"
"WDR76","WD Repeat Domain 76","Protein Coding","Q9H967","42","GC15P210477","4.62016344070435","https://www.genecards.org/cgi-bin/carddisp.pl?gene=WDR76"
"PLCL2","Phospholipase C Like 2","Protein Coding","Q9UPR0","47","GC03P030456","4.61858987808228","https://www.genecards.org/cgi-bin/carddisp.pl?gene=PLCL2"
"CLN3","CLN3 Lysosomal/Endosomal Transmembrane Protein, Battenin","Protein Coding","Q13286","55","GC16M028466","4.61794090270996","https://www.genecards.org/cgi-bin/carddisp.pl?gene=CLN3"
"BLVRA","Biliverdin Reductase A","Protein Coding","P53004","56","GC07P043758","4.61706352233887","https://www.genecards.org/cgi-bin/carddisp.pl?gene=BLVRA"
"MEGF11","Multiple EGF Like Domains 11","Protein Coding","A6BM72","45","GC15M065895","4.61557674407959","https://www.genecards.org/cgi-bin/carddisp.pl?gene=MEGF11"
"MIR936","MicroRNA 936","RNA Gene","","24","GC10M104048","4.6108226776123","https://www.genecards.org/cgi-bin/carddisp.pl?gene=MIR936"
"KRT72","Keratin 72","Protein Coding","Q14CN4","44","GC12M052585","4.60633993148804","https://www.genecards.org/cgi-bin/carddisp.pl?gene=KRT72"
"MIR577","MicroRNA 577","RNA Gene","","23","GC04P114656","4.6001410484314","https://www.genecards.org/cgi-bin/carddisp.pl?gene=MIR577"
"MINK1","Misshapen Like Kinase 1","Protein Coding","Q8N4C8","53","GC17P004833","4.59902334213257","https://www.genecards.org/cgi-bin/carddisp.pl?gene=MINK1"
"FBXL14","F-Box And Leucine Rich Repeat Protein 14","Protein Coding","Q8N1E6","39","GC12M001606","4.59456157684326","https://www.genecards.org/cgi-bin/carddisp.pl?gene=FBXL14"
"MESD","Mesoderm Development LRP Chaperone","Protein Coding","Q14696","49","GC15M170488","4.58944368362427","https://www.genecards.org/cgi-bin/carddisp.pl?gene=MESD"
"REEP6","Receptor Accessory Protein 6","Protein Coding","Q96HR9","48","GC19P001491","4.58331727981567","https://www.genecards.org/cgi-bin/carddisp.pl?gene=REEP6"
"NME7","NME/NM23 Family Member 7","Protein Coding","Q9Y5B8","51","GC01M170132","4.57293939590454","https://www.genecards.org/cgi-bin/carddisp.pl?gene=NME7"
"ARF5","ARF GTPase 5","Protein Coding","P84085","51","GC07P127588","4.56690216064453","https://www.genecards.org/cgi-bin/carddisp.pl?gene=ARF5"
"BICD2","BICD Cargo Adaptor 2","Protein Coding","Q8TD16","52","GC09M092711","4.55767440795898","https://www.genecards.org/cgi-bin/carddisp.pl?gene=BICD2"
"PWAR6","Prader Willi/Angelman Region RNA 6","RNA Gene","","19","GC15P025031","4.55727100372314","https://www.genecards.org/cgi-bin/carddisp.pl?gene=PWAR6"
"BROX","BRO1 Domain And CAAX Motif Containing","Protein Coding","Q5VW32","39","GC01P222712","4.55540084838867","https://www.genecards.org/cgi-bin/carddisp.pl?gene=BROX"
"KRT74","Keratin 74","Protein Coding","Q7RTS7","47","GC12M052565","4.55460739135742","https://www.genecards.org/cgi-bin/carddisp.pl?gene=KRT74"
"PCDH1","Protocadherin 1","Protein Coding","Q08174","48","GC05M141853","4.55021524429321","https://www.genecards.org/cgi-bin/carddisp.pl?gene=PCDH1"
"SIGLEC9","Sialic Acid Binding Ig Like Lectin 9","Protein Coding","Q9Y336","46","GC19P172071","4.54878091812134","https://www.genecards.org/cgi-bin/carddisp.pl?gene=SIGLEC9"
"RETSAT","Retinol Saturase","Protein Coding","Q6NUM9","44","GC02M085344","4.54445886611938","https://www.genecards.org/cgi-bin/carddisp.pl?gene=RETSAT"
"ANXA2P2","Annexin A2 Pseudogene 2","Pseudogene","A6NMY6","30","GC09P085470","4.53425550460815","https://www.genecards.org/cgi-bin/carddisp.pl?gene=ANXA2P2"
"MRPL13","Mitochondrial Ribosomal Protein L13","Protein Coding","Q9BYD1","41","GC08M120377","4.52977705001831","https://www.genecards.org/cgi-bin/carddisp.pl?gene=MRPL13"
"MED11","Mediator Complex Subunit 11","Protein Coding","Q9P086","42","GC17P004731","4.52822256088257","https://www.genecards.org/cgi-bin/carddisp.pl?gene=MED11"
"AARSD1","Alanyl-TRNA Synthetase Domain Containing 1","Protein Coding","Q9BTE6","42","GC17M104783","4.52809000015259","https://www.genecards.org/cgi-bin/carddisp.pl?gene=AARSD1"
"ATP5MK","ATP Synthase Membrane Subunit K","Protein Coding","Q96IX5","45","GC10M103415","4.52117824554443","https://www.genecards.org/cgi-bin/carddisp.pl?gene=ATP5MK"
"LSM12","LSM12 Homolog","Protein Coding","Q3MHD2","43","GC17M044034","4.51134920120239","https://www.genecards.org/cgi-bin/carddisp.pl?gene=LSM12"
"CD300C","CD300c Molecule","Protein Coding","Q08708","48","GC17M105558","4.5056095123291","https://www.genecards.org/cgi-bin/carddisp.pl?gene=CD300C"
"MTFR1L","Mitochondrial Fission Regulator 1 Like","Protein Coding","Q9H019","41","GC01P092885","4.49996042251587","https://www.genecards.org/cgi-bin/carddisp.pl?gene=MTFR1L"
"NCS1","Neuronal Calcium Sensor 1","Protein Coding","P62166","55","GC09P130172","4.49621248245239","https://www.genecards.org/cgi-bin/carddisp.pl?gene=NCS1"
"SNORD47","Small Nucleolar RNA, C/D Box 47","RNA Gene","","17","GC01M175249","4.49053955078125","https://www.genecards.org/cgi-bin/carddisp.pl?gene=SNORD47"
"FBXL16","F-Box And Leucine Rich Repeat Protein 16","Protein Coding","Q8N461","41","GC16M055074","4.47946357727051","https://www.genecards.org/cgi-bin/carddisp.pl?gene=FBXL16"
"RAB3D","RAB3D, Member RAS Oncogene Family","Protein Coding","O95716","47","GC19M011322","4.47925519943237","https://www.genecards.org/cgi-bin/carddisp.pl?gene=RAB3D"
"MARCHF2","Membrane Associated Ring-CH-Type Finger 2","Protein Coding","Q9P0N8","37","GC19P170823","4.47734975814819","https://www.genecards.org/cgi-bin/carddisp.pl?gene=MARCHF2"
"MCMBP","Minichromosome Maintenance Complex Binding Protein","Protein Coding","Q9BTE3","40","GC10M119829","4.45790100097656","https://www.genecards.org/cgi-bin/carddisp.pl?gene=MCMBP"
"CELF6","CUGBP Elav-Like Family Member 6","Protein Coding","Q96J87","43","GC15M170246","4.4561939239502","https://www.genecards.org/cgi-bin/carddisp.pl?gene=CELF6"
"COMMD3","COMM Domain Containing 3","Protein Coding","Q9UBI1","42","GC10P022315","4.45203065872192","https://www.genecards.org/cgi-bin/carddisp.pl?gene=COMMD3"
"COPE","Coat Protein Complex I Subunit Epsilon","Protein Coding","O14579","52","GC19M018899","4.44333696365356","https://www.genecards.org/cgi-bin/carddisp.pl?gene=COPE"
"SLC27A1","Solute Carrier Family 27 Member 1","Protein Coding","Q6PCB7","51","GC19P171216","4.44198656082153","https://www.genecards.org/cgi-bin/carddisp.pl?gene=SLC27A1"
"GTF2F2","General Transcription Factor IIF Subunit 2","Protein Coding","P13984","47","GC13P045120","4.44069051742554","https://www.genecards.org/cgi-bin/carddisp.pl?gene=GTF2F2"
"SMYD5","SMYD Family Member 5","Protein Coding","Q6GMV2","41","GC02P073214","4.43849229812622","https://www.genecards.org/cgi-bin/carddisp.pl?gene=SMYD5"
"MIR4485","MicroRNA 4485","RNA Gene","","14","GC11M016940","4.43194007873535","https://www.genecards.org/cgi-bin/carddisp.pl?gene=MIR4485"
"ZNF460","Zinc Finger Protein 460","Protein Coding","Q14592","41","GC19P057279","4.42235469818115","https://www.genecards.org/cgi-bin/carddisp.pl?gene=ZNF460"
"ART3","ADP-Ribosyltransferase 3 (Inactive)","Protein Coding","Q13508","51","GC04P076011","4.40654420852661","https://www.genecards.org/cgi-bin/carddisp.pl?gene=ART3"
"IDI1","Isopentenyl-Diphosphate Delta Isomerase 1","Protein Coding","Q13907","53","GC10M001039","4.40619707107544","https://www.genecards.org/cgi-bin/carddisp.pl?gene=IDI1"
"RNU1-1","RNA, U1 Small Nuclear 1","RNA Gene","","17","GC01M016514","4.40281963348389","https://www.genecards.org/cgi-bin/carddisp.pl?gene=RNU1-1"
"PLIN4","Perilipin 4","Protein Coding","Q96Q06","48","GC19M115438","4.40168857574463","https://www.genecards.org/cgi-bin/carddisp.pl?gene=PLIN4"
"CDC14B","Cell Division Cycle 14B","Protein Coding","O60729","44","GC09M096490","4.40160703659058","https://www.genecards.org/cgi-bin/carddisp.pl?gene=CDC14B"
"CHMP3","Charged Multivesicular Body Protein 3","Protein Coding","Q9Y3E7","50","GC02M086505","4.40015363693237","https://www.genecards.org/cgi-bin/carddisp.pl?gene=CHMP3"
"UBAC1","UBA Domain Containing 1","Protein Coding","Q9BSL1","47","GC09M135932","4.38488292694092","https://www.genecards.org/cgi-bin/carddisp.pl?gene=UBAC1"
"FCER1A","Fc Epsilon Receptor Ia","Protein Coding","P12319","53","GC01P159283","4.38319253921509","https://www.genecards.org/cgi-bin/carddisp.pl?gene=FCER1A"
"RABGAP1","RAB GTPase Activating Protein 1","Protein Coding","Q9Y3P9","45","GC09P160540","4.36316251754761","https://www.genecards.org/cgi-bin/carddisp.pl?gene=RABGAP1"
"KRT71","Keratin 71","Protein Coding","Q3SY84","48","GC12M052543","4.36149930953979","https://www.genecards.org/cgi-bin/carddisp.pl?gene=KRT71"
"KAZN-AS1","KAZN Antisense RNA 1","RNA Gene","","14","GC01M040814","4.33939456939697","https://www.genecards.org/cgi-bin/carddisp.pl?gene=KAZN-AS1"
"HOXD8","Homeobox D8","Protein Coding","P13378","48","GC02P176129","4.33676338195801","https://www.genecards.org/cgi-bin/carddisp.pl?gene=HOXD8"
"TRN-GTT2-7","TRNA-Asn (Anticodon GTT) 2-7","RNA Gene","","10","GC01P186572","4.33329629898071","https://www.genecards.org/cgi-bin/carddisp.pl?gene=TRN-GTT2-7"
"KIFBP","Kinesin Family Binding Protein","Protein Coding","Q96EK5","49","GC10P068993","4.32928562164307","https://www.genecards.org/cgi-bin/carddisp.pl?gene=KIFBP"
"FAM50B","Family With Sequence Similarity 50 Member B","Protein Coding","Q9Y247","42","GC06P020628","4.32799386978149","https://www.genecards.org/cgi-bin/carddisp.pl?gene=FAM50B"
"NAAA","N-Acylethanolamine Acid Amidase","Protein Coding","Q02083","56","GC04M075910","4.32298135757446","https://www.genecards.org/cgi-bin/carddisp.pl?gene=NAAA"
"NOSIP","Nitric Oxide Synthase Interacting Protein","Protein Coding","Q9Y314","48","GC19M049555","4.3203558921814","https://www.genecards.org/cgi-bin/carddisp.pl?gene=NOSIP"
"CSTF2","Cleavage Stimulation Factor Subunit 2","Protein Coding","P33240","48","GC0XP100820","4.31199312210083","https://www.genecards.org/cgi-bin/carddisp.pl?gene=CSTF2"
"TCEAL4","Transcription Elongation Factor A Like 4","Protein Coding","Q96EI5","42","GC0XP103576","4.30351686477661","https://www.genecards.org/cgi-bin/carddisp.pl?gene=TCEAL4"
"GNPDA1","Glucosamine-6-Phosphate Deaminase 1","Protein Coding","P46926","46","GC05M141991","4.29944753646851","https://www.genecards.org/cgi-bin/carddisp.pl?gene=GNPDA1"
"POLR2I","RNA Polymerase II Subunit I","Protein Coding","P36954","47","GC19M036113","4.29872465133667","https://www.genecards.org/cgi-bin/carddisp.pl?gene=POLR2I"
"RGS20","Regulator Of G Protein Signaling 20","Protein Coding","O76081","50","GC08P053851","4.29826402664185","https://www.genecards.org/cgi-bin/carddisp.pl?gene=RGS20"
"CRNKL1","Crooked Neck Pre-MRNA Splicing Factor 1","Protein Coding","Q9BZJ0","41","GC20M020034","4.29673051834106","https://www.genecards.org/cgi-bin/carddisp.pl?gene=CRNKL1"
"POTEJ","POTE Ankyrin Domain Family Member J","Protein Coding","P0CG39","33","GC02P130611","4.29365587234497","https://www.genecards.org/cgi-bin/carddisp.pl?gene=POTEJ"
"PHPT1","Phosphohistidine Phosphatase 1","Protein Coding","Q9NRX4","47","GC09P136848","4.28699541091919","https://www.genecards.org/cgi-bin/carddisp.pl?gene=PHPT1"
"UBR7","Ubiquitin Protein Ligase E3 Component N-Recognin 7","Protein Coding","Q8N806","47","GC14P093207","4.28498792648315","https://www.genecards.org/cgi-bin/carddisp.pl?gene=UBR7"
"CRYBB2","Crystallin Beta B2","Protein Coding","P43320","50","GC22P102266","4.28377676010132","https://www.genecards.org/cgi-bin/carddisp.pl?gene=CRYBB2"
"MIR4284","MicroRNA 4284","RNA Gene","","19","GC07P073711","4.2829384803772","https://www.genecards.org/cgi-bin/carddisp.pl?gene=MIR4284"
"NGLY1","N-Glycanase 1","Protein Coding","Q96IV0","54","GC03M025718","4.27974033355713","https://www.genecards.org/cgi-bin/carddisp.pl?gene=NGLY1"
"PSME3IP1","Proteasome Activator Subunit 3 Interacting Protein 1","Protein Coding","Q9GZU8","40","GC16M058795","4.27599048614502","https://www.genecards.org/cgi-bin/carddisp.pl?gene=PSME3IP1"
"SMAGP","Small Cell Adhesion Glycoprotein","Protein Coding","Q0VAQ4","39","GC12M051244","4.27319240570068","https://www.genecards.org/cgi-bin/carddisp.pl?gene=SMAGP"
"PDSS1","Decaprenyl Diphosphate Synthase Subunit 1","Protein Coding","Q5T2R2","54","GC10P026697","4.27038860321045","https://www.genecards.org/cgi-bin/carddisp.pl?gene=PDSS1"
"UBA6","Ubiquitin Like Modifier Activating Enzyme 6","Protein Coding","A0AVT1","49","GC04M067612","4.26859903335571","https://www.genecards.org/cgi-bin/carddisp.pl?gene=UBA6"
"MIR300","MicroRNA 300","RNA Gene","","17","GC14P123637","4.26651239395142","https://www.genecards.org/cgi-bin/carddisp.pl?gene=MIR300"
"SLC38A5","Solute Carrier Family 38 Member 5","Protein Coding","Q8WUX1","46","GC0XM048458","4.26450729370117","https://www.genecards.org/cgi-bin/carddisp.pl?gene=SLC38A5"
"MIDEAS-AS1","MIDEAS Antisense RNA 1","RNA Gene","","13","GC14P073786","4.25800371170044","https://www.genecards.org/cgi-bin/carddisp.pl?gene=MIDEAS-AS1"
"ENY2","ENY2 Transcription And Export Complex 2 Subunit","Protein Coding","Q9NPA8","42","GC08P109334","4.25613069534302","https://www.genecards.org/cgi-bin/carddisp.pl?gene=ENY2"
"CMAS","Cytidine Monophosphate N-Acetylneuraminic Acid Synthetase","Protein Coding","Q8NFW8","47","GC12P022046","4.25494623184204","https://www.genecards.org/cgi-bin/carddisp.pl?gene=CMAS"
"AHCYL2","Adenosylhomocysteinase Like 2","Protein Coding","Q96HN2","47","GC07P129225","4.25479984283447","https://www.genecards.org/cgi-bin/carddisp.pl?gene=AHCYL2"
"PNPLA8","Patatin Like Domain 8, Phospholipase A2 ","Protein Coding","Q9NP80","54","GC07M108470","4.25413942337036","https://www.genecards.org/cgi-bin/carddisp.pl?gene=PNPLA8"
"SLU7","Spliceosome Associated SLU7","Protein Coding","O95391","44","GC05M160401","4.25134181976318","https://www.genecards.org/cgi-bin/carddisp.pl?gene=SLU7"
"HBS1L","HBS1 Like Translational GTPase","Protein Coding","Q9Y450","52","GC06M134960","4.24870014190674","https://www.genecards.org/cgi-bin/carddisp.pl?gene=HBS1L"
"ETHE1","ETHE1 Persulfide Dioxygenase","Protein Coding","O95571","55","GC19M043506","4.24681949615479","https://www.genecards.org/cgi-bin/carddisp.pl?gene=ETHE1"
"USP29","Ubiquitin Specific Peptidase 29","Protein Coding","Q9HBJ7","47","GC19P057119","4.24054384231567","https://www.genecards.org/cgi-bin/carddisp.pl?gene=USP29"
"MIR3182","MicroRNA 3182","RNA Gene","","15","GC16P083508","4.23893022537231","https://www.genecards.org/cgi-bin/carddisp.pl?gene=MIR3182"
"MIR642B","MicroRNA 642b","RNA Gene","","17","GC19M045674","4.23818922042847","https://www.genecards.org/cgi-bin/carddisp.pl?gene=MIR642B"
"EIF3J","Eukaryotic Translation Initiation Factor 3 Subunit J","Protein Coding","O75822","44","GC15P044537","4.23083305358887","https://www.genecards.org/cgi-bin/carddisp.pl?gene=EIF3J"
"GDE1","Glycerophosphodiester Phosphodiesterase 1","Protein Coding","Q9NZC3","45","GC16M055830","4.22355604171753","https://www.genecards.org/cgi-bin/carddisp.pl?gene=GDE1"
"ZNF213","Zinc Finger Protein 213","Protein Coding","O14771","42","GC16P135976","4.22284317016602","https://www.genecards.org/cgi-bin/carddisp.pl?gene=ZNF213"
"PIGC","Phosphatidylinositol Glycan Anchor Biosynthesis Class C","Protein Coding","Q92535","49","GC01M172339","4.22166156768799","https://www.genecards.org/cgi-bin/carddisp.pl?gene=PIGC"
"LBH","LBH Regulator Of Wnt Signaling Pathway","Protein Coding","Q53QV2","41","GC02P030231","4.21980762481689","https://www.genecards.org/cgi-bin/carddisp.pl?gene=LBH"
"MIR4324","MicroRNA 4324","RNA Gene","","14","GC19M049308","4.21708583831787","https://www.genecards.org/cgi-bin/carddisp.pl?gene=MIR4324"
"SRPX","Sushi Repeat Containing Protein X-Linked","Protein Coding","P78539","47","GC0XM038149","4.21330451965332","https://www.genecards.org/cgi-bin/carddisp.pl?gene=SRPX"
"MIR653","MicroRNA 653","RNA Gene","","22","GC07M093482","4.2116436958313","https://www.genecards.org/cgi-bin/carddisp.pl?gene=MIR653"
"TRIM45","Tripartite Motif Containing 45","Protein Coding","Q9H8W5","39","GC01M117111","4.20881795883179","https://www.genecards.org/cgi-bin/carddisp.pl?gene=TRIM45"
"RSKR","Ribosomal Protein S6 Kinase Related","Protein Coding","Q96LW2","37","GC17M107071","4.20402193069458","https://www.genecards.org/cgi-bin/carddisp.pl?gene=RSKR"
"NOMO1","NODAL Modulator 1","Protein Coding","Q15155","44","GC16P136203","4.20317411422729","https://www.genecards.org/cgi-bin/carddisp.pl?gene=NOMO1"
"ATP8A1","ATPase Phospholipid Transporting 8A1","Protein Coding","Q9Y2Q0","52","GC04M042410","4.19750452041626","https://www.genecards.org/cgi-bin/carddisp.pl?gene=ATP8A1"
"MIR1976","MicroRNA 1976","RNA Gene","","20","GC01P026554","4.19746875762939","https://www.genecards.org/cgi-bin/carddisp.pl?gene=MIR1976"
"PLBD2","Phospholipase B Domain Containing 2","Protein Coding","Q8NHP8","42","GC12P113358","4.19243478775024","https://www.genecards.org/cgi-bin/carddisp.pl?gene=PLBD2"
"NANS","N-Acetylneuraminate Synthase","Protein Coding","Q9NR45","53","GC09P098056","4.19056224822998","https://www.genecards.org/cgi-bin/carddisp.pl?gene=NANS"
"POTEI","POTE Ankyrin Domain Family Member I","Protein Coding","P0CG38","35","GC02M130459","4.18932485580444","https://www.genecards.org/cgi-bin/carddisp.pl?gene=POTEI"
"RTF1","RTF1 Homolog, Paf1/RNA Polymerase II Complex Component","Protein Coding","Q92541","46","GC15P210419","4.18545866012573","https://www.genecards.org/cgi-bin/carddisp.pl?gene=RTF1"
"MIR3651","MicroRNA 3651","RNA Gene","","21","GC09M092292","4.17795419692993","https://www.genecards.org/cgi-bin/carddisp.pl?gene=MIR3651"
"PRR15","Proline Rich 15","Protein Coding","Q8IV56","39","GC07P029563","4.16782760620117","https://www.genecards.org/cgi-bin/carddisp.pl?gene=PRR15"
"PNMA1","PNMA Family Member 1","Protein Coding","Q8ND90","39","GC14M074240","4.16543197631836","https://www.genecards.org/cgi-bin/carddisp.pl?gene=PNMA1"
"MIR1184-1","MicroRNA 1184-1","RNA Gene","","14","GC0XM154887","4.16463947296143","https://www.genecards.org/cgi-bin/carddisp.pl?gene=MIR1184-1"
"MED29","Mediator Complex Subunit 29","Protein Coding","Q9NX70","42","GC19P171607","4.16304349899292","https://www.genecards.org/cgi-bin/carddisp.pl?gene=MED29"
"SCARF1","Scavenger Receptor Class F Member 1","Protein Coding","Q14162","49","GC17M103460","4.16244316101074","https://www.genecards.org/cgi-bin/carddisp.pl?gene=SCARF1"
"CFDP1","Craniofacial Development Protein 1","Protein Coding","Q9UEE9","45","GC16M076750","4.15325880050659","https://www.genecards.org/cgi-bin/carddisp.pl?gene=CFDP1"
"MIR365B","MicroRNA 365b","RNA Gene","","16","GC17P175172","4.15211868286133","https://www.genecards.org/cgi-bin/carddisp.pl?gene=MIR365B"
"TAF3","TATA-Box Binding Protein Associated Factor 3","Protein Coding","Q5VWG9","47","GC10P007860","4.14532613754272","https://www.genecards.org/cgi-bin/carddisp.pl?gene=TAF3"
"HBD","Hemoglobin Subunit Delta","Protein Coding","P02042","52","GC11M005232","4.14337587356567","https://www.genecards.org/cgi-bin/carddisp.pl?gene=HBD"
"YOD1","YOD1 Deubiquitinase","Protein Coding","Q5VVQ6","41","GC01M207044","4.13956689834595","https://www.genecards.org/cgi-bin/carddisp.pl?gene=YOD1"
"MIR329-2","MicroRNA 329-2","RNA Gene","","16","GC14P123641","4.13842916488647","https://www.genecards.org/cgi-bin/carddisp.pl?gene=MIR329-2"
"TXNL1","Thioredoxin Like 1","Protein Coding","O43396","50","GC18M056597","4.13306760787964","https://www.genecards.org/cgi-bin/carddisp.pl?gene=TXNL1"
"ZIC3","Zic Family Zinc Finger 3","Protein Coding","O60481","57","GC0XP137566","4.13028144836426","https://www.genecards.org/cgi-bin/carddisp.pl?gene=ZIC3"
"EDF1","Endothelial Differentiation Related Factor 1","Protein Coding","O60869","47","GC09M136862","4.12491750717163","https://www.genecards.org/cgi-bin/carddisp.pl?gene=EDF1"
"DCUN1D5","Defective In Cullin Neddylation 1 Domain Containing 5","Protein Coding","Q9BTE7","38","GC11M146800","4.11792230606079","https://www.genecards.org/cgi-bin/carddisp.pl?gene=DCUN1D5"
"RASSF1-AS1","RASSF1 Antisense RNA 1","RNA Gene","","17","GC03P050337","4.10916900634766","https://www.genecards.org/cgi-bin/carddisp.pl?gene=RASSF1-AS1"
"MIR664B","MicroRNA 664b","RNA Gene","","17","GC0XP154768","4.09080028533936","https://www.genecards.org/cgi-bin/carddisp.pl?gene=MIR664B"
"ENSG00000243902","Extracellular Leucine Rich Repeat And Fibronectin Type III Domain Containing 2","RNA Gene","","12","GC22M090741","4.08987092971802","https://www.genecards.org/cgi-bin/carddisp.pl?gene=ENSG00000243902"
"MIR2110","MicroRNA 2110","RNA Gene","","16","GC10M114174","4.08668088912964","https://www.genecards.org/cgi-bin/carddisp.pl?gene=MIR2110"
"GTF2E1","General Transcription Factor IIE Subunit 1","Protein Coding","P29083","48","GC03P120880","4.06388330459595","https://www.genecards.org/cgi-bin/carddisp.pl?gene=GTF2E1"
"TMED9","Transmembrane P24 Trafficking Protein 9","Protein Coding","Q9BVK6","42","GC05P192161","4.05697917938232","https://www.genecards.org/cgi-bin/carddisp.pl?gene=TMED9"
"MIR4665","MicroRNA 4665","RNA Gene","","15","GC09P011264","4.05597639083862","https://www.genecards.org/cgi-bin/carddisp.pl?gene=MIR4665"
"RSPO4","R-Spondin 4","Protein Coding","Q2I0M5","45","GC20M000958","4.05058193206787","https://www.genecards.org/cgi-bin/carddisp.pl?gene=RSPO4"
"QSER1","Glutamine And Serine Rich 1","Protein Coding","Q2KHR3","36","GC11P032892","4.04968786239624","https://www.genecards.org/cgi-bin/carddisp.pl?gene=QSER1"
"IFI35","Interferon Induced Protein 35","Protein Coding","P80217","47","GC17P043006","4.04883241653442","https://www.genecards.org/cgi-bin/carddisp.pl?gene=IFI35"
"RABEP2","Rabaptin, RAB GTPase Binding Effector Protein 2","Protein Coding","Q9H5N1","45","GC16M056221","4.04496479034424","https://www.genecards.org/cgi-bin/carddisp.pl?gene=RABEP2"
"BNIP2","BCL2 Interacting Protein 2","Protein Coding","Q12982","48","GC15M059659","4.03663110733032","https://www.genecards.org/cgi-bin/carddisp.pl?gene=BNIP2"
"ZNF334","Zinc Finger Protein 334","Protein Coding","Q9HCZ1","45","GC20M046462","4.02439546585083","https://www.genecards.org/cgi-bin/carddisp.pl?gene=ZNF334"
"CYP20A1","Cytochrome P450 Family 20 Subfamily A Member 1","Protein Coding","Q6UW02","45","GC02P203238","4.00961637496948","https://www.genecards.org/cgi-bin/carddisp.pl?gene=CYP20A1"
"MIR4734","MicroRNA 4734","RNA Gene","","15","GC17M038702","4.00953102111816","https://www.genecards.org/cgi-bin/carddisp.pl?gene=MIR4734"
"CNGB3","Cyclic Nucleotide Gated Channel Subunit Beta 3","Protein Coding","Q9NQW8","51","GC08M086553","4.00334978103638","https://www.genecards.org/cgi-bin/carddisp.pl?gene=CNGB3"
"IWS1","Interacts With SUPT6H, CTD Assembly Factor 1","Protein Coding","Q96ST2","41","GC02M127436","3.9985466003418","https://www.genecards.org/cgi-bin/carddisp.pl?gene=IWS1"
"SUPT20H","SPT20 Homolog, SAGA Complex Component","Protein Coding","Q8NEM7","49","GC13M037009","3.99352097511292","https://www.genecards.org/cgi-bin/carddisp.pl?gene=SUPT20H"
"POP7","POP7 Ribonuclease P/MRP Subunit","Protein Coding","O75817","42","GC07P115630","3.99196672439575","https://www.genecards.org/cgi-bin/carddisp.pl?gene=POP7"
"RNF123","Ring Finger Protein 123","Protein Coding","Q5XPI4","47","GC03P069269","3.99027013778687","https://www.genecards.org/cgi-bin/carddisp.pl?gene=RNF123"
"PAPPA-AS1","PAPPA Antisense RNA 1","RNA Gene","Q5QFB9","27","GC09M116398","3.98012661933899","https://www.genecards.org/cgi-bin/carddisp.pl?gene=PAPPA-AS1"
"MIS18BP1","MIS18 Binding Protein 1","Protein Coding","Q6P0N0","37","GC14M045203","3.97035837173462","https://www.genecards.org/cgi-bin/carddisp.pl?gene=MIS18BP1"
"NPM3","Nucleophosmin/Nucleoplasmin 3","Protein Coding","O75607","44","GC10M101781","3.96595335006714","https://www.genecards.org/cgi-bin/carddisp.pl?gene=NPM3"
"GJC3","Gap Junction Protein Gamma 3","Protein Coding","Q8NFK1","50","GC07M099923","3.96580839157104","https://www.genecards.org/cgi-bin/carddisp.pl?gene=GJC3"
"PEAR1","Platelet Endothelial Aggregation Receptor 1","Protein Coding","Q5VY43","46","GC01P156893","3.96371722221375","https://www.genecards.org/cgi-bin/carddisp.pl?gene=PEAR1"
"IL12B-AS1","IL12B Antisense RNA 1","RNA Gene","","13","GC05P163157","3.95928478240967","https://www.genecards.org/cgi-bin/carddisp.pl?gene=IL12B-AS1"
"MT-TP","Mitochondrially Encoded TRNA-Pro (CCN)","RNA Gene","","19","GCMTM015957","3.94224405288696","https://www.genecards.org/cgi-bin/carddisp.pl?gene=MT-TP"
"VPS29","VPS29 Retromer Complex Component","Protein Coding","Q9UBQ0","52","GC12M110491","3.94127655029297","https://www.genecards.org/cgi-bin/carddisp.pl?gene=VPS29"
"MRPS35","Mitochondrial Ribosomal Protein S35","Protein Coding","P82673","42","GC12P027710","3.93445873260498","https://www.genecards.org/cgi-bin/carddisp.pl?gene=MRPS35"
"MIR1231","MicroRNA 1231","RNA Gene","","19","GC01P201808","3.93363761901855","https://www.genecards.org/cgi-bin/carddisp.pl?gene=MIR1231"
"MIR4466","MicroRNA 4466","RNA Gene","","16","GC06M156779","3.92892289161682","https://www.genecards.org/cgi-bin/carddisp.pl?gene=MIR4466"
"POMP","Proteasome Maturation Protein","Protein Coding","Q9Y244","51","GC13P028659","3.91936039924622","https://www.genecards.org/cgi-bin/carddisp.pl?gene=POMP"
"NEUROG2","Neurogenin 2","Protein Coding","Q9H2A3","51","GC04M112513","3.90352177619934","https://www.genecards.org/cgi-bin/carddisp.pl?gene=NEUROG2"
"DHRS13","Dehydrogenase/Reductase 13","Protein Coding","Q6UX07","38","GC17M028897","3.90327501296997","https://www.genecards.org/cgi-bin/carddisp.pl?gene=DHRS13"
"MIR3662","MicroRNA 3662","RNA Gene","","14","GC06M134979","3.90255284309387","https://www.genecards.org/cgi-bin/carddisp.pl?gene=MIR3662"
"MIR3614","MicroRNA 3614","RNA Gene","","19","GC17M056891","3.89724707603455","https://www.genecards.org/cgi-bin/carddisp.pl?gene=MIR3614"
"ATP5MF-PTCD1","ATP5MF-PTCD1 Readthrough","Protein Coding","","29","GC07M107325","3.89613914489746","https://www.genecards.org/cgi-bin/carddisp.pl?gene=ATP5MF-PTCD1"
"HAUS1","HAUS Augmin Like Complex Subunit 1","Protein Coding","Q96CS2","40","GC18P046104","3.88451194763184","https://www.genecards.org/cgi-bin/carddisp.pl?gene=HAUS1"
"BACC1","BPTF Associated Chromatin Complex Component 1","Protein Coding","Q8IXM2","36","GC17P007014","3.88220071792603","https://www.genecards.org/cgi-bin/carddisp.pl?gene=BACC1"
"KRT73","Keratin 73","Protein Coding","Q86Y46","41","GC12M052607","3.87582778930664","https://www.genecards.org/cgi-bin/carddisp.pl?gene=KRT73"
"FKBP3","FKBP Prolyl Isomerase 3","Protein Coding","Q00688","49","GC14M045115","3.87375378608704","https://www.genecards.org/cgi-bin/carddisp.pl?gene=FKBP3"
"MIR1297","MicroRNA 1297","RNA Gene","","14","GC13M054311","3.857741355896","https://www.genecards.org/cgi-bin/carddisp.pl?gene=MIR1297"
"TAF9","TATA-Box Binding Protein Associated Factor 9","Protein Coding","Q16594","52","GC05M082469","3.85047912597656","https://www.genecards.org/cgi-bin/carddisp.pl?gene=TAF9"
"DCAF16","DDB1 And CUL4 Associated Factor 16","Protein Coding","Q9NXF7","39","GC04M017794","3.84874081611633","https://www.genecards.org/cgi-bin/carddisp.pl?gene=DCAF16"
"WDR41","WD Repeat Domain 41","Protein Coding","Q9HAD4","46","GC05M077425","3.83757042884827","https://www.genecards.org/cgi-bin/carddisp.pl?gene=WDR41"
"MIR1185-1","MicroRNA 1185-1","RNA Gene","","18","GC14P123630","3.8373761177063","https://www.genecards.org/cgi-bin/carddisp.pl?gene=MIR1185-1"
"NKAPL","NFKB Activating Protein Like","Protein Coding","Q5M9Q1","42","GC06P028259","3.83355093002319","https://www.genecards.org/cgi-bin/carddisp.pl?gene=NKAPL"
"RNF34","Ring Finger Protein 34","Protein Coding","Q969K3","48","GC12P121400","3.8309805393219","https://www.genecards.org/cgi-bin/carddisp.pl?gene=RNF34"
"ARSD","Arylsulfatase D","Protein Coding","P51689","48","GC0XM002903","3.83012700080872","https://www.genecards.org/cgi-bin/carddisp.pl?gene=ARSD"
"PXMP2","Peroxisomal Membrane Protein 2","Protein Coding","Q9NR77","47","GC12P132687","3.8270149230957","https://www.genecards.org/cgi-bin/carddisp.pl?gene=PXMP2"
"RTF2","Replication Termination Factor 2","Protein Coding","Q9BY42","41","GC20P060542","3.82223463058472","https://www.genecards.org/cgi-bin/carddisp.pl?gene=RTF2"
"KRT222","Keratin 222","Protein Coding","Q8N1A0","43","GC17M040654","3.81781530380249","https://www.genecards.org/cgi-bin/carddisp.pl?gene=KRT222"
"ERP44","Endoplasmic Reticulum Protein 44","Protein Coding","Q9BS26","52","GC09M099979","3.81773471832275","https://www.genecards.org/cgi-bin/carddisp.pl?gene=ERP44"
"CHST2","Carbohydrate Sulfotransferase 2","Protein Coding","Q9Y4C5","43","GC03P143119","3.81639099121094","https://www.genecards.org/cgi-bin/carddisp.pl?gene=CHST2"
"MIR384","MicroRNA 384","RNA Gene","","14","GC0XM076919","3.81349802017212","https://www.genecards.org/cgi-bin/carddisp.pl?gene=MIR384"
"BTF3L4","Basic Transcription Factor 3 Like 4","Protein Coding","Q96K17","39","GC01P052056","3.80845975875854","https://www.genecards.org/cgi-bin/carddisp.pl?gene=BTF3L4"
"HTR7","5-Hydroxytryptamine Receptor 7","Protein Coding","P34969","58","GC10M090740","3.79756498336792","https://www.genecards.org/cgi-bin/carddisp.pl?gene=HTR7"
"SLFN12","Schlafen Family Member 12","Protein Coding","Q8IYM2","41","GC17M104416","3.79754424095154","https://www.genecards.org/cgi-bin/carddisp.pl?gene=SLFN12"
"ANP32B","Acidic Nuclear Phosphoprotein 32 Family Member B","Protein Coding","Q92688","49","GC09P097983","3.79560232162476","https://www.genecards.org/cgi-bin/carddisp.pl?gene=ANP32B"
"MIR4508","MicroRNA 4508","RNA Gene","","13","GC15M023562","3.79483294487","https://www.genecards.org/cgi-bin/carddisp.pl?gene=MIR4508"
"KRT77","Keratin 77","Protein Coding","Q7Z794","44","GC12M052689","3.78537559509277","https://www.genecards.org/cgi-bin/carddisp.pl?gene=KRT77"
"PHC1","Polyhomeotic Homolog 1","Protein Coding","P78364","51","GC12P008913","3.78132271766663","https://www.genecards.org/cgi-bin/carddisp.pl?gene=PHC1"
"FKBP15","FKBP Prolyl Isomerase Family Member 15","Protein Coding","Q5T1M5","45","GC09M113161","3.77888870239258","https://www.genecards.org/cgi-bin/carddisp.pl?gene=FKBP15"
"CENPK","Centromere Protein K","Protein Coding","Q9BS16","42","GC05M065571","3.76419591903687","https://www.genecards.org/cgi-bin/carddisp.pl?gene=CENPK"
"UBFD1","Ubiquitin Family Domain Containing 1","Protein Coding","O14562","39","GC16P023557","3.75876641273499","https://www.genecards.org/cgi-bin/carddisp.pl?gene=UBFD1"
"STX17","Syntaxin 17","Protein Coding","P56962","48","GC09P099906","3.75475025177002","https://www.genecards.org/cgi-bin/carddisp.pl?gene=STX17"
"ACBD6","Acyl-CoA Binding Domain Containing 6","Protein Coding","Q9BR61","47","GC01M187385","3.75169610977173","https://www.genecards.org/cgi-bin/carddisp.pl?gene=ACBD6"
"TMSB15A","Thymosin Beta 15A","Protein Coding","P0CG34","37","GC0XM102515","3.74682116508484","https://www.genecards.org/cgi-bin/carddisp.pl?gene=TMSB15A"
"AZU1","Azurocidin 1","Protein Coding","P20160","52","GC19P000825","3.73543787002563","https://www.genecards.org/cgi-bin/carddisp.pl?gene=AZU1"
"MIR3189","MicroRNA 3189","RNA Gene","","15","GC19P018386","3.7301549911499","https://www.genecards.org/cgi-bin/carddisp.pl?gene=MIR3189"
"SLC38A3","Solute Carrier Family 38 Member 3","Protein Coding","Q99624","51","GC03P069285","3.72960925102234","https://www.genecards.org/cgi-bin/carddisp.pl?gene=SLC38A3"
"ARHGAP19","Rho GTPase Activating Protein 19","Protein Coding","Q14CB8","42","GC10M097222","3.72236704826355","https://www.genecards.org/cgi-bin/carddisp.pl?gene=ARHGAP19"
"CRTAM","Cytotoxic And Regulatory T Cell Molecule","Protein Coding","O95727","41","GC11P131906","3.71967530250549","https://www.genecards.org/cgi-bin/carddisp.pl?gene=CRTAM"
"TDRD9","Tudor Domain Containing 9","Protein Coding","Q8NDG6","49","GC14P122686","3.7100830078125","https://www.genecards.org/cgi-bin/carddisp.pl?gene=TDRD9"
"MIR4429","MicroRNA 4429","RNA Gene","","20","GC02M011540","3.7071213722229","https://www.genecards.org/cgi-bin/carddisp.pl?gene=MIR4429"
"COX17","Cytochrome C Oxidase Copper Chaperone COX17","Protein Coding","Q14061","47","GC03M119654","3.69191527366638","https://www.genecards.org/cgi-bin/carddisp.pl?gene=COX17"
"GTF3C6","General Transcription Factor IIIC Subunit 6","Protein Coding","Q969F1","41","GC06P110958","3.68496227264404","https://www.genecards.org/cgi-bin/carddisp.pl?gene=GTF3C6"
"C1orf198","Chromosome 1 Open Reading Frame 198","Protein Coding","Q9H425","36","GC01M230837","3.68249797821045","https://www.genecards.org/cgi-bin/carddisp.pl?gene=C1orf198"
"RHBDL2","Rhomboid Like 2","Protein Coding","Q9NX52","44","GC01M038885","3.67930603027344","https://www.genecards.org/cgi-bin/carddisp.pl?gene=RHBDL2"
"MIR4530","MicroRNA 4530","RNA Gene","","14","GC19M116262","3.67833089828491","https://www.genecards.org/cgi-bin/carddisp.pl?gene=MIR4530"
"CASTOR3P","CASTOR Family Member 3, Pseudogene","Pseudogene","Q8NAP1","38","GC07M107557","3.67759442329407","https://www.genecards.org/cgi-bin/carddisp.pl?gene=CASTOR3P"
"ZNG1B","Zn Regulated GTPase Metalloprotein Activator 1B","Protein Coding","Q8IUF1","33","GC02P163370","3.66674995422363","https://www.genecards.org/cgi-bin/carddisp.pl?gene=ZNG1B"
"RTCA","RNA 3''-Terminal Phosphate Cyclase","Protein Coding","O00442","41","GC01P100266","3.66413259506226","https://www.genecards.org/cgi-bin/carddisp.pl?gene=RTCA"
"MIR516A1","MicroRNA 516a-1","RNA Gene","","19","GC19P053756","3.64156579971313","https://www.genecards.org/cgi-bin/carddisp.pl?gene=MIR516A1"
"MTMR14","Myotubularin Related Protein 14","Protein Coding","Q8NCE2","54","GC03P009649","3.63598203659058","https://www.genecards.org/cgi-bin/carddisp.pl?gene=MTMR14"
"RNU1-4","RNA, U1 Small Nuclear 4","RNA Gene","","15","GC01P016740","3.62867188453674","https://www.genecards.org/cgi-bin/carddisp.pl?gene=RNU1-4"
"LNC-WAL","LncRNA Wnt/Beta-Catenin Associated Regulator","RNA Gene","","12","GC19P173279","3.6268458366394","https://www.genecards.org/cgi-bin/carddisp.pl?gene=LNC-WAL"
"DNAJC16","DnaJ Heat Shock Protein Family (Hsp40) Member C16","Protein Coding","Q9Y2G8","41","GC01P015526","3.62607145309448","https://www.genecards.org/cgi-bin/carddisp.pl?gene=DNAJC16"
"RNF138","Ring Finger Protein 138","Protein Coding","Q8WVD3","45","GC18P032091","3.62190914154053","https://www.genecards.org/cgi-bin/carddisp.pl?gene=RNF138"
"POLR2D","RNA Polymerase II Subunit D","Protein Coding","O15514","51","GC02M128869","3.59279823303223","https://www.genecards.org/cgi-bin/carddisp.pl?gene=POLR2D"
"MIR219A2","MicroRNA 219a-2","RNA Gene","","24","GC09M134708","3.57388734817505","https://www.genecards.org/cgi-bin/carddisp.pl?gene=MIR219A2"
"DLK2","Delta Like Non-Canonical Notch Ligand 2","Protein Coding","Q6UY11","45","GC06M043450","3.55142450332642","https://www.genecards.org/cgi-bin/carddisp.pl?gene=DLK2"
"FAIM","Fas Apoptotic Inhibitory Molecule","Protein Coding","Q9NVQ4","46","GC03P138608","3.53465342521667","https://www.genecards.org/cgi-bin/carddisp.pl?gene=FAIM"
"PGGHG","Protein-Glucosylgalactosylhydroxylysine Glucosidase","Protein Coding","Q32M88","48","GC11P024699","3.53377723693848","https://www.genecards.org/cgi-bin/carddisp.pl?gene=PGGHG"
"LRRN4","Leucine Rich Repeat Neuronal 4","Protein Coding","Q8WUT4","42","GC20M011273","3.5218391418457","https://www.genecards.org/cgi-bin/carddisp.pl?gene=LRRN4"
"POLE4","DNA Polymerase Epsilon 4, Accessory Subunit","Protein Coding","Q9NR33","47","GC02P074958","3.51144671440125","https://www.genecards.org/cgi-bin/carddisp.pl?gene=POLE4"
"LYPLA1","Lysophospholipase 1","Protein Coding","O75608","50","GC08M054075","3.49494910240173","https://www.genecards.org/cgi-bin/carddisp.pl?gene=LYPLA1"
"SRPK3","SRSF Protein Kinase 3","Protein Coding","Q9UPE1","51","GC0XP155448","3.48842716217041","https://www.genecards.org/cgi-bin/carddisp.pl?gene=SRPK3"
"MIR941-2","MicroRNA 941-2","RNA Gene","","17","GC20P070531","3.48797988891602","https://www.genecards.org/cgi-bin/carddisp.pl?gene=MIR941-2"
"MIR3144","MicroRNA 3144","RNA Gene","","18","GC06P120015","3.48608446121216","https://www.genecards.org/cgi-bin/carddisp.pl?gene=MIR3144"
"TTC12","Tetratricopeptide Repeat Domain 12","Protein Coding","Q9H892","49","GC11P113314","3.46403050422668","https://www.genecards.org/cgi-bin/carddisp.pl?gene=TTC12"
"MIR1269A","MicroRNA 1269a","RNA Gene","","14","GC04P066276","3.45041179656982","https://www.genecards.org/cgi-bin/carddisp.pl?gene=MIR1269A"
"MIR4319","MicroRNA 4319","RNA Gene","","13","GC18M044970","3.42420172691345","https://www.genecards.org/cgi-bin/carddisp.pl?gene=MIR4319"
"HBG2","Hemoglobin Subunit Gamma 2","Protein Coding","P69892","55","GC11M016720","3.42208075523376","https://www.genecards.org/cgi-bin/carddisp.pl?gene=HBG2"
"PADI1","Peptidyl Arginine Deiminase 1","Protein Coding","Q9ULC6","49","GC01P017205","3.41289663314819","https://www.genecards.org/cgi-bin/carddisp.pl?gene=PADI1"
"NUTF2","Nuclear Transport Factor 2","Protein Coding","P61970","50","GC16P067846","3.41005444526672","https://www.genecards.org/cgi-bin/carddisp.pl?gene=NUTF2"
"LIPH","Lipase H","Protein Coding","Q8WWY8","50","GC03M185506","3.38838863372803","https://www.genecards.org/cgi-bin/carddisp.pl?gene=LIPH"
"MIR3960","MicroRNA 3960","RNA Gene","","15","GC09P160873","3.3858335018158","https://www.genecards.org/cgi-bin/carddisp.pl?gene=MIR3960"
"PHAX","Phosphorylated Adaptor For RNA Export","Protein Coding","Q9H814","45","GC05P126600","3.38524556159973","https://www.genecards.org/cgi-bin/carddisp.pl?gene=PHAX"
"ECH1","Enoyl-CoA Hydratase 1","Protein Coding","Q13011","51","GC19M038815","3.38010478019714","https://www.genecards.org/cgi-bin/carddisp.pl?gene=ECH1"
"PPP4R2","Protein Phosphatase 4 Regulatory Subunit 2","Protein Coding","Q9NY27","42","GC03P072996","3.37905931472778","https://www.genecards.org/cgi-bin/carddisp.pl?gene=PPP4R2"
"MIR3200","MicroRNA 3200","RNA Gene","","24","GC22P030731","3.37675213813782","https://www.genecards.org/cgi-bin/carddisp.pl?gene=MIR3200"
"TPGS1","Tubulin Polyglutamylase Complex Subunit 1","Protein Coding","Q6ZTW0","38","GC19P170469","3.36737155914307","https://www.genecards.org/cgi-bin/carddisp.pl?gene=TPGS1"
"CIAO2B","Cytosolic Iron-Sulfur Assembly Component 2B","Protein Coding","Q9Y3D0","44","GC16M076470","3.36417293548584","https://www.genecards.org/cgi-bin/carddisp.pl?gene=CIAO2B"
"ELOVL2-AS1","ELOVL2 Antisense RNA 1","RNA Gene","","16","GC06P020928","3.36281967163086","https://www.genecards.org/cgi-bin/carddisp.pl?gene=ELOVL2-AS1"
"MIR941-1","MicroRNA 941-1","RNA Gene","","17","GC20P070530","3.36240434646606","https://www.genecards.org/cgi-bin/carddisp.pl?gene=MIR941-1"
"KCTD9","Potassium Channel Tetramerization Domain Containing 9","Protein Coding","Q7L273","46","GC08M025427","3.36041212081909","https://www.genecards.org/cgi-bin/carddisp.pl?gene=KCTD9"
"LRRC57","Leucine Rich Repeat Containing 57","Protein Coding","Q8N9N7","38","GC15M169639","3.33677768707275","https://www.genecards.org/cgi-bin/carddisp.pl?gene=LRRC57"
"MIR1299","MicroRNA 1299","RNA Gene","","18","GC09M040929","3.33294367790222","https://www.genecards.org/cgi-bin/carddisp.pl?gene=MIR1299"
"MIR519A1","MicroRNA 519a-1","RNA Gene","","19","GC19P053752","3.33062863349915","https://www.genecards.org/cgi-bin/carddisp.pl?gene=MIR519A1"
"TXNDC17","Thioredoxin Domain Containing 17","Protein Coding","Q9BRA2","46","GC17P006640","3.30888032913208","https://www.genecards.org/cgi-bin/carddisp.pl?gene=TXNDC17"
"MIR512-2","MicroRNA 512-2","RNA Gene","","17","GC19P172203","3.2974591255188","https://www.genecards.org/cgi-bin/carddisp.pl?gene=MIR512-2"
"MIR646","MicroRNA 646","RNA Gene","","14","GC20P060308","3.29169178009033","https://www.genecards.org/cgi-bin/carddisp.pl?gene=MIR646"
"MIR941-4","MicroRNA 941-4","RNA Gene","","17","GC20P070529","3.28901481628418","https://www.genecards.org/cgi-bin/carddisp.pl?gene=MIR941-4"
"APLP1","Amyloid Beta Precursor Like Protein 1","Protein Coding","P51693","54","GC19P171536","3.28474903106689","https://www.genecards.org/cgi-bin/carddisp.pl?gene=APLP1"
"UBLCP1","Ubiquitin Like Domain Containing CTD Phosphatase 1","Protein Coding","Q8WVY7","41","GC05P159263","3.27915120124817","https://www.genecards.org/cgi-bin/carddisp.pl?gene=UBLCP1"
"HMGN3","High Mobility Group Nucleosomal Binding Domain 3","Protein Coding","Q15651","41","GC06M115570","3.25920438766479","https://www.genecards.org/cgi-bin/carddisp.pl?gene=HMGN3"
"LINC01119","Long Intergenic Non-Protein Coding RNA 1119","RNA Gene","","19","GC02P046789","3.2584593296051","https://www.genecards.org/cgi-bin/carddisp.pl?gene=LINC01119"
"NIT2","Nitrilase Family Member 2","Protein Coding","Q9NQR4","46","GC03P100334","3.25529313087463","https://www.genecards.org/cgi-bin/carddisp.pl?gene=NIT2"
"PRRT3-AS1","PRRT3 Antisense RNA 1","RNA Gene","","17","GC03P009947","3.24844694137573","https://www.genecards.org/cgi-bin/carddisp.pl?gene=PRRT3-AS1"
"KMO","Kynurenine 3-Monooxygenase","Protein Coding","O15229","57","GC01P241532","3.24500012397766","https://www.genecards.org/cgi-bin/carddisp.pl?gene=KMO"
"ACTR6","Actin Related Protein 6","Protein Coding","Q9GZN1","44","GC12P100360","3.24217343330383","https://www.genecards.org/cgi-bin/carddisp.pl?gene=ACTR6"
"SEPHS2","Selenophosphate Synthetase 2","Protein Coding","Q99611","45","GC16M056451","3.23402452468872","https://www.genecards.org/cgi-bin/carddisp.pl?gene=SEPHS2"
"MIR934","MicroRNA 934","RNA Gene","","16","GC0XP136550","3.23186063766479","https://www.genecards.org/cgi-bin/carddisp.pl?gene=MIR934"
"MYH4","Myosin Heavy Chain 4","Protein Coding","Q9Y623","51","GC17M010443","3.23054075241089","https://www.genecards.org/cgi-bin/carddisp.pl?gene=MYH4"
"MIR3130-1","MicroRNA 3130-1","RNA Gene","","13","GC02M206783","3.22554063796997","https://www.genecards.org/cgi-bin/carddisp.pl?gene=MIR3130-1"
"PGM5P3-AS1","PGM5P3 Antisense RNA 1","RNA Gene","","12","GC09P000421","3.20665979385376","https://www.genecards.org/cgi-bin/carddisp.pl?gene=PGM5P3-AS1"
"SLC6A11","Solute Carrier Family 6 Member 11","Protein Coding","P48066","52","GC03P030210","3.20630645751953","https://www.genecards.org/cgi-bin/carddisp.pl?gene=SLC6A11"
"COA3","Cytochrome C Oxidase Assembly Factor 3","Protein Coding","Q9Y2R0","47","GC17M042795","3.19708180427551","https://www.genecards.org/cgi-bin/carddisp.pl?gene=COA3"
"MIR761","MicroRNA 761","RNA Gene","","13","GC01M051836","3.18490433692932","https://www.genecards.org/cgi-bin/carddisp.pl?gene=MIR761"
"MIR3130-2","MicroRNA 3130-2","RNA Gene","","16","GC02P206783","3.17967224121094","https://www.genecards.org/cgi-bin/carddisp.pl?gene=MIR3130-2"
"R3HCC1L","R3H Domain And Coiled-Coil Containing 1 Like","Protein Coding","Q7Z5L2","41","GC10P134625","3.17802429199219","https://www.genecards.org/cgi-bin/carddisp.pl?gene=R3HCC1L"
"NDUFB10","NADH:Ubiquinone Oxidoreductase Subunit B10","Protein Coding","O96000","54","GC16P135932","3.17474222183228","https://www.genecards.org/cgi-bin/carddisp.pl?gene=NDUFB10"
"NT5DC1","5''-Nucleotidase Domain Containing 1","Protein Coding","Q5TFE4","44","GC06P116100","3.16729068756104","https://www.genecards.org/cgi-bin/carddisp.pl?gene=NT5DC1"
"ROCR","Regulator Of Chondrogenesis RNA","RNA Gene","","14","GC17M107070","3.16431045532227","https://www.genecards.org/cgi-bin/carddisp.pl?gene=ROCR"
"SERF1A","Small EDRK-Rich Factor 1A","Protein Coding","O75920","39","GC05P070900","3.15657138824463","https://www.genecards.org/cgi-bin/carddisp.pl?gene=SERF1A"
"STK16","Serine/Threonine Kinase 16","Protein Coding","O75716","52","GC02P220844","3.15138578414917","https://www.genecards.org/cgi-bin/carddisp.pl?gene=STK16"
"COMMD9","COMM Domain Containing 9","Protein Coding","Q9P000","42","GC11M036293","3.14989376068115","https://www.genecards.org/cgi-bin/carddisp.pl?gene=COMMD9"
"MIR4767","MicroRNA 4767","RNA Gene","","21","GC0XP007180","3.1415228843689","https://www.genecards.org/cgi-bin/carddisp.pl?gene=MIR4767"
"MIR6838","MicroRNA 6838","RNA Gene","","10","GC07M044073","3.1238579750061","https://www.genecards.org/cgi-bin/carddisp.pl?gene=MIR6838"
"HTATSF1","HIV-1 Tat Specific Factor 1","Protein Coding","O43719","48","GC0XP136547","3.1234917640686","https://www.genecards.org/cgi-bin/carddisp.pl?gene=HTATSF1"
"TRPS1-AS1","TRPS1 Antisense RNA 1","RNA Gene","","14","GC08P115510","3.12298560142517","https://www.genecards.org/cgi-bin/carddisp.pl?gene=TRPS1-AS1"
"SLC35A5","Solute Carrier Family 35 Member A5","Protein Coding","Q9BS91","42","GC03P112561","3.11983966827393","https://www.genecards.org/cgi-bin/carddisp.pl?gene=SLC35A5"
"NOMO3","NODAL Modulator 3","Protein Coding","P69849","41","GC16P016232","3.10698437690735","https://www.genecards.org/cgi-bin/carddisp.pl?gene=NOMO3"
"MIR5702","MicroRNA 5702","RNA Gene","","13","GC02M226658","3.0968713760376","https://www.genecards.org/cgi-bin/carddisp.pl?gene=MIR5702"
"MIR3150B","MicroRNA 3150b","RNA Gene","","15","GC08M095072","3.06550312042236","https://www.genecards.org/cgi-bin/carddisp.pl?gene=MIR3150B"
"GABRB3","Gamma-Aminobutyric Acid Type A Receptor Subunit Beta3","Protein Coding","P28472","60","GC15M026543","3.05601620674133","https://www.genecards.org/cgi-bin/carddisp.pl?gene=GABRB3"
"MIR4725","MicroRNA 4725","RNA Gene","","13","GC17P031575","3.04180932044983","https://www.genecards.org/cgi-bin/carddisp.pl?gene=MIR4725"
"MIR3163","MicroRNA 3163","RNA Gene","","13","GC11M066934","3.02460646629333","https://www.genecards.org/cgi-bin/carddisp.pl?gene=MIR3163"
"lnc-ODF3B-2","","RNA Gene","","5","GC22M050537","2.99401497840881","https://www.genecards.org/cgi-bin/carddisp.pl?gene=lnc-ODF3B-2"
"LINC00921","Long Intergenic Non-Protein Coding RNA 921","RNA Gene","","16","GC16P135987","2.98356509208679","https://www.genecards.org/cgi-bin/carddisp.pl?gene=LINC00921"
"MIR1268A","MicroRNA 1268a","RNA Gene","","14","GC15M022225","2.98157739639282","https://www.genecards.org/cgi-bin/carddisp.pl?gene=MIR1268A"
"MIR3648-1","MicroRNA 3648-1","RNA Gene","","12","GC21P022318","2.96704506874084","https://www.genecards.org/cgi-bin/carddisp.pl?gene=MIR3648-1"
"MIR517B","MicroRNA 517b","RNA Gene","","18","GC19P053721","2.96623730659485","https://www.genecards.org/cgi-bin/carddisp.pl?gene=MIR517B"
"LINC02037","Long Intergenic Non-Protein Coding RNA 2037","RNA Gene","","13","GC03P194250","2.94284391403198","https://www.genecards.org/cgi-bin/carddisp.pl?gene=LINC02037"
"PTGES3L-AARSD1","PTGES3L-AARSD1 Readthrough","Protein Coding","Q9BTE6","36","GC17M042950","2.93151640892029","https://www.genecards.org/cgi-bin/carddisp.pl?gene=PTGES3L-AARSD1"
"IGKV2D-40","Immunoglobulin Kappa Variable 2D-40","Protein Coding","P01614","18","GC02P102191","2.92982339859009","https://www.genecards.org/cgi-bin/carddisp.pl?gene=IGKV2D-40"
"DESI1","Desumoylating Isopeptidase 1","Protein Coding","Q6ICB0","40","GC22M041598","2.92552328109741","https://www.genecards.org/cgi-bin/carddisp.pl?gene=DESI1"
"SSU72","SSU72 Homolog, RNA Polymerase II CTD Phosphatase","Protein Coding","Q9NP77","48","GC01M001541","2.92436051368713","https://www.genecards.org/cgi-bin/carddisp.pl?gene=SSU72"
"SAMD1","Sterile Alpha Motif Domain Containing 1","Protein Coding","Q6SPF0","35","GC19M014087","2.90339016914368","https://www.genecards.org/cgi-bin/carddisp.pl?gene=SAMD1"
"ENSG00000206028","Novel Transcript","RNA Gene","","11","GC22M026667","2.87602472305298","https://www.genecards.org/cgi-bin/carddisp.pl?gene=ENSG00000206028"
"TSNAX","Translin Associated Factor X","Protein Coding","Q99598","48","GC01P234448","2.85715961456299","https://www.genecards.org/cgi-bin/carddisp.pl?gene=TSNAX"
"PLPPR1","Phospholipid Phosphatase Related 1","Protein Coding","Q8TBJ4","42","GC09P159991","2.8448474407196","https://www.genecards.org/cgi-bin/carddisp.pl?gene=PLPPR1"
"FAM184B","Family With Sequence Similarity 184 Member B","Protein Coding","Q9ULE4","38","GC04M017634","2.84084987640381","https://www.genecards.org/cgi-bin/carddisp.pl?gene=FAM184B"
"MIR4450","MicroRNA 4450","RNA Gene","","14","GC04P076573","2.81040859222412","https://www.genecards.org/cgi-bin/carddisp.pl?gene=MIR4450"
"ANKRD23","Ankyrin Repeat Domain 23","Protein Coding","Q86SG2","41","GC02M102960","2.80228018760681","https://www.genecards.org/cgi-bin/carddisp.pl?gene=ANKRD23"
"MIR4708","MicroRNA 4708","RNA Gene","","20","GC14M065335","2.80113983154297","https://www.genecards.org/cgi-bin/carddisp.pl?gene=MIR4708"
"ARPC4-TTLL3","ARPC4-TTLL3 Readthrough","Protein Coding","","32","GC03P030159","2.78857946395874","https://www.genecards.org/cgi-bin/carddisp.pl?gene=ARPC4-TTLL3"
"MIR550A2","MicroRNA 550a-2","RNA Gene","","16","GC07P038151","2.78616285324097","https://www.genecards.org/cgi-bin/carddisp.pl?gene=MIR550A2"
"MIR1256","MicroRNA 1256","RNA Gene","","16","GC01M020988","2.7615647315979","https://www.genecards.org/cgi-bin/carddisp.pl?gene=MIR1256"
"ARNILA","Androgen Receptor Negatively Regulated LncRNA","RNA Gene","","11","GC02M025370","2.74265170097351","https://www.genecards.org/cgi-bin/carddisp.pl?gene=ARNILA"
"MIR4487","MicroRNA 4487","RNA Gene","","15","GC11P047400","2.72858381271362","https://www.genecards.org/cgi-bin/carddisp.pl?gene=MIR4487"
"TRAJ56","T Cell Receptor Alpha Joining 56","Protein Coding","","11","GC14P065275","2.72640490531921","https://www.genecards.org/cgi-bin/carddisp.pl?gene=TRAJ56"
"MIR4723","MicroRNA 4723","RNA Gene","","14","GC17P028360","2.72584676742554","https://www.genecards.org/cgi-bin/carddisp.pl?gene=MIR4723"
"MIR4737","MicroRNA 4737","RNA Gene","","16","GC17M105275","2.72060322761536","https://www.genecards.org/cgi-bin/carddisp.pl?gene=MIR4737"
"MIR4505","MicroRNA 4505","RNA Gene","","17","GC14P073758","2.70491456985474","https://www.genecards.org/cgi-bin/carddisp.pl?gene=MIR4505"
"UBXN2B","UBX Domain Protein 2B","Protein Coding","Q14CS0","45","GC08P058411","2.70319318771362","https://www.genecards.org/cgi-bin/carddisp.pl?gene=UBXN2B"
"MIR513C","MicroRNA 513c","RNA Gene","","19","GC0XM147189","2.69504070281982","https://www.genecards.org/cgi-bin/carddisp.pl?gene=MIR513C"
"MIR941-3","MicroRNA 941-3","RNA Gene","","13","GC20P070532","2.69397139549255","https://www.genecards.org/cgi-bin/carddisp.pl?gene=MIR941-3"
"MIR6720","MicroRNA 6720","RNA Gene","","14","GC06M001390","2.69238042831421","https://www.genecards.org/cgi-bin/carddisp.pl?gene=MIR6720"
"MIR6733","MicroRNA 6733","RNA Gene","","10","GC01M043171","2.69128465652466","https://www.genecards.org/cgi-bin/carddisp.pl?gene=MIR6733"
"MIR8072","MicroRNA 8072","RNA Gene","","11","GC12M123364","2.68558526039124","https://www.genecards.org/cgi-bin/carddisp.pl?gene=MIR8072"
"CLUL1","Clusterin Like 1","Protein Coding","Q15846","45","GC18P000635","2.68441820144653","https://www.genecards.org/cgi-bin/carddisp.pl?gene=CLUL1"
"MIR550A3","MicroRNA 550a-3","RNA Gene","","15","GC07M031862","2.6781804561615","https://www.genecards.org/cgi-bin/carddisp.pl?gene=MIR550A3"
"MIR3143","MicroRNA 3143","RNA Gene","","17","GC06P199368","2.66706562042236","https://www.genecards.org/cgi-bin/carddisp.pl?gene=MIR3143"
"piR-32051","","RNA Gene","","6","GC04P035535","2.66066884994507","https://www.genecards.org/cgi-bin/carddisp.pl?gene=piR-32051"
"ASB10","Ankyrin Repeat And SOCS Box Containing 10","Protein Coding","Q8WXI3","46","GC07M151175","2.6452202796936","https://www.genecards.org/cgi-bin/carddisp.pl?gene=ASB10"
"ERVK-21","Endogenous Retrovirus Group K Member 21, Envelope","Protein Coding","P61565","15","GC12U901595","2.63800191879272","https://www.genecards.org/cgi-bin/carddisp.pl?gene=ERVK-21"
"OTUD6B","OTU Deubiquitinase 6B","Protein Coding","Q8N6M0","51","GC08P091070","2.62449741363525","https://www.genecards.org/cgi-bin/carddisp.pl?gene=OTUD6B"
"SPIC","Spi-C Transcription Factor","Protein Coding","Q8N5J4","40","GC12P101475","2.61720752716064","https://www.genecards.org/cgi-bin/carddisp.pl?gene=SPIC"
"IFFO2","Intermediate Filament Family Orphan 2","Protein Coding","Q5TF58","35","GC01M018904","2.59915971755981","https://www.genecards.org/cgi-bin/carddisp.pl?gene=IFFO2"
"COMMD7","COMM Domain Containing 7","Protein Coding","Q86VX2","40","GC20M032702","2.59764337539673","https://www.genecards.org/cgi-bin/carddisp.pl?gene=COMMD7"
"MIR376A2","MicroRNA 376a-2","RNA Gene","","14","GC14P123645","2.5920832157135","https://www.genecards.org/cgi-bin/carddisp.pl?gene=MIR376A2"
"MIR1185-2","MicroRNA 1185-2","RNA Gene","","18","GC14P123631","2.58719944953918","https://www.genecards.org/cgi-bin/carddisp.pl?gene=MIR1185-2"
"MIR5787","MicroRNA 5787","RNA Gene","","11","GC03P050227","2.56628942489624","https://www.genecards.org/cgi-bin/carddisp.pl?gene=MIR5787"
"MIR7706","MicroRNA 7706","RNA Gene","","16","GC15P085380","2.53402805328369","https://www.genecards.org/cgi-bin/carddisp.pl?gene=MIR7706"
"MIR890","MicroRNA 890","RNA Gene","","12","GC0XM145994","2.52328944206238","https://www.genecards.org/cgi-bin/carddisp.pl?gene=MIR890"
"MIR941-5","MicroRNA 941-5","RNA Gene","","12","GC20P063919","2.51774668693542","https://www.genecards.org/cgi-bin/carddisp.pl?gene=MIR941-5"
"UBXN8","UBX Domain Protein 8","Protein Coding","O00124","40","GC08P032922","2.51363492012024","https://www.genecards.org/cgi-bin/carddisp.pl?gene=UBXN8"
"MIR2682","MicroRNA 2682","RNA Gene","","15","GC01M098045","2.50292444229126","https://www.genecards.org/cgi-bin/carddisp.pl?gene=MIR2682"
"BCRP1","BCR Pseudogene 1","Pseudogene","","11","GC22M090907","2.50234031677246","https://www.genecards.org/cgi-bin/carddisp.pl?gene=BCRP1"
"OC90","Otoconin 90","Protein Coding","Q02509","42","GC08M132024","2.50104904174805","https://www.genecards.org/cgi-bin/carddisp.pl?gene=OC90"
"SMR3B","Submaxillary Gland Androgen Regulated Protein 3B","Protein Coding","P02814","37","GC04P070370","2.49180960655212","https://www.genecards.org/cgi-bin/carddisp.pl?gene=SMR3B"
"IFT57","Intraflagellar Transport 57","Protein Coding","Q9NWB7","50","GC03M108160","2.46866989135742","https://www.genecards.org/cgi-bin/carddisp.pl?gene=IFT57"
"MIR5195","MicroRNA 5195","RNA Gene","","11","GC14M126773","2.45951533317566","https://www.genecards.org/cgi-bin/carddisp.pl?gene=MIR5195"
"MIR4727","MicroRNA 4727","RNA Gene","","13","GC17P038825","2.4579336643219","https://www.genecards.org/cgi-bin/carddisp.pl?gene=MIR4727"
"MIR3610","MicroRNA 3610","RNA Gene","","20","GC08M116874","2.45772790908813","https://www.genecards.org/cgi-bin/carddisp.pl?gene=MIR3610"
"ST13P4","ST13, Hsp70 Interacting Protein Pseudogene 4","Pseudogene","Q8IZP2","20","GC13P050172","2.44776129722595","https://www.genecards.org/cgi-bin/carddisp.pl?gene=ST13P4"
"SYNPR-AS1","SYNPR Antisense RNA 1","RNA Gene","","16","GC03M063282","2.43380212783813","https://www.genecards.org/cgi-bin/carddisp.pl?gene=SYNPR-AS1"
"SLC17A6-DT","SLC17A6 Divergent Transcript","RNA Gene","","14","GC11M022284","2.40115213394165","https://www.genecards.org/cgi-bin/carddisp.pl?gene=SLC17A6-DT"
"piR-32745","","RNA Gene","","5","GC21P034795","2.40078401565552","https://www.genecards.org/cgi-bin/carddisp.pl?gene=piR-32745"
"BORA","BORA Aurora Kinase A Activator","Protein Coding","Q6PGQ7","44","GC13P072727","2.39681673049927","https://www.genecards.org/cgi-bin/carddisp.pl?gene=BORA"
"MIR3179-3","MicroRNA 3179-3","RNA Gene","","15","GC16M055811","2.36186599731445","https://www.genecards.org/cgi-bin/carddisp.pl?gene=MIR3179-3"
"IGLV6-57","Immunoglobulin Lambda Variable 6-57","Protein Coding","P01721","27","GC22P022195","2.35165548324585","https://www.genecards.org/cgi-bin/carddisp.pl?gene=IGLV6-57"
"BTG3-AS1","BTG3 Antisense RNA 1","RNA Gene","","11","GC21P022543","2.32409167289734","https://www.genecards.org/cgi-bin/carddisp.pl?gene=BTG3-AS1"
"MIR1269B","MicroRNA 1269b","RNA Gene","","12","GC17M012917","2.31948900222778","https://www.genecards.org/cgi-bin/carddisp.pl?gene=MIR1269B"
"LINC01096","Long Intergenic Non-Protein Coding RNA 1096","RNA Gene","","16","GC04M013548","2.31397891044617","https://www.genecards.org/cgi-bin/carddisp.pl?gene=LINC01096"
"MIR3179-4","MicroRNA 3179-4","RNA Gene","","11","GC16M018494","2.31168103218079","https://www.genecards.org/cgi-bin/carddisp.pl?gene=MIR3179-4"
"LINC00571","Long Intergenic Non-Protein Coding RNA 571","RNA Gene","","16","GC13M044042","2.26589488983154","https://www.genecards.org/cgi-bin/carddisp.pl?gene=LINC00571"
"MIR3176","MicroRNA 3176","RNA Gene","","15","GC16P000543","2.26091146469116","https://www.genecards.org/cgi-bin/carddisp.pl?gene=MIR3176"
"CFAP36","Cilia And Flagella Associated Protein 36","Protein Coding","Q96G28","43","GC02P055519","2.25156760215759","https://www.genecards.org/cgi-bin/carddisp.pl?gene=CFAP36"
"LTAP1","Lipid Transport Auxiliary Protein 1","Protein Coding","Q9BWL3","37","GC01M154206","2.25092029571533","https://www.genecards.org/cgi-bin/carddisp.pl?gene=LTAP1"
"MIR617","MicroRNA 617","RNA Gene","","14","GC12M080832","2.24768090248108","https://www.genecards.org/cgi-bin/carddisp.pl?gene=MIR617"
"MIR4317","MicroRNA 4317","RNA Gene","","12","GC18M006374","2.23843502998352","https://www.genecards.org/cgi-bin/carddisp.pl?gene=MIR4317"
"IMPACT","Impact RWD Domain Protein","Protein Coding","Q9P2X3","42","GC18P024426","2.2332706451416","https://www.genecards.org/cgi-bin/carddisp.pl?gene=IMPACT"
"MIR378F","MicroRNA 378f","RNA Gene","","13","GC01P023929","2.22326231002808","https://www.genecards.org/cgi-bin/carddisp.pl?gene=MIR378F"
"piR-39894","","RNA Gene","","4","GC22M091863","2.20371103286743","https://www.genecards.org/cgi-bin/carddisp.pl?gene=piR-39894"
"piR-43607","","RNA Gene","","2","GC03M030281","2.20371103286743","https://www.genecards.org/cgi-bin/carddisp.pl?gene=piR-43607"
"MIR3937","MicroRNA 3937","RNA Gene","","15","GC0XP039661","2.19056153297424","https://www.genecards.org/cgi-bin/carddisp.pl?gene=MIR3937"
"PPP3CB-AS1","PPP3CB Antisense RNA 1","RNA Gene","","14","GC10P073495","2.181321144104","https://www.genecards.org/cgi-bin/carddisp.pl?gene=PPP3CB-AS1"
"MIR4291","MicroRNA 4291","RNA Gene","","12","GC09P093819","2.17132329940796","https://www.genecards.org/cgi-bin/carddisp.pl?gene=MIR4291"
"MIR4311","MicroRNA 4311","RNA Gene","","13","GC15P210895","2.16000699996948","https://www.genecards.org/cgi-bin/carddisp.pl?gene=MIR4311"
"MIR3179-2","MicroRNA 3179-2","RNA Gene","","17","GC16P136265","2.13556003570557","https://www.genecards.org/cgi-bin/carddisp.pl?gene=MIR3179-2"
"MIR3179-1","MicroRNA 3179-1","RNA Gene","","15","GC16P136205","2.13428258895874","https://www.genecards.org/cgi-bin/carddisp.pl?gene=MIR3179-1"
"MIR1267","MicroRNA 1267","RNA Gene","","14","GC13M107531","2.11775732040405","https://www.genecards.org/cgi-bin/carddisp.pl?gene=MIR1267"
"MIR523","MicroRNA 523","RNA Gene","","17","GC19P053698","2.11063146591187","https://www.genecards.org/cgi-bin/carddisp.pl?gene=MIR523"
"MIR6791","MicroRNA 6791","RNA Gene","","11","GC19M006736","2.10476899147034","https://www.genecards.org/cgi-bin/carddisp.pl?gene=MIR6791"
"MIR371B","MicroRNA 371b","RNA Gene","","13","GC19M053787","2.08869338035583","https://www.genecards.org/cgi-bin/carddisp.pl?gene=MIR371B"
"MIR4451","MicroRNA 4451","RNA Gene","","16","GC04P085722","2.06948828697205","https://www.genecards.org/cgi-bin/carddisp.pl?gene=MIR4451"
"DCAF4L1","DDB1 And CUL4 Associated Factor 4 Like 1","Protein Coding","Q3SXM0","35","GC04P041983","2.02804613113403","https://www.genecards.org/cgi-bin/carddisp.pl?gene=DCAF4L1"
"MIR3605","MicroRNA 3605","RNA Gene","","20","GC01M033332","2.00910615921021","https://www.genecards.org/cgi-bin/carddisp.pl?gene=MIR3605"
"MIR3201","MicroRNA 3201","RNA Gene","","11","GC22P048274","1.98463082313538","https://www.genecards.org/cgi-bin/carddisp.pl?gene=MIR3201"
"MIR6080","MicroRNA 6080","RNA Gene","","12","GC17P064780","1.9729255437851","https://www.genecards.org/cgi-bin/carddisp.pl?gene=MIR6080"
"MIR606","MicroRNA 606","RNA Gene","","20","GC10P077090","1.97055339813232","https://www.genecards.org/cgi-bin/carddisp.pl?gene=MIR606"
"MIR6875","MicroRNA 6875","RNA Gene","","10","GC07P100868","1.92865478992462","https://www.genecards.org/cgi-bin/carddisp.pl?gene=MIR6875"
"MIR3167","MicroRNA 3167","RNA Gene","","14","GC11M126988","1.92789340019226","https://www.genecards.org/cgi-bin/carddisp.pl?gene=MIR3167"
"MIR2115","MicroRNA 2115","RNA Gene","","20","GC03M048316","1.9220939874649","https://www.genecards.org/cgi-bin/carddisp.pl?gene=MIR2115"
"MIR3135B","MicroRNA 3135b","RNA Gene","","17","GC06M032749","1.87054538726807","https://www.genecards.org/cgi-bin/carddisp.pl?gene=MIR3135B"
"MIR4512","MicroRNA 4512","RNA Gene","","13","GC15M066496","1.8601199388504","https://www.genecards.org/cgi-bin/carddisp.pl?gene=MIR4512"
"MIR3617","MicroRNA 3617","RNA Gene","","12","GC20M045705","1.78206753730774","https://www.genecards.org/cgi-bin/carddisp.pl?gene=MIR3617"
"piR-32105","","RNA Gene","","2","GC17P176448","1.68078601360321","https://www.genecards.org/cgi-bin/carddisp.pl?gene=piR-32105"
"MIR5187","MicroRNA 5187","RNA Gene","","18","GC01P161227","1.65031576156616","https://www.genecards.org/cgi-bin/carddisp.pl?gene=MIR5187"
"MIR6727","MicroRNA 6727","RNA Gene","","14","GC01M039081","1.60554993152618","https://www.genecards.org/cgi-bin/carddisp.pl?gene=MIR6727"
"LOC101929128","Uncharacterized LOC101929128","RNA Gene","","8","GC08P009188","1.55613160133362","https://www.genecards.org/cgi-bin/carddisp.pl?gene=LOC101929128"
"TRIM51","Tripartite Motif-Containing 51","Protein Coding","Q9BSJ1","33","GC11P055883","1.43912410736084","https://www.genecards.org/cgi-bin/carddisp.pl?gene=TRIM51"
"MIR3681","MicroRNA 3681","RNA Gene","","16","GC02P012199","1.27079129219055","https://www.genecards.org/cgi-bin/carddisp.pl?gene=MIR3681"
"MIR3138","MicroRNA 3138","RNA Gene","","17","GC04M010080","1.07008063793182","https://www.genecards.org/cgi-bin/carddisp.pl?gene=MIR3138"
"piR-58320","","RNA Gene","","2","GC04P186571","0.321010410785675","https://www.genecards.org/cgi-bin/carddisp.pl?gene=piR-58320"
